Gender,Age,SeniorCitizen,Married,NumberofDependents,Number_of_Referrals,TenureinMonths,Offer,PhoneService,AvgMonthlyLongDistanceCharges,MultipleLines,InternetService,InternetType,AvgMonthlyGBDownload,OnlineSecurity,OnlineBackup,DeviceProtectionPlan,PremiumTechSupport,StreamingTV,StreamingMovies,StreamingMusic,UnlimitedData,Contract,PaperlessBilling,PaymentMethod,MonthlyCharge,TotalCharges,TotalRefunds,TotalExtraDataCharges,TotalLongDistanceCharges,SatisfactionScore,ServiceCount,AvgChargePerTenureMonth,CLTV
Female,60,No,Yes,0,6,53,Offer B,Yes,11.35,No,No,No Internet,0,No,No,No,No,No,No,No,No,One Year,Yes,Bank Withdrawal,19.85,1039.45,14.67,0,601.55,3,0,19.612264150943396,4836
Male,46,No,No,0,0,29,Offer C,No,0.0,No,Yes,DSL,8,Yes,No,No,Yes,No,No,No,Yes,One Year,No,Mailed Check,35.6,1072.6,0.0,0,0.0,4,3,36.98620689655172,3898
Male,19,No,Yes,2,6,24,Offer C,Yes,25.84,No,No,No Internet,0,No,No,No,No,No,No,No,No,One Year,Yes,Credit Card,20.8,469.65,0.0,0,620.16,5,0,19.568749999999998,4654
Male,45,No,No,0,0,30,Offer C,Yes,17.26,Yes,Yes,Fiber Optic,19,Yes,No,No,No,Yes,Yes,Yes,Yes,Month-to-Month,Yes,Bank Withdrawal,100.4,2936.25,0.0,0,517.8,3,5,97.875,3778
Male,42,No,Yes,0,1,1,No Offer,Yes,12.04,No,Yes,Cable,5,Yes,No,No,No,Yes,Yes,Yes,Yes,Month-to-Month,Yes,Bank Withdrawal,95.0,95.0,0.0,0,12.04,1,5,95.0,4489
Male,31,No,Yes,3,1,25,No Offer,Yes,23.69,Yes,No,No Internet,0,No,No,No,No,No,No,No,No,Two Year,No,Credit Card,25.5,630.6,44.42,0,592.25,3,0,25.224,5230
Female,74,Yes,Yes,1,9,61,Offer B,Yes,39.31,Yes,Yes,DSL,10,No,No,Yes,No,Yes,No,No,Yes,One Year,Yes,Bank Withdrawal,65.2,3965.05,0.0,0,2397.91,4,3,65.00081967213114,6238
Male,30,No,Yes,2,3,16,Offer D,Yes,27.24,No,No,No Internet,0,No,No,No,No,No,No,No,No,Two Year,No,Credit Card,20.5,290.55,0.0,0,435.84,3,0,18.159375,2856
Male,66,Yes,No,0,0,62,No Offer,Yes,47.8,Yes,Yes,Fiber Optic,8,No,Yes,Yes,Yes,Yes,Yes,Yes,Yes,One Year,Yes,Bank Withdrawal,110.75,7053.35,0.0,0,2963.6,5,7,113.76370967741936,5166
Male,26,No,No,0,0,22,Offer D,Yes,28.42,Yes,Yes,Fiber Optic,73,No,Yes,No,No,Yes,Yes,Yes,Yes,Month-to-Month,Yes,Bank Withdrawal,100.65,2415.95,5.01,0,625.24,5,5,109.81590909090909,4094
Female,26,No,No,0,0,2,Offer E,Yes,41.9,No,Yes,DSL,71,No,No,No,No,No,No,No,No,Month-to-Month,No,Bank Withdrawal,45.55,84.4,0.0,10,83.8,5,0,42.2,4372
Female,44,No,Yes,3,5,13,No Offer,Yes,35.19,Yes,No,No Internet,0,No,No,No,No,No,No,No,No,Two Year,Yes,Bank Withdrawal,25.0,332.5,0.0,0,457.47,4,0,25.576923076923077,4734
Male,62,No,No,2,0,1,No Offer,Yes,15.66,No,Yes,DSL,29,No,No,No,No,No,No,No,Yes,Month-to-Month,No,Bank Withdrawal,44.0,44.0,0.0,0,15.66,5,1,44.0,4020
Female,67,Yes,No,0,0,11,No Offer,Yes,3.62,Yes,Yes,Fiber Optic,22,No,No,No,No,Yes,Yes,Yes,Yes,Month-to-Month,Yes,Bank Withdrawal,95.15,997.65,0.0,0,39.82,2,4,90.69545454545454,4074
Male,67,Yes,Yes,0,2,8,No Offer,Yes,26.99,No,Yes,Fiber Optic,2,No,No,No,No,Yes,No,No,Yes,Month-to-Month,Yes,Credit Card,80.45,583.45,0.0,0,215.92,1,2,72.93125,3443
Male,26,No,No,0,0,1,No Offer,Yes,30.09,No,No,No Internet,0,No,No,No,No,No,No,No,No,Month-to-Month,No,Credit Card,20.45,20.45,0.0,0,30.09,4,0,20.45,4845
Female,58,No,No,0,0,13,Offer D,No,0.0,No,Yes,Cable,13,No,No,Yes,Yes,No,No,No,No,Two Year,No,Credit Card,35.4,450.4,0.0,100,0.0,3,2,34.646153846153844,3239
Female,30,No,No,0,0,57,No Offer,Yes,28.27,Yes,Yes,Fiber Optic,41,Yes,Yes,No,Yes,No,No,No,Yes,Month-to-Month,Yes,Bank Withdrawal,87.55,4884.85,1.83,0,1611.39,3,4,85.69912280701755,4882
Male,30,No,Yes,0,0,66,No Offer,Yes,23.51,Yes,Yes,Fiber Optic,52,Yes,No,Yes,No,Yes,Yes,Yes,Yes,Two Year,Yes,Credit Card,106.05,6981.35,0.0,0,1551.66,2,6,105.7780303030303,5602
Female,46,No,No,1,0,9,No Offer,Yes,42.1,No,Yes,Fiber Optic,16,Yes,No,Yes,Yes,No,Yes,Yes,Yes,Month-to-Month,No,Bank Withdrawal,93.0,870.25,0.0,0,378.9,3,6,96.69444444444444,2267
Male,78,Yes,No,0,0,2,No Offer,Yes,43.66,No,Yes,DSL,25,No,No,No,No,No,No,No,Yes,Month-to-Month,Yes,Bank Withdrawal,44.15,92.65,0.0,0,87.32,2,1,46.325,5655
Female,28,No,No,0,0,29,No Offer,Yes,21.19,No,No,No Internet,0,No,No,No,No,No,No,No,No,One Year,No,Mailed Check,20.35,617.35,0.0,0,614.51,4,0,21.28793103448276,4840
Female,64,No,Yes,0,6,43,No Offer,Yes,21.08,Yes,Yes,Cable,14,Yes,Yes,No,Yes,Yes,Yes,Yes,Yes,Two Year,No,Credit Card,86.45,3574.5,0.0,0,906.44,4,7,83.12790697674419,3110
Male,64,No,Yes,2,8,39,No Offer,Yes,20.49,Yes,No,No Internet,0,No,No,No,No,No,No,No,No,Two Year,No,Credit Card,25.2,987.95,0.0,0,799.11,5,0,25.33205128205128,5453
Female,52,No,No,3,0,19,Offer D,Yes,36.48,No,Yes,DSL,20,Yes,Yes,Yes,No,No,No,No,Yes,Month-to-Month,Yes,Bank Withdrawal,60.6,1297.8,0.0,0,693.12,3,4,68.30526315789473,2463
Male,19,No,Yes,3,8,63,Offer B,Yes,24.5,Yes,No,No Internet,0,No,No,No,No,No,No,No,No,Two Year,No,Credit Card,25.25,1573.05,0.0,0,1543.5,5,0,24.96904761904762,6245
Female,56,No,No,0,0,58,No Offer,Yes,42.33,Yes,Yes,Cable,7,Yes,Yes,Yes,Yes,No,No,No,Yes,One Year,Yes,Credit Card,71.1,4299.2,0.0,0,2455.14,3,5,74.12413793103448,5395
Female,53,No,Yes,3,8,55,Offer B,Yes,38.51,No,No,No Internet,0,No,No,No,No,No,No,No,No,Two Year,No,Credit Card,21.0,1210.3,0.0,0,2118.05,3,0,22.005454545454544,5046
Female,66,Yes,No,0,0,55,No Offer,Yes,37.38,Yes,Yes,Fiber Optic,7,No,No,Yes,No,Yes,Yes,Yes,No,One Year,Yes,Bank Withdrawal,100.0,5509.3,0.0,100,2055.9,3,4,100.16909090909091,5679
Female,52,No,No,1,0,4,No Offer,Yes,32.15,No,No,No Internet,0,No,No,No,No,No,No,No,No,One Year,Yes,Credit Card,20.4,84.75,0.0,0,128.6,3,0,21.1875,5602
Male,63,No,No,0,0,1,No Offer,Yes,13.08,No,No,No Internet,0,No,No,No,No,No,No,No,No,Month-to-Month,No,Credit Card,20.2,20.2,0.0,0,13.08,5,0,20.2,4496
Female,46,No,Yes,0,3,12,No Offer,Yes,25.09,Yes,Yes,Cable,17,Yes,No,Yes,No,Yes,Yes,Yes,Yes,One Year,No,Bank Withdrawal,78.85,876.75,0.0,0,301.08,3,6,73.0625,2495
Male,77,Yes,No,0,0,12,No Offer,No,0.0,No,Yes,DSL,10,No,No,Yes,Yes,No,Yes,No,Yes,Month-to-Month,Yes,Bank Withdrawal,43.65,526.95,0.0,0,0.0,1,4,43.9125,2437
Female,42,No,No,0,0,14,Offer D,Yes,18.74,No,Yes,Cable,20,No,No,Yes,No,No,No,No,Yes,Month-to-Month,No,Bank Withdrawal,75.35,1025.95,0.0,0,262.36,2,2,73.28214285714286,4995
Female,51,No,Yes,3,6,23,Offer D,Yes,48.73,No,Yes,Fiber Optic,75,No,No,Yes,No,No,No,No,Yes,Month-to-Month,Yes,Credit Card,75.3,1702.9,0.0,0,1120.79,5,2,74.0391304347826,5903
Male,33,No,Yes,1,1,5,No Offer,Yes,15.01,No,Yes,Fiber Optic,19,Yes,No,Yes,No,No,Yes,Yes,Yes,Month-to-Month,Yes,Credit Card,90.35,434.5,17.33,0,75.05,4,5,86.9,4014
Male,59,No,Yes,3,4,38,No Offer,Yes,31.45,No,Yes,DSL,76,Yes,Yes,Yes,Yes,Yes,No,No,Yes,One Year,No,Bank Withdrawal,74.05,2802.3,0.0,0,1195.1,3,6,73.74473684210527,5975
Male,54,No,Yes,0,3,58,Offer B,Yes,27.93,No,No,No Internet,0,No,No,No,No,No,No,No,No,One Year,Yes,Bank Withdrawal,19.55,1108.8,0.0,0,1619.94,3,0,19.117241379310343,4801
Female,51,No,Yes,0,6,72,Offer A,Yes,43.91,No,No,No Internet,0,No,No,No,No,No,No,No,No,Two Year,No,Credit Card,20.5,1502.25,0.0,0,3161.52,4,0,20.864583333333332,6302
Male,61,No,No,0,0,65,No Offer,Yes,33.11,Yes,Yes,Fiber Optic,10,Yes,No,Yes,Yes,Yes,Yes,Yes,Yes,One Year,Yes,Credit Card,110.0,7138.65,0.0,0,2152.15,4,7,109.8253846153846,6351
Female,35,No,Yes,0,1,39,No Offer,Yes,9.51,No,Yes,Fiber Optic,7,Yes,No,Yes,Yes,Yes,Yes,Yes,Yes,One Year,Yes,Credit Card,104.7,4134.85,0.0,0,370.89,2,7,106.02179487179488,2371
Female,25,No,Yes,0,1,30,Offer C,Yes,4.82,Yes,Yes,Fiber Optic,41,No,No,No,No,No,Yes,Yes,Yes,Month-to-Month,Yes,Bank Withdrawal,85.0,2624.25,0.0,0,144.6,2,3,87.475,3698
Female,65,Yes,No,0,0,46,No Offer,Yes,2.37,Yes,Yes,Fiber Optic,20,Yes,Yes,Yes,No,Yes,Yes,Yes,Yes,One Year,Yes,Bank Withdrawal,110.0,4874.8,0.0,0,109.02,1,7,105.97391304347826,2403
Male,31,No,Yes,0,7,17,Offer D,Yes,46.71,Yes,Yes,Fiber Optic,8,No,Yes,No,No,No,No,No,Yes,Month-to-Month,Yes,Bank Withdrawal,80.5,1336.9,0.0,0,794.07,5,2,78.64117647058823,3591
Female,48,No,No,0,0,50,No Offer,No,0.0,No,Yes,DSL,6,No,Yes,Yes,Yes,No,No,No,Yes,Two Year,No,Credit Card,39.7,1932.75,0.0,0,0.0,3,4,38.655,5174
Male,76,Yes,No,0,0,67,No Offer,Yes,38.85,Yes,Yes,Fiber Optic,19,No,No,Yes,No,Yes,Yes,No,Yes,Two Year,Yes,Credit Card,101.4,6841.05,0.0,0,2602.95,4,4,102.10522388059702,5269
Female,62,No,Yes,2,6,63,Offer B,Yes,1.18,No,Yes,DSL,27,Yes,Yes,Yes,Yes,No,No,No,No,Two Year,No,Credit Card,63.55,4014.2,0.0,90,74.34,3,4,63.717460317460315,5733
Male,62,No,No,0,0,1,Offer E,Yes,23.96,No,Yes,Fiber Optic,22,No,No,No,No,Yes,No,No,Yes,Month-to-Month,Yes,Bank Withdrawal,78.95,78.95,0.0,0,23.96,2,2,78.95,2038
Female,32,No,No,2,0,22,Offer D,Yes,33.73,Yes,Yes,Fiber Optic,19,No,No,No,No,No,Yes,Yes,Yes,Month-to-Month,Yes,Bank Withdrawal,84.75,1816.75,0.0,0,742.06,3,3,82.57954545454545,4240
Female,55,No,Yes,0,9,46,Offer B,Yes,35.46,Yes,No,No Internet,0,No,No,No,No,No,No,No,No,One Year,Yes,Bank Withdrawal,24.45,1066.15,0.0,0,1631.16,4,0,23.17717391304348,2438
Male,28,No,Yes,0,1,50,Offer B,Yes,34.14,Yes,Yes,Fiber Optic,69,No,Yes,No,Yes,Yes,Yes,Yes,Yes,Month-to-Month,No,Bank Withdrawal,103.7,5071.05,36.61,0,1707.0,1,6,101.421,5897
Male,24,No,No,0,0,1,No Offer,Yes,31.34,No,Yes,Fiber Optic,52,No,No,No,No,Yes,No,Yes,Yes,Month-to-Month,Yes,Bank Withdrawal,79.05,79.05,0.0,0,31.34,1,3,79.05,3555
Male,49,No,No,0,0,46,Offer B,Yes,30.99,No,No,No Internet,0,No,No,No,No,No,No,No,No,Two Year,No,Credit Card,19.2,908.15,0.0,0,1425.54,4,0,19.742391304347827,2776
Male,35,No,No,0,0,24,No Offer,Yes,14.39,No,Yes,DSL,28,Yes,No,No,No,No,No,No,Yes,Month-to-Month,Yes,Bank Withdrawal,49.55,1210.4,0.0,0,345.36,1,2,50.43333333333334,5005
Female,59,No,Yes,0,3,71,No Offer,Yes,30.68,Yes,Yes,Cable,18,Yes,Yes,Yes,Yes,Yes,Yes,Yes,Yes,Two Year,No,Credit Card,85.75,6223.8,4.6,0,2178.28,3,8,87.65915492957747,4487
Male,26,No,Yes,3,7,31,No Offer,Yes,7.03,Yes,No,No Internet,0,No,No,No,No,No,No,No,No,Two Year,No,Credit Card,25.75,755.6,0.0,0,217.93,4,0,24.374193548387098,5472
Male,23,No,No,0,0,52,Offer B,Yes,29.16,Yes,Yes,Cable,73,Yes,No,No,Yes,Yes,Yes,Yes,Yes,Two Year,Yes,Credit Card,79.75,4217.8,0.0,0,1516.32,4,6,81.11153846153846,4142
Female,48,No,Yes,0,1,64,No Offer,No,0.0,No,Yes,DSL,30,No,Yes,No,Yes,Yes,Yes,Yes,Yes,Two Year,Yes,Bank Withdrawal,54.6,3423.5,0.0,0,0.0,4,6,53.4921875,4850
Female,38,No,Yes,0,9,2,No Offer,Yes,32.86,No,No,No Internet,0,No,No,No,No,No,No,No,No,Month-to-Month,No,Bank Withdrawal,20.1,43.15,0.0,0,65.72,3,0,21.575,4158
Male,53,No,Yes,0,1,14,Offer D,No,0.0,No,Yes,DSL,12,No,No,No,No,Yes,Yes,Yes,Yes,Month-to-Month,No,Bank Withdrawal,46.35,667.7,0.0,0,0.0,3,4,47.69285714285714,5360
Male,64,No,Yes,0,4,32,No Offer,Yes,43.11,Yes,Yes,Fiber Optic,18,No,No,No,Yes,No,No,No,Yes,One Year,Yes,Bank Withdrawal,79.25,2619.15,16.96,0,1379.52,5,2,81.8484375,2735
Male,25,No,Yes,1,8,66,Offer A,Yes,35.01,Yes,Yes,DSL,59,No,Yes,Yes,No,Yes,Yes,Yes,Yes,Two Year,No,Bank Withdrawal,79.85,5234.95,0.0,0,2310.66,5,6,79.31742424242424,6236
Female,32,No,Yes,1,1,22,No Offer,Yes,5.26,No,Yes,DSL,19,No,Yes,No,Yes,No,No,No,No,Month-to-Month,No,Bank Withdrawal,55.15,1206.05,0.0,30,115.72,2,2,54.820454545454545,5115
Female,35,No,Yes,0,3,2,Offer E,Yes,5.42,No,No,No Internet,0,No,No,No,No,No,No,No,No,Month-to-Month,No,Credit Card,20.35,41.85,0.0,0,10.84,4,0,20.925,5761
Male,27,No,No,0,0,14,No Offer,Yes,9.19,No,No,No Internet,0,No,No,No,No,No,No,No,No,Month-to-Month,Yes,Bank Withdrawal,20.05,299.3,0.0,0,128.66,5,0,21.37857142857143,5728
Male,70,Yes,No,0,0,47,No Offer,Yes,44.08,Yes,Yes,Fiber Optic,20,No,No,No,No,Yes,No,No,Yes,One Year,Yes,Credit Card,86.05,3865.6,0.0,0,2071.76,3,2,82.2468085106383,5527
Male,75,Yes,Yes,0,2,71,No Offer,Yes,1.23,No,Yes,Fiber Optic,9,No,Yes,Yes,Yes,No,Yes,No,Yes,Two Year,Yes,Credit Card,95.5,6707.15,0.0,0,87.33,4,5,94.4669014084507,6412
Female,19,No,Yes,0,1,22,No Offer,Yes,32.11,No,Yes,Fiber Optic,52,No,No,No,No,No,No,No,Yes,Month-to-Month,Yes,Bank Withdrawal,69.25,1554.0,0.0,0,706.42,1,1,70.63636363636364,2159
Male,38,No,Yes,0,6,45,Offer B,Yes,9.91,No,Yes,Cable,19,Yes,Yes,Yes,No,Yes,Yes,Yes,Yes,One Year,No,Bank Withdrawal,78.8,3597.5,23.28,0,445.95,4,7,79.94444444444444,4192
Female,68,Yes,No,0,0,1,No Offer,Yes,16.37,Yes,Yes,Fiber Optic,7,No,No,No,No,No,Yes,Yes,Yes,Month-to-Month,Yes,Bank Withdrawal,85.05,85.05,0.0,0,16.37,1,3,85.05,2975
Male,50,No,No,1,0,13,Offer D,Yes,30.19,No,Yes,DSL,17,No,No,No,No,Yes,Yes,Yes,Yes,Month-to-Month,No,Credit Card,66.4,831.75,0.0,0,392.47,5,4,63.98076923076923,3660
Male,57,No,Yes,0,1,71,Offer A,Yes,5.76,Yes,Yes,Fiber Optic,11,No,Yes,Yes,Yes,Yes,Yes,Yes,No,Two Year,Yes,Credit Card,108.6,7690.9,0.0,20,408.96,1,6,108.3225352112676,4982
Male,42,No,No,0,0,2,No Offer,Yes,41.18,Yes,Yes,Fiber Optic,14,No,Yes,No,No,No,No,No,Yes,Month-to-Month,Yes,Bank Withdrawal,82.0,184.65,0.0,0,82.36,3,2,92.325,3051
Male,59,No,No,0,0,1,No Offer,Yes,14.65,No,Yes,Cable,15,No,No,Yes,Yes,No,No,No,Yes,Month-to-Month,No,Credit Card,55.05,55.05,0.0,0,14.65,4,3,55.05,2962
Female,22,No,Yes,0,1,33,Offer C,Yes,41.61,Yes,Yes,Fiber Optic,73,Yes,No,Yes,No,Yes,Yes,Yes,Yes,One Year,Yes,Mailed Check,103.7,3467.0,0.0,0,1373.13,2,6,105.06060606060606,4461
Male,67,Yes,No,0,0,71,No Offer,Yes,34.8,Yes,Yes,Fiber Optic,21,No,Yes,No,Yes,Yes,Yes,No,Yes,Two Year,Yes,Bank Withdrawal,106.8,7623.2,0.0,0,2470.8,3,5,107.36901408450704,6423
Male,26,No,Yes,0,10,32,No Offer,Yes,15.41,Yes,Yes,DSL,46,Yes,No,No,Yes,Yes,No,No,Yes,One Year,Yes,Credit Card,72.8,2333.05,0.0,0,493.12,5,4,72.9078125,3278
Male,42,No,Yes,2,7,5,No Offer,Yes,17.37,Yes,Yes,DSL,15,Yes,Yes,No,Yes,No,No,No,Yes,Month-to-Month,No,Credit Card,64.4,316.9,0.0,0,86.85,3,4,63.379999999999995,3260
Female,29,No,Yes,5,3,53,No Offer,Yes,31.99,No,Yes,DSL,59,No,No,Yes,No,No,Yes,Yes,Yes,One Year,No,Credit Card,60.6,3297.0,0.0,0,1695.47,4,4,62.20754716981132,4854
Female,26,No,No,0,0,15,Offer D,Yes,20.11,No,Yes,Cable,73,Yes,Yes,Yes,Yes,No,No,Yes,Yes,One Year,No,Credit Card,65.6,1010.0,0.0,0,301.65,3,6,67.33333333333333,2976
Male,29,No,No,0,0,58,Offer B,Yes,49.02,No,No,No Internet,0,No,No,No,No,No,No,No,No,Two Year,No,Credit Card,20.8,1212.25,0.0,0,2843.16,4,0,20.900862068965516,4758
Female,21,No,Yes,1,1,15,No Offer,Yes,29.55,Yes,No,No Internet,0,No,No,No,No,No,No,No,No,Month-to-Month,Yes,Bank Withdrawal,25.25,394.85,0.0,0,443.25,3,0,26.323333333333334,4667
Female,68,Yes,Yes,0,1,18,No Offer,Yes,25.27,Yes,Yes,Fiber Optic,15,No,No,No,Yes,Yes,Yes,No,Yes,Month-to-Month,No,Bank Withdrawal,99.75,1836.25,0.0,0,454.86,2,4,102.01388888888889,5857
Female,55,No,Yes,0,0,27,Offer C,Yes,20.02,No,Yes,Fiber Optic,27,Yes,No,No,Yes,Yes,Yes,Yes,Yes,One Year,Yes,Credit Card,101.9,2681.15,0.0,0,540.54,3,6,99.30185185185185,3795
Female,23,No,No,1,0,10,Offer D,Yes,14.24,Yes,Yes,Cable,26,Yes,No,Yes,Yes,No,Yes,Yes,Yes,One Year,No,Credit Card,73.55,693.3,0.0,0,142.4,3,6,69.33,4434
Male,19,No,No,0,0,3,No Offer,No,0.0,No,Yes,DSL,26,No,No,Yes,No,Yes,No,No,Yes,Month-to-Month,Yes,Mailed Check,40.15,130.75,0.0,0,0.0,3,3,43.583333333333336,4710
Male,76,Yes,No,0,0,56,No Offer,Yes,5.19,Yes,Yes,Fiber Optic,16,No,No,Yes,No,Yes,Yes,No,No,Two Year,Yes,Bank Withdrawal,101.05,5594.0,0.0,10,290.64,3,3,99.89285714285714,5514
Male,36,No,No,0,0,63,No Offer,Yes,13.14,No,Yes,Fiber Optic,17,Yes,Yes,Yes,Yes,Yes,Yes,Yes,Yes,Two Year,No,Credit Card,109.2,7049.75,0.0,0,827.82,4,8,111.90079365079364,4273
Male,21,No,Yes,1,9,45,Offer B,Yes,25.69,Yes,Yes,DSL,26,Yes,Yes,No,Yes,Yes,No,No,Yes,Two Year,No,Credit Card,73.85,3371.0,0.0,0,1156.05,3,5,74.91111111111111,5264
Male,25,No,Yes,3,5,34,No Offer,Yes,18.36,No,Yes,Fiber Optic,85,No,Yes,Yes,No,Yes,No,No,Yes,Month-to-Month,Yes,Bank Withdrawal,89.85,3091.75,14.93,0,624.24,5,4,90.93382352941177,3096
Female,24,No,No,0,0,12,Offer D,Yes,30.54,Yes,Yes,Fiber Optic,47,No,No,Yes,No,Yes,Yes,Yes,Yes,Month-to-Month,Yes,Bank Withdrawal,100.15,1164.3,0.0,0,366.48,2,5,97.02499999999999,3682
Male,28,No,Yes,0,9,52,No Offer,Yes,10.4,No,Yes,DSL,85,Yes,Yes,No,No,Yes,Yes,Yes,Yes,One Year,Yes,Credit Card,75.4,3865.45,0.0,0,540.8,5,6,74.33557692307691,5211
Male,29,No,Yes,2,3,22,No Offer,Yes,27.91,No,Yes,Cable,27,No,No,No,Yes,No,No,No,Yes,Month-to-Month,Yes,Bank Withdrawal,51.1,1232.9,0.0,0,614.02,5,2,56.040909090909096,5329
Female,54,No,Yes,0,7,72,Offer A,Yes,12.85,Yes,Yes,Fiber Optic,24,No,Yes,Yes,Yes,Yes,Yes,Yes,No,Two Year,Yes,Bank Withdrawal,110.15,7998.8,0.0,70,925.2,4,6,111.09444444444445,5065
Male,52,No,Yes,0,1,72,No Offer,Yes,28.86,Yes,Yes,Fiber Optic,8,Yes,Yes,Yes,No,No,Yes,Yes,Yes,Two Year,Yes,Bank Withdrawal,99.15,7422.1,0.0,0,2077.92,3,6,103.08472222222223,5152
Male,60,No,No,0,0,1,No Offer,Yes,4.18,No,Yes,DSL,8,No,No,Yes,No,No,No,No,No,Month-to-Month,Yes,Credit Card,49.65,49.65,0.0,40,4.18,3,1,49.65,5338
Female,55,No,No,0,0,62,No Offer,Yes,8.23,Yes,No,No Internet,0,No,No,No,No,No,No,No,No,Two Year,Yes,Credit Card,25.8,1563.95,0.0,0,510.26,3,0,25.225,6201
Male,59,No,No,0,0,39,Offer C,Yes,3.93,No,Yes,DSL,15,No,No,No,Yes,No,No,No,Yes,Two Year,Yes,Bank Withdrawal,49.8,1971.15,0.0,0,153.27,4,2,50.542307692307695,2202
Male,52,No,No,0,0,30,Offer C,Yes,27.88,No,Yes,Cable,6,No,Yes,Yes,No,Yes,No,No,No,One Year,No,Credit Card,64.5,1929.95,0.0,0,836.4,5,3,64.33166666666666,4320
Male,42,No,No,0,0,27,Offer C,Yes,39.77,No,No,No Internet,0,No,No,No,No,No,No,No,No,Two Year,No,Credit Card,20.35,531.6,0.0,0,1073.79,3,0,19.68888888888889,4962
Female,80,Yes,No,0,0,1,No Offer,Yes,47.97,No,Yes,Fiber Optic,8,No,No,No,No,No,No,No,Yes,Month-to-Month,Yes,Bank Withdrawal,70.15,70.15,0.0,0,47.97,2,1,70.15,2825
Male,50,No,Yes,0,1,71,Offer A,Yes,4.85,Yes,Yes,DSL,26,Yes,Yes,No,Yes,No,No,No,Yes,One Year,Yes,Credit Card,66.85,4748.7,0.0,0,344.35,4,4,66.8830985915493,4117
Female,58,No,Yes,0,8,68,Offer A,No,0.0,No,Yes,DSL,11,Yes,No,Yes,No,Yes,Yes,Yes,Yes,One Year,Yes,Bank Withdrawal,54.4,3723.65,25.62,0,0.0,4,6,54.75955882352941,4897
Female,20,No,Yes,0,10,57,Offer B,Yes,8.01,Yes,Yes,Fiber Optic,73,No,Yes,Yes,Yes,Yes,Yes,Yes,Yes,One Year,Yes,Bank Withdrawal,109.4,6252.7,0.0,0,456.57,5,7,109.69649122807017,6026
Male,34,No,No,0,0,58,Offer B,Yes,41.14,Yes,Yes,Fiber Optic,25,No,No,Yes,Yes,Yes,Yes,Yes,No,One Year,Yes,Bank Withdrawal,104.65,6219.6,0.0,40,2386.12,2,5,107.2344827586207,5411
Female,21,No,No,0,0,11,Offer D,Yes,1.16,No,Yes,DSL,41,Yes,No,No,Yes,No,No,No,Yes,One Year,Yes,Mailed Check,54.6,617.85,0.0,0,12.76,4,3,56.16818181818182,2573
Male,38,No,No,3,0,3,Offer E,Yes,5.15,No,No,No Internet,0,No,No,No,No,No,No,No,No,Month-to-Month,No,Mailed Check,19.95,58.3,0.0,0,15.45,5,0,19.433333333333334,4430
Male,23,No,No,0,0,1,No Offer,Yes,35.28,No,Yes,Fiber Optic,51,No,No,No,No,No,No,Yes,Yes,Month-to-Month,Yes,Credit Card,71.35,71.35,0.0,0,35.28,3,2,71.35,5730
Male,71,Yes,Yes,0,0,10,No Offer,Yes,16.88,Yes,Yes,Fiber Optic,24,No,No,Yes,No,No,Yes,No,Yes,Month-to-Month,Yes,Bank Withdrawal,89.8,914.3,0.0,0,168.8,2,3,91.42999999999999,5124
Male,24,No,Yes,3,0,37,No Offer,Yes,8.21,No,No,No Internet,0,No,No,No,No,No,No,No,No,Two Year,No,Bank Withdrawal,19.8,726.1,0.0,0,303.77,3,0,19.624324324324323,2745
Female,60,No,Yes,0,7,1,No Offer,Yes,6.64,No,No,No Internet,0,No,No,No,No,No,No,No,No,Month-to-Month,Yes,Bank Withdrawal,20.3,20.3,0.0,0,6.64,5,0,20.3,4215
Male,71,Yes,Yes,0,1,3,No Offer,Yes,41.3,Yes,Yes,Fiber Optic,2,No,Yes,Yes,No,Yes,Yes,No,Yes,Month-to-Month,Yes,Bank Withdrawal,105.9,334.65,0.0,0,123.9,2,5,111.55,2715
Male,54,No,No,0,0,4,No Offer,Yes,37.7,No,Yes,DSL,2,No,No,No,Yes,Yes,No,No,No,Month-to-Month,Yes,Bank Withdrawal,61.3,249.4,0.0,10,150.8,3,2,62.35,5281
Female,32,No,No,0,0,47,Offer B,Yes,2.45,No,Yes,Fiber Optic,13,Yes,No,Yes,Yes,Yes,Yes,Yes,Yes,One Year,Yes,Bank Withdrawal,103.7,4730.6,0.0,0,115.15,4,7,100.65106382978725,4543
Female,38,No,Yes,1,6,71,No Offer,Yes,9.4,No,Yes,Fiber Optic,10,No,No,Yes,No,No,No,No,Yes,Two Year,No,Bank Withdrawal,76.05,5436.45,0.0,0,667.4,5,2,76.56971830985916,5841
Male,40,No,Yes,0,1,52,No Offer,Yes,38.37,No,Yes,Fiber Optic,14,Yes,No,No,No,Yes,No,No,Yes,Month-to-Month,No,Bank Withdrawal,84.1,4348.65,0.0,0,1995.24,1,3,83.6278846153846,6216
Male,66,Yes,No,0,0,8,No Offer,Yes,1.78,No,Yes,Fiber Optic,7,No,Yes,No,No,No,No,No,Yes,Month-to-Month,Yes,Bank Withdrawal,74.5,606.55,0.0,0,14.24,2,2,75.81875,4345
Male,22,No,Yes,0,10,22,Offer D,Yes,6.03,No,Yes,DSL,51,Yes,No,No,No,Yes,No,No,Yes,One Year,Yes,Bank Withdrawal,59.75,1374.35,0.0,0,132.66,3,3,62.470454545454544,3947
Female,54,No,No,0,0,13,Offer D,Yes,10.66,No,Yes,DSL,5,Yes,No,No,No,Yes,Yes,Yes,Yes,Month-to-Month,Yes,Bank Withdrawal,71.95,923.85,10.47,0,138.58,3,5,71.06538461538462,3605
Male,69,Yes,No,0,0,10,No Offer,Yes,5.46,No,Yes,Fiber Optic,24,No,Yes,No,No,No,No,No,No,Month-to-Month,Yes,Bank Withdrawal,72.85,688.65,0.0,30,54.6,1,1,68.865,3189
Female,56,No,No,0,0,3,No Offer,Yes,5.63,No,Yes,Fiber Optic,15,No,No,No,No,No,No,No,Yes,Month-to-Month,Yes,Bank Withdrawal,70.15,194.2,0.0,0,16.89,3,1,64.73333333333333,2228
Female,38,No,No,0,0,2,No Offer,Yes,25.81,Yes,Yes,Cable,7,No,No,No,Yes,No,No,No,Yes,Month-to-Month,Yes,Credit Card,54.35,117.05,0.0,0,51.62,5,2,58.525,4916
Female,58,No,Yes,0,7,63,No Offer,Yes,6.33,No,Yes,Cable,30,Yes,Yes,Yes,Yes,Yes,No,No,Yes,Two Year,No,Credit Card,75.55,4707.85,0.0,0,398.79,4,6,74.72777777777779,4626
Male,59,No,Yes,0,1,51,No Offer,Yes,31.66,No,Yes,Cable,3,Yes,No,No,Yes,Yes,Yes,Yes,Yes,One Year,Yes,Bank Withdrawal,76.4,3966.3,0.0,0,1614.66,3,6,77.77058823529413,6385
Male,22,No,No,0,0,22,No Offer,Yes,33.53,No,Yes,DSL,59,No,Yes,No,Yes,No,No,No,Yes,One Year,Yes,Credit Card,55.15,1193.05,0.0,0,737.66,3,3,54.22954545454545,5866
Male,58,No,Yes,3,4,44,No Offer,Yes,46.54,No,Yes,DSL,52,No,Yes,No,Yes,No,No,No,No,Month-to-Month,Yes,Bank Withdrawal,54.9,2549.1,0.0,130,2047.76,4,2,57.934090909090905,4412
Female,29,No,No,0,0,5,No Offer,Yes,48.49,Yes,Yes,Fiber Optic,85,No,No,No,No,Yes,No,No,Yes,Month-to-Month,Yes,Bank Withdrawal,84.0,424.75,0.0,0,242.45,4,2,84.95,4456
Male,30,No,Yes,0,2,69,Offer A,Yes,48.8,Yes,Yes,Fiber Optic,26,No,No,Yes,No,Yes,Yes,Yes,Yes,Month-to-Month,Yes,Credit Card,99.45,7007.6,0.0,0,3367.2,3,5,101.55942028985508,4020
Male,36,No,Yes,0,1,41,Offer B,Yes,45.03,Yes,Yes,Fiber Optic,10,No,No,Yes,Yes,Yes,Yes,Yes,Yes,One Year,Yes,Bank Withdrawal,102.6,4213.35,2.93,0,1846.23,1,6,102.76463414634148,2098
Female,43,No,Yes,2,3,57,No Offer,Yes,12.26,No,No,No Internet,0,No,No,No,No,No,No,No,No,Two Year,No,Bank Withdrawal,19.75,1272.05,0.0,0,698.82,5,0,22.316666666666666,4235
Female,23,No,No,0,0,1,Offer E,Yes,30.6,No,Yes,Fiber Optic,27,No,No,No,No,No,No,Yes,Yes,Month-to-Month,Yes,Mailed Check,70.8,70.8,0.0,0,30.6,3,2,70.8,3901
Female,61,No,Yes,2,2,66,No Offer,Yes,20.11,Yes,Yes,Fiber Optic,25,Yes,Yes,Yes,No,Yes,Yes,Yes,No,Two Year,No,Bank Withdrawal,109.25,7082.5,0.0,80,1327.26,3,6,107.31060606060606,5865
Female,33,No,No,0,0,38,Offer C,Yes,41.63,No,No,No Internet,0,No,No,No,No,No,No,No,No,Two Year,No,Credit Card,20.05,741.5,0.0,0,1581.94,5,0,19.513157894736842,2295
Male,54,No,No,0,0,1,Offer E,No,0.0,No,Yes,Cable,29,No,No,No,No,No,Yes,Yes,Yes,Month-to-Month,No,Bank Withdrawal,35.9,35.9,0.0,0,0.0,1,3,35.9,4747
Male,40,No,Yes,1,7,53,Offer B,Yes,3.78,Yes,Yes,Fiber Optic,27,No,Yes,Yes,No,Yes,Yes,Yes,Yes,One Year,Yes,Bank Withdrawal,105.25,5576.3,0.0,0,200.34,3,6,105.21320754716982,6365
Male,55,No,No,0,0,40,No Offer,No,0.0,No,Yes,Cable,12,No,Yes,No,Yes,No,No,No,No,One Year,No,Credit Card,36.0,1382.9,0.0,130,0.0,3,2,34.572500000000005,5323
Male,28,No,Yes,0,7,56,No Offer,Yes,46.9,Yes,Yes,Fiber Optic,48,Yes,No,No,No,Yes,Yes,Yes,Yes,One Year,Yes,Bank Withdrawal,100.55,5514.95,0.0,0,2626.4,3,5,98.48125,4847
Female,64,No,No,0,0,17,Offer D,Yes,9.84,Yes,No,No Internet,0,No,No,No,No,No,No,No,No,Month-to-Month,No,Credit Card,24.8,475.25,37.06,0,167.28,5,0,27.955882352941178,5208
Female,29,No,Yes,1,10,18,Offer D,Yes,35.44,No,No,No Internet,0,No,No,No,No,No,No,No,No,Month-to-Month,Yes,Credit Card,20.25,401.95,0.0,0,637.92,4,0,22.330555555555556,2429
Female,42,No,No,0,0,37,No Offer,Yes,37.18,Yes,Yes,Cable,9,Yes,No,No,No,Yes,No,No,Yes,One Year,No,Bank Withdrawal,64.65,2347.85,0.0,0,1375.66,3,3,63.4554054054054,5255
Male,74,Yes,Yes,3,1,71,No Offer,Yes,46.11,Yes,Yes,DSL,20,No,Yes,Yes,Yes,No,Yes,No,No,One Year,Yes,Bank Withdrawal,72.9,5139.65,0.0,20,3273.81,4,4,72.38943661971831,6404
Male,75,Yes,No,0,0,15,No Offer,Yes,12.08,Yes,Yes,Fiber Optic,5,No,Yes,No,No,No,No,No,Yes,Month-to-Month,Yes,Bank Withdrawal,80.2,1217.25,0.0,0,181.2,1,2,81.15,4958
Female,31,No,No,0,0,4,Offer E,Yes,7.94,Yes,Yes,Fiber Optic,3,No,No,No,Yes,Yes,Yes,Yes,No,Month-to-Month,Yes,Credit Card,100.85,399.25,0.0,10,31.76,4,4,99.8125,5354
Female,44,No,Yes,3,1,3,No Offer,Yes,30.34,No,No,No Internet,0,No,No,No,No,No,No,No,No,Month-to-Month,No,Credit Card,19.65,60.65,0.0,0,91.02,4,0,20.216666666666665,4943
Male,62,No,Yes,0,1,72,No Offer,Yes,40.04,Yes,No,No Internet,0,No,No,No,No,No,No,No,No,Two Year,No,Credit Card,25.75,1864.2,0.0,0,2882.88,5,0,25.891666666666666,4413
Female,56,No,Yes,6,6,49,Offer B,Yes,8.18,Yes,Yes,Fiber Optic,53,No,No,No,No,Yes,Yes,Yes,Yes,Month-to-Month,Yes,Bank Withdrawal,95.4,4613.95,0.0,0,400.82,5,4,94.16224489795918,6136
Female,61,No,No,0,0,60,No Offer,No,0.0,No,Yes,Cable,4,Yes,No,Yes,No,Yes,Yes,Yes,Yes,Two Year,No,Bank Withdrawal,53.6,3237.05,0.0,0,0.0,3,6,53.950833333333335,4173
Female,68,Yes,Yes,0,8,30,Offer C,Yes,47.75,Yes,Yes,Fiber Optic,27,No,Yes,No,No,Yes,No,No,Yes,Two Year,Yes,Bank Withdrawal,90.05,2627.2,0.0,0,1432.5,5,3,87.57333333333332,3792
Female,42,No,Yes,3,5,72,Offer A,Yes,18.21,Yes,No,No Internet,0,No,No,No,No,No,No,No,No,Two Year,No,Credit Card,24.9,1859.2,0.0,0,1311.12,3,0,25.822222222222223,5192
Male,50,No,Yes,0,8,72,No Offer,Yes,27.59,Yes,Yes,Fiber Optic,25,Yes,Yes,Yes,Yes,Yes,Yes,Yes,Yes,Two Year,No,Credit Card,115.8,8332.15,0.0,0,1986.48,3,8,115.72430555555555,5130
Female,56,No,No,0,0,16,No Offer,Yes,42.73,Yes,Yes,DSL,23,No,No,No,No,No,Yes,Yes,No,Month-to-Month,Yes,Bank Withdrawal,63.05,1067.05,0.0,10,683.68,3,2,66.690625,3214
Male,56,No,Yes,3,3,4,No Offer,No,0.0,No,Yes,DSL,53,Yes,No,No,No,Yes,No,No,Yes,Month-to-Month,No,Credit Card,38.55,156.1,0.0,0,0.0,4,3,39.025,3824
Male,51,No,No,0,0,71,No Offer,Yes,12.27,Yes,Yes,DSL,21,Yes,Yes,Yes,Yes,No,Yes,Yes,Yes,Two Year,No,Bank Withdrawal,80.6,5708.2,0.0,0,871.17,4,7,80.39718309859154,5447
Female,40,No,Yes,1,5,29,Offer C,Yes,34.44,No,No,No Internet,0,No,No,No,No,No,No,No,No,Two Year,No,Credit Card,20.2,558.8,0.0,0,998.76,3,0,19.268965517241377,2784
Female,76,Yes,No,0,0,29,No Offer,Yes,20.98,Yes,Yes,Fiber Optic,16,No,No,No,Yes,Yes,Yes,No,Yes,Month-to-Month,No,Bank Withdrawal,98.65,2862.75,0.0,0,608.42,1,4,98.71551724137932,4235
Female,25,No,Yes,2,2,72,No Offer,Yes,16.01,Yes,Yes,Fiber Optic,59,Yes,Yes,Yes,Yes,Yes,Yes,Yes,Yes,Two Year,Yes,Credit Card,116.8,8456.75,0.0,0,1152.72,3,8,117.45486111111111,6252
Female,61,No,Yes,2,1,72,Offer A,Yes,28.86,Yes,Yes,Fiber Optic,20,Yes,Yes,Yes,Yes,Yes,Yes,Yes,Yes,Two Year,Yes,Credit Card,116.4,8543.25,0.0,0,2077.92,3,8,118.65625,6491
Male,58,No,Yes,0,0,67,Offer A,Yes,29.24,Yes,Yes,Fiber Optic,21,Yes,Yes,Yes,No,Yes,Yes,Yes,Yes,One Year,Yes,Bank Withdrawal,111.3,7482.1,0.0,0,1959.08,3,7,111.67313432835822,4146
Female,20,No,No,0,0,3,Offer E,No,0.0,No,Yes,DSL,30,No,No,No,No,Yes,No,No,Yes,Month-to-Month,No,Credit Card,35.2,108.95,0.0,0,0.0,1,2,36.31666666666667,5450
Female,79,Yes,No,0,0,34,No Offer,Yes,14.23,Yes,Yes,Fiber Optic,13,No,Yes,No,Yes,Yes,No,No,Yes,Two Year,Yes,Bank Withdrawal,96.35,3190.25,0.0,0,483.82,4,4,93.83088235294117,5425
Male,58,No,Yes,0,4,36,Offer C,Yes,40.58,Yes,Yes,Fiber Optic,12,No,No,No,No,Yes,Yes,Yes,Yes,Month-to-Month,Yes,Bank Withdrawal,95.4,3474.2,0.0,0,1460.88,3,4,96.50555555555555,5111
Male,25,No,No,0,0,26,Offer C,No,0.0,No,Yes,Cable,47,No,No,Yes,Yes,No,No,No,Yes,Month-to-Month,No,Bank Withdrawal,35.75,1022.5,0.0,0,0.0,5,3,39.32692307692308,2734
Female,26,No,No,0,0,25,No Offer,Yes,21.67,No,Yes,DSL,48,Yes,No,No,Yes,Yes,Yes,Yes,Yes,Month-to-Month,Yes,Credit Card,76.15,1992.95,0.0,0,541.75,3,6,79.718,3955
Male,37,No,No,0,0,22,Offer D,Yes,48.07,No,Yes,Fiber Optic,18,No,Yes,Yes,Yes,No,Yes,Yes,Yes,Month-to-Month,Yes,Bank Withdrawal,94.95,2142.8,0.0,0,1057.54,5,6,97.4,4242
Male,36,No,No,0,0,3,No Offer,No,0.0,No,Yes,DSL,18,No,No,No,No,No,No,No,Yes,Month-to-Month,No,Bank Withdrawal,24.75,66.95,0.0,0,0.0,2,1,22.316666666666666,3503
Male,42,No,Yes,1,2,28,Offer C,No,0.0,No,Yes,DSL,19,Yes,No,Yes,Yes,Yes,No,No,Yes,One Year,No,Credit Card,50.8,1386.8,0.0,0,0.0,4,5,49.528571428571425,3240
Male,33,No,Yes,0,3,3,Offer E,No,0.0,No,Yes,Cable,25,Yes,No,No,Yes,No,No,No,Yes,Month-to-Month,No,Credit Card,35.1,101.1,0.0,0,0.0,3,3,33.699999999999996,3610
Male,55,No,Yes,3,1,25,No Offer,Yes,25.87,Yes,Yes,Cable,76,No,No,No,No,Yes,No,No,No,Month-to-Month,No,Bank Withdrawal,60.35,1404.65,0.0,10,646.75,4,1,56.18600000000001,3192
Female,23,No,Yes,2,8,49,No Offer,Yes,33.65,Yes,No,No Internet,0,No,No,No,No,No,No,No,No,Two Year,No,Credit Card,25.25,1211.65,0.0,0,1648.85,3,0,24.727551020408164,5616
Male,33,No,No,0,0,57,No Offer,No,0.0,No,Yes,DSL,28,No,No,Yes,Yes,Yes,Yes,Yes,No,Two Year,No,Credit Card,53.35,3090.05,0.0,100,0.0,4,5,54.21140350877193,5461
Female,39,No,Yes,0,1,31,No Offer,Yes,38.67,Yes,Yes,Cable,13,No,Yes,No,No,No,Yes,Yes,No,Month-to-Month,Yes,Bank Withdrawal,91.15,2995.45,0.0,0,1198.77,2,3,96.62741935483871,5219
Female,52,No,Yes,0,6,17,No Offer,Yes,47.59,Yes,Yes,DSL,25,No,No,Yes,Yes,No,No,No,Yes,One Year,Yes,Mailed Check,61.95,1070.7,0.0,0,809.03,5,3,62.98235294117647,4759
Male,21,No,Yes,0,7,72,No Offer,Yes,34.95,Yes,Yes,Fiber Optic,48,No,Yes,No,No,Yes,Yes,Yes,Yes,Two Year,Yes,Bank Withdrawal,99.4,7285.7,0.0,0,2516.4,5,5,101.19027777777778,6022
Male,27,No,Yes,0,1,50,Offer B,Yes,17.58,Yes,Yes,Fiber Optic,47,Yes,Yes,No,No,No,Yes,Yes,Yes,Month-to-Month,Yes,Credit Card,94.4,4914.9,0.0,0,879.0,4,5,98.29799999999999,5548
Male,29,No,No,0,0,15,Offer D,Yes,14.79,Yes,Yes,DSL,59,No,Yes,No,Yes,No,No,No,Yes,Month-to-Month,Yes,Credit Card,58.6,939.7,0.0,0,221.85,2,3,62.64666666666667,2003
Female,43,No,No,0,0,23,No Offer,Yes,48.88,Yes,Yes,DSL,12,Yes,No,Yes,No,Yes,Yes,Yes,Yes,One Year,Yes,Bank Withdrawal,78.55,1843.05,19.63,0,1124.24,3,6,80.13260869565217,3127
Female,79,Yes,Yes,1,5,14,No Offer,Yes,14.39,Yes,Yes,Fiber Optic,30,No,No,No,No,Yes,Yes,No,Yes,Two Year,Yes,Bank Withdrawal,95.8,1346.3,0.0,0,201.46,3,3,96.16428571428571,3471
Male,20,No,Yes,0,9,71,No Offer,Yes,32.18,Yes,No,No Internet,0,No,No,No,No,No,No,No,No,Two Year,Yes,Bank Withdrawal,24.5,1816.2,0.0,0,2284.78,4,0,25.580281690140847,4058
Female,57,No,No,1,0,11,Offer D,Yes,44.88,No,No,No Internet,0,No,No,No,No,No,No,No,No,Month-to-Month,No,Credit Card,19.7,216.2,0.0,0,493.68,4,0,19.654545454545453,3838
Male,30,No,No,0,0,5,No Offer,No,0.0,No,Yes,Cable,59,Yes,Yes,Yes,Yes,No,No,No,Yes,Month-to-Month,Yes,Mailed Check,43.25,219.0,0.0,0,0.0,2,5,43.8,5824
Female,25,No,Yes,3,6,32,No Offer,Yes,48.49,Yes,Yes,Fiber Optic,82,Yes,No,No,No,Yes,No,No,Yes,Month-to-Month,No,Bank Withdrawal,89.6,2901.8,0.0,0,1551.68,4,3,90.68125,4444
Male,61,No,Yes,3,10,34,Offer C,Yes,20.05,Yes,Yes,Fiber Optic,57,No,No,Yes,No,No,Yes,Yes,Yes,Month-to-Month,Yes,Credit Card,90.05,3097.0,0.0,0,681.7,4,4,91.08823529411765,4648
Female,78,Yes,No,0,0,49,No Offer,Yes,35.65,No,Yes,DSL,3,No,No,No,No,No,No,No,Yes,Two Year,No,Credit Card,43.8,2106.05,20.45,0,1746.85,5,1,42.98061224489796,5651
Male,27,No,No,0,0,1,No Offer,Yes,42.15,No,No,No Internet,0,No,No,No,No,No,No,No,No,Month-to-Month,No,Mailed Check,20.2,20.2,0.0,0,42.15,3,0,20.2,3586
Male,54,No,Yes,2,10,72,No Offer,Yes,38.84,No,No,No Internet,0,No,No,No,No,No,No,No,No,Two Year,Yes,Credit Card,19.8,1414.65,0.0,0,2796.48,4,0,19.647916666666667,5027
Female,75,Yes,No,0,0,55,No Offer,Yes,29.6,Yes,Yes,Fiber Optic,3,No,No,Yes,No,Yes,Yes,No,Yes,One Year,Yes,Bank Withdrawal,100.15,5409.75,0.0,0,1628.0,4,4,98.35909090909091,5182
Male,51,No,No,0,0,2,Offer E,Yes,1.57,No,Yes,Fiber Optic,26,No,No,No,No,No,No,No,Yes,Month-to-Month,Yes,Bank Withdrawal,70.3,144.0,0.0,0,3.14,4,1,72.0,2980
Female,53,No,No,0,0,8,Offer E,Yes,48.14,Yes,Yes,DSL,18,Yes,No,No,Yes,No,Yes,Yes,Yes,Month-to-Month,No,Bank Withdrawal,71.15,563.65,0.0,0,385.12,1,5,70.45625,2662
Female,61,No,Yes,3,9,72,No Offer,Yes,21.84,Yes,Yes,DSL,30,Yes,Yes,No,Yes,Yes,No,No,Yes,Two Year,No,Credit Card,74.55,5430.65,0.0,0,1572.48,3,5,75.42569444444445,4703
Male,56,No,Yes,1,4,72,Offer A,Yes,5.81,Yes,Yes,Fiber Optic,29,Yes,Yes,Yes,Yes,Yes,Yes,Yes,Yes,Two Year,Yes,Credit Card,114.05,8289.2,0.0,0,418.32,4,8,115.1277777777778,6254
Male,51,No,No,0,0,46,No Offer,Yes,37.5,Yes,Yes,Fiber Optic,22,No,Yes,Yes,Yes,Yes,Yes,Yes,Yes,Two Year,No,Bank Withdrawal,108.65,4903.2,0.0,0,1725.0,4,7,106.59130434782608,4210
Male,25,No,No,0,0,29,Offer C,Yes,28.83,Yes,Yes,DSL,47,No,Yes,Yes,No,No,Yes,Yes,Yes,One Year,No,Credit Card,70.9,1964.6,0.0,0,836.07,4,5,67.7448275862069,2064
Male,76,Yes,Yes,0,9,72,No Offer,No,0.0,No,Yes,DSL,9,Yes,Yes,Yes,Yes,Yes,Yes,Yes,Yes,Two Year,Yes,Credit Card,64.45,4641.1,0.0,0,0.0,5,8,64.45972222222223,5295
Female,57,No,Yes,1,3,32,No Offer,No,0.0,No,Yes,Cable,14,Yes,Yes,No,No,No,No,No,Yes,Month-to-Month,Yes,Bank Withdrawal,35.15,1051.05,0.0,0,0.0,4,3,32.8453125,3163
Female,63,No,No,0,0,34,Offer C,Yes,1.55,No,Yes,Fiber Optic,14,No,Yes,No,No,No,No,No,Yes,Month-to-Month,Yes,Credit Card,73.95,2524.45,0.0,0,52.7,3,2,74.24852941176471,5795
Male,37,No,No,0,0,1,No Offer,Yes,11.35,No,Yes,DSL,9,Yes,No,No,No,No,No,No,Yes,Month-to-Month,Yes,Credit Card,48.55,48.55,0.0,0,11.35,1,2,48.55,5687
Male,45,No,No,0,0,50,Offer B,No,0.0,No,Yes,DSL,7,Yes,No,No,Yes,No,No,No,Yes,One Year,Yes,Credit Card,35.4,1748.9,0.0,0,0.0,3,3,34.978,5052
Male,59,No,Yes,2,4,57,Offer B,Yes,49.95,Yes,Yes,Fiber Optic,22,No,No,No,No,No,No,No,No,Month-to-Month,Yes,Bank Withdrawal,74.3,4018.35,0.0,70,2847.15,5,0,70.49736842105263,4133
Male,23,No,Yes,0,3,10,Offer D,Yes,39.35,No,No,No Internet,0,No,No,No,No,No,No,No,No,One Year,No,Bank Withdrawal,19.6,189.45,0.0,0,393.5,5,0,18.945,3778
Female,22,No,No,0,0,15,Offer D,Yes,45.84,Yes,No,No Internet,0,No,No,No,No,No,No,No,No,Month-to-Month,Yes,Credit Card,25.4,399.6,0.0,0,687.6,1,0,26.64,2853
Male,26,No,No,0,0,1,No Offer,Yes,5.63,No,Yes,Cable,52,No,No,Yes,Yes,Yes,Yes,Yes,Yes,Month-to-Month,Yes,Bank Withdrawal,75.5,75.5,0.0,0,5.63,5,6,75.5,2954
Female,30,No,Yes,1,10,43,No Offer,Yes,29.98,No,Yes,Cable,59,Yes,No,Yes,No,Yes,Yes,Yes,Yes,Two Year,No,Bank Withdrawal,75.2,3254.35,0.0,0,1289.14,3,6,75.68255813953488,3976
Female,56,No,Yes,0,7,26,No Offer,Yes,33.47,Yes,No,No Internet,0,No,No,No,No,No,No,No,No,One Year,No,Credit Card,26.0,684.05,0.0,0,870.22,5,0,26.309615384615384,2244
Male,53,No,Yes,0,1,18,No Offer,Yes,19.05,No,Yes,DSL,26,No,No,Yes,No,No,No,No,Yes,Month-to-Month,Yes,Mailed Check,49.55,878.35,0.0,0,342.9,1,2,48.797222222222224,2815
Female,39,No,Yes,0,5,57,Offer B,Yes,3.72,Yes,Yes,Fiber Optic,11,No,No,Yes,No,Yes,Yes,Yes,Yes,One Year,Yes,Credit Card,100.75,5985.0,0.0,0,212.04,3,5,105.0,6354
Female,63,No,No,0,0,5,Offer E,Yes,8.32,No,Yes,DSL,22,Yes,No,No,Yes,Yes,No,No,Yes,Month-to-Month,Yes,Bank Withdrawal,64.35,352.65,0.0,0,41.6,4,4,70.53,4771
Female,65,Yes,No,0,0,46,Offer B,Yes,41.17,Yes,Yes,Fiber Optic,30,No,Yes,Yes,No,Yes,Yes,Yes,Yes,Two Year,Yes,Bank Withdrawal,104.45,4863.85,36.78,0,1893.82,3,6,105.7358695652174,4103
Female,49,No,No,0,0,9,No Offer,Yes,24.52,No,Yes,Fiber Optic,9,No,No,No,No,No,No,No,Yes,Month-to-Month,No,Bank Withdrawal,71.0,672.55,8.35,0,220.68,3,1,74.72777777777777,2236
Male,63,No,No,2,0,1,No Offer,Yes,29.1,No,No,No Internet,0,No,No,No,No,No,No,No,No,Month-to-Month,No,Credit Card,19.85,19.85,0.0,0,29.1,3,0,19.85,4840
Male,27,No,Yes,0,2,57,No Offer,No,0.0,No,Yes,DSL,69,No,Yes,Yes,Yes,Yes,Yes,Yes,No,Two Year,Yes,Bank Withdrawal,57.5,3265.95,0.0,150,0.0,4,6,57.29736842105263,4133
Female,32,No,Yes,0,0,57,Offer B,Yes,12.19,Yes,Yes,Fiber Optic,16,Yes,No,No,No,Yes,Yes,Yes,Yes,Month-to-Month,Yes,Bank Withdrawal,99.65,5497.05,0.0,0,694.83,4,5,96.43947368421053,5106
Male,37,No,No,0,0,53,Offer B,Yes,4.82,No,Yes,DSL,24,No,No,Yes,No,No,Yes,Yes,Yes,One Year,Yes,Bank Withdrawal,61.1,3357.9,0.0,0,255.46,5,4,63.35660377358491,5940
Female,30,No,No,0,0,29,No Offer,Yes,15.06,No,No,No Internet,0,No,No,No,No,No,No,No,No,Two Year,No,Credit Card,19.4,554.25,0.0,0,436.74,3,0,19.112068965517242,2265
Male,54,No,Yes,0,10,44,Offer B,Yes,15.33,Yes,No,No Internet,0,No,No,No,No,No,No,No,No,One Year,No,Credit Card,25.7,1110.5,0.0,0,674.52,3,0,25.238636363636363,3037
Female,71,Yes,No,0,0,3,Offer E,Yes,2.26,No,Yes,Fiber Optic,3,No,No,No,No,No,No,No,Yes,Month-to-Month,Yes,Bank Withdrawal,70.4,204.7,0.0,0,6.78,3,1,68.23333333333333,2491
Male,65,Yes,Yes,0,0,72,No Offer,Yes,44.61,Yes,Yes,Fiber Optic,30,No,Yes,No,No,Yes,Yes,Yes,Yes,Two Year,No,Bank Withdrawal,98.35,6929.4,0.0,0,3211.92,3,5,96.24166666666666,6120
Female,31,No,Yes,2,0,64,Offer B,Yes,27.74,Yes,Yes,Fiber Optic,12,Yes,No,No,Yes,No,No,No,Yes,Month-to-Month,Yes,Bank Withdrawal,86.8,5327.25,0.0,0,1775.36,3,3,83.23828125,4915
Female,33,No,Yes,1,1,1,No Offer,Yes,7.49,No,No,No Internet,0,No,No,No,No,No,No,No,No,Month-to-Month,Yes,Bank Withdrawal,19.9,19.9,0.0,0,7.49,3,0,19.9,4633
Female,54,No,No,0,0,1,Offer E,Yes,29.78,No,Yes,Fiber Optic,13,No,No,No,No,No,No,No,Yes,Month-to-Month,No,Credit Card,69.55,69.55,0.0,0,29.78,1,1,69.55,2792
Female,38,No,No,0,0,41,No Offer,Yes,32.66,Yes,No,No Internet,0,No,No,No,No,No,No,No,No,One Year,Yes,Mailed Check,24.85,962.25,0.0,0,1339.06,3,0,23.46951219512195,3089
Female,62,No,No,0,0,3,No Offer,No,0.0,No,Yes,DSL,27,No,No,No,No,No,No,No,Yes,Month-to-Month,No,Bank Withdrawal,25.25,58.9,0.0,0,0.0,1,1,19.633333333333333,2088
Female,49,No,No,0,0,49,Offer B,Yes,27.2,Yes,Yes,Fiber Optic,24,No,No,No,No,No,Yes,Yes,Yes,Month-to-Month,Yes,Bank Withdrawal,84.5,3906.7,0.0,0,1332.8,5,3,79.72857142857143,6434
Female,70,Yes,Yes,0,1,60,No Offer,Yes,4.06,Yes,Yes,Fiber Optic,11,Yes,Yes,Yes,Yes,Yes,Yes,No,Yes,Two Year,Yes,Bank Withdrawal,116.05,6925.9,0.0,0,243.6,3,7,115.43166666666666,4734
Female,29,No,Yes,2,10,69,No Offer,No,0.0,No,Yes,DSL,69,Yes,Yes,Yes,Yes,No,No,No,Yes,Two Year,No,Bank Withdrawal,46.25,3121.4,0.0,0,0.0,4,5,45.23768115942029,4180
Female,39,No,No,0,0,1,Offer E,Yes,9.05,No,Yes,Fiber Optic,21,No,Yes,No,No,No,No,No,Yes,Month-to-Month,Yes,Bank Withdrawal,75.7,75.7,0.0,0,9.05,3,2,75.7,4884
Male,35,No,Yes,3,4,66,No Offer,No,0.0,No,Yes,Cable,25,No,Yes,Yes,No,Yes,Yes,Yes,Yes,Two Year,Yes,Credit Card,56.75,3708.4,0.0,0,0.0,3,6,56.18787878787879,5748
Male,47,No,No,0,0,38,Offer C,Yes,4.34,Yes,Yes,Fiber Optic,26,Yes,Yes,No,No,Yes,Yes,Yes,Yes,One Year,Yes,Bank Withdrawal,104.85,3887.25,0.0,0,164.92,4,6,102.29605263157895,2709
Female,52,No,No,0,0,46,No Offer,Yes,45.2,No,Yes,DSL,17,No,No,Yes,Yes,No,No,No,Yes,Two Year,No,Credit Card,54.35,2460.15,0.0,0,2079.2,3,3,53.481521739130436,2793
Female,73,Yes,No,0,0,30,No Offer,Yes,43.61,Yes,Yes,Fiber Optic,8,No,Yes,No,No,Yes,Yes,No,No,Month-to-Month,Yes,Bank Withdrawal,99.7,2967.35,0.0,80,1308.3,1,3,98.91166666666666,3548
Female,24,No,Yes,0,8,33,Offer C,Yes,8.79,No,Yes,Cable,27,Yes,Yes,Yes,No,No,No,No,Yes,One Year,Yes,Credit Card,58.45,1955.4,0.0,0,290.07,4,4,59.25454545454546,4276
Male,71,Yes,No,0,0,1,No Offer,Yes,40.38,No,Yes,DSL,6,No,No,No,No,No,No,No,Yes,Month-to-Month,Yes,Credit Card,45.85,45.85,0.0,0,40.38,5,1,45.85,5715
Female,62,No,Yes,3,9,1,No Offer,Yes,30.09,No,No,No Internet,0,No,No,No,No,No,No,No,No,Two Year,No,Credit Card,20.35,20.35,0.0,0,30.09,5,0,20.35,4836
Female,57,No,Yes,0,1,72,No Offer,Yes,31.13,Yes,Yes,Fiber Optic,11,No,Yes,Yes,Yes,Yes,Yes,Yes,Yes,One Year,Yes,Bank Withdrawal,109.25,8109.8,0.0,0,2241.36,1,7,112.63611111111112,4261
Male,75,Yes,Yes,0,5,49,Offer B,Yes,26.0,Yes,Yes,Fiber Optic,16,Yes,Yes,Yes,No,No,No,No,Yes,One Year,Yes,Bank Withdrawal,88.2,4159.45,0.0,0,1274.0,4,4,84.88673469387754,5987
Female,60,No,No,0,0,61,No Offer,Yes,19.58,Yes,Yes,DSL,22,No,Yes,Yes,Yes,Yes,Yes,Yes,Yes,Two Year,No,Credit Card,88.65,5321.25,0.0,0,1194.38,4,7,87.23360655737704,4730
Male,73,Yes,No,0,0,1,Offer E,Yes,30.17,Yes,Yes,Fiber Optic,6,No,No,No,No,Yes,Yes,No,Yes,Month-to-Month,Yes,Bank Withdrawal,93.55,93.55,0.0,0,30.17,1,3,93.55,5536
Female,54,No,No,0,0,31,No Offer,Yes,6.33,Yes,Yes,Fiber Optic,11,No,No,Yes,No,No,Yes,Yes,Yes,Month-to-Month,Yes,Bank Withdrawal,89.9,2806.9,41.18,0,196.23,2,4,90.54516129032258,2031
Male,19,No,Yes,3,7,12,Offer D,No,0.0,No,Yes,DSL,73,No,Yes,No,Yes,No,No,No,Yes,Month-to-Month,No,Mailed Check,35.5,432.25,0.0,0,0.0,4,3,36.020833333333336,2562
Male,25,No,No,0,0,21,Offer D,Yes,39.85,No,Yes,DSL,52,No,No,Yes,No,No,Yes,Yes,Yes,Month-to-Month,No,Credit Card,61.65,1393.6,0.0,0,836.85,4,4,66.36190476190475,2926
Female,73,Yes,Yes,0,5,22,Offer D,Yes,17.22,Yes,Yes,DSL,25,Yes,Yes,No,Yes,No,No,No,Yes,Two Year,Yes,Credit Card,63.55,1381.8,0.0,0,378.84,3,4,62.809090909090905,2136
Male,59,No,Yes,0,1,15,No Offer,Yes,18.6,Yes,Yes,Fiber Optic,13,No,No,Yes,Yes,Yes,Yes,Yes,No,Month-to-Month,Yes,Bank Withdrawal,103.45,1539.8,0.0,140,279.0,5,5,102.65333333333334,5640
Male,29,No,No,1,0,1,Offer E,Yes,6.35,No,Yes,DSL,76,No,Yes,No,No,No,No,No,Yes,Month-to-Month,Yes,Bank Withdrawal,49.9,49.9,0.0,0,6.35,5,2,49.9,3239
Female,48,No,Yes,0,1,12,Offer D,Yes,19.48,No,No,No Internet,0,No,No,No,No,No,No,No,No,Month-to-Month,No,Credit Card,19.0,233.55,0.0,0,233.76,1,0,19.462500000000002,3535
Male,28,No,No,0,0,10,Offer D,Yes,29.24,Yes,Yes,Fiber Optic,85,No,No,No,No,No,No,Yes,Yes,Month-to-Month,Yes,Credit Card,74.15,811.8,0.0,0,292.4,1,2,81.17999999999999,4231
Male,60,No,No,0,0,72,No Offer,Yes,36.49,Yes,Yes,Fiber Optic,27,Yes,Yes,Yes,Yes,Yes,Yes,Yes,Yes,Two Year,Yes,Bank Withdrawal,118.2,8547.15,0.0,0,2627.28,3,8,118.71041666666666,4886
Female,47,No,No,0,0,57,No Offer,Yes,38.94,Yes,Yes,Fiber Optic,7,No,Yes,No,Yes,No,Yes,Yes,Yes,One Year,No,Bank Withdrawal,94.7,5468.95,0.0,0,2219.58,4,5,95.94649122807017,4507
Female,36,No,No,0,0,12,Offer D,Yes,17.46,No,Yes,Fiber Optic,9,No,No,Yes,Yes,No,Yes,Yes,Yes,Month-to-Month,Yes,Bank Withdrawal,89.4,1095.65,0.0,0,209.52,1,5,91.30416666666667,5047
Female,72,Yes,Yes,0,1,25,No Offer,Yes,19.44,No,Yes,Fiber Optic,4,No,Yes,Yes,No,No,Yes,Yes,Yes,Two Year,No,Bank Withdrawal,88.4,2191.15,0.0,0,486.0,3,5,87.646,4849
Male,56,No,No,0,0,2,No Offer,Yes,15.79,No,No,No Internet,0,No,No,No,No,No,No,No,No,One Year,No,Credit Card,19.3,28.3,0.0,0,31.58,3,0,14.15,2279
Male,69,Yes,Yes,0,1,69,Offer A,Yes,48.88,Yes,Yes,Fiber Optic,4,No,Yes,Yes,Yes,Yes,Yes,No,Yes,Two Year,Yes,Bank Withdrawal,108.4,7318.2,0.0,0,3372.72,3,6,106.06086956521739,4708
Female,77,Yes,No,0,0,22,No Offer,Yes,23.43,No,Yes,Fiber Optic,22,Yes,Yes,No,No,No,No,No,Yes,One Year,No,Bank Withdrawal,81.7,1820.9,29.88,0,515.46,4,3,82.76818181818182,5602
Male,75,Yes,No,0,0,11,No Offer,Yes,2.63,Yes,Yes,Fiber Optic,13,No,Yes,Yes,Yes,Yes,Yes,No,No,Two Year,Yes,Bank Withdrawal,111.4,1183.05,0.0,40,28.93,3,5,107.55,3175
Male,37,No,No,0,0,2,Offer E,Yes,2.72,No,Yes,Fiber Optic,14,No,No,No,No,No,No,No,No,Month-to-Month,No,Credit Card,70.7,129.2,0.0,10,5.44,4,0,64.6,2388
Male,42,No,No,0,0,22,Offer D,Yes,10.36,No,No,No Internet,0,No,No,No,No,No,No,No,No,One Year,No,Credit Card,20.3,475.1,0.0,0,227.92,5,0,21.595454545454547,4510
Male,71,Yes,No,0,0,3,No Offer,Yes,30.25,Yes,Yes,Fiber Optic,28,No,No,No,No,No,No,No,Yes,Month-to-Month,Yes,Bank Withdrawal,76.05,231.8,0.0,0,90.75,1,1,77.26666666666667,2930
Female,44,No,No,0,0,1,No Offer,Yes,10.2,No,No,No Internet,0,No,No,No,No,No,No,No,No,Month-to-Month,Yes,Credit Card,19.55,19.55,0.0,0,10.2,5,0,19.55,5607
Male,56,No,No,0,0,2,No Offer,Yes,5.08,No,Yes,DSL,17,No,No,No,No,No,No,No,Yes,Month-to-Month,No,Bank Withdrawal,44.9,111.05,0.0,0,10.16,4,1,55.525,4370
Female,56,No,Yes,3,6,13,No Offer,Yes,27.62,No,No,No Internet,0,No,No,No,No,No,No,No,No,Two Year,No,Credit Card,20.85,272.35,0.0,0,359.06,4,0,20.950000000000003,3163
Female,50,No,Yes,0,6,67,No Offer,Yes,17.72,Yes,Yes,Fiber Optic,23,No,Yes,Yes,Yes,Yes,Yes,Yes,Yes,One Year,Yes,Credit Card,109.7,7344.45,0.0,0,1187.24,4,7,109.6186567164179,4017
Male,30,No,Yes,2,1,27,No Offer,Yes,13.55,Yes,Yes,Cable,59,No,No,No,Yes,Yes,Yes,Yes,No,Month-to-Month,No,Bank Withdrawal,71.6,1957.1,0.0,140,365.85,5,4,72.48518518518519,3773
Male,24,No,No,0,0,50,No Offer,Yes,21.72,No,No,No Internet,0,No,No,No,No,No,No,No,No,One Year,No,Credit Card,20.15,989.05,0.0,0,1086.0,5,0,19.781,5249
Male,55,No,Yes,0,1,5,No Offer,Yes,1.16,Yes,Yes,Fiber Optic,7,No,Yes,No,No,No,No,No,No,Month-to-Month,Yes,Bank Withdrawal,78.75,412.1,0.0,10,5.8,2,1,82.42,3401
Male,46,No,Yes,0,2,72,Offer A,Yes,47.82,Yes,Yes,Fiber Optic,21,Yes,Yes,Yes,Yes,Yes,Yes,Yes,Yes,Two Year,Yes,Bank Withdrawal,115.55,8425.3,0.0,0,3443.04,3,8,117.01805555555555,5890
Male,71,Yes,Yes,0,1,53,No Offer,Yes,21.67,Yes,Yes,Cable,6,Yes,No,No,Yes,No,No,No,No,One Year,Yes,Bank Withdrawal,60.05,3229.65,0.0,100,1148.51,1,2,60.93679245283019,5271
Female,21,No,Yes,3,4,1,No Offer,Yes,6.86,No,No,No Internet,0,No,No,No,No,No,No,No,No,Month-to-Month,No,Bank Withdrawal,20.0,20.0,0.0,0,6.86,4,0,20.0,2358
Female,77,Yes,No,0,0,1,Offer E,No,0.0,No,Yes,DSL,15,No,No,No,No,No,No,No,Yes,Month-to-Month,No,Bank Withdrawal,25.25,25.25,0.0,0,0.0,2,1,25.25,4628
Male,48,No,No,0,0,31,No Offer,Yes,41.23,No,Yes,DSL,27,Yes,Yes,Yes,Yes,Yes,No,No,Yes,Month-to-Month,Yes,Bank Withdrawal,72.45,2156.25,0.0,0,1278.13,4,6,69.55645161290323,3175
Male,47,No,Yes,1,1,8,Offer E,Yes,3.85,No,Yes,DSL,20,No,No,Yes,No,No,No,No,Yes,Month-to-Month,Yes,Bank Withdrawal,51.05,415.05,0.0,0,30.8,1,2,51.88125,3758
Male,41,No,No,0,0,65,Offer B,Yes,22.23,Yes,Yes,DSL,18,No,Yes,Yes,Yes,No,Yes,Yes,Yes,Two Year,Yes,Credit Card,74.2,4805.65,0.0,0,1444.95,3,6,73.93307692307691,4774
Male,30,No,Yes,0,7,43,No Offer,Yes,33.97,Yes,Yes,DSL,69,Yes,No,Yes,No,Yes,Yes,Yes,Yes,One Year,Yes,Bank Withdrawal,80.2,3581.6,0.0,0,1460.71,3,6,83.29302325581395,5888
Female,30,No,Yes,0,10,52,Offer B,Yes,5.32,Yes,No,No Internet,0,No,No,No,No,No,No,No,No,Two Year,Yes,Bank Withdrawal,25.05,1270.25,0.0,0,276.64,4,0,24.427884615384617,5674
Female,53,No,Yes,0,1,1,No Offer,Yes,39.79,No,Yes,Fiber Optic,7,No,No,No,No,Yes,No,No,Yes,Month-to-Month,Yes,Mailed Check,80.05,80.05,0.0,0,39.79,3,2,80.05,2943
Female,50,No,No,0,0,6,No Offer,Yes,39.36,No,Yes,Fiber Optic,5,No,No,No,No,No,No,No,Yes,Month-to-Month,Yes,Mailed Check,69.25,418.4,0.0,0,236.16,1,1,69.73333333333333,5816
Male,28,No,Yes,0,1,5,No Offer,Yes,5.2,No,No,No Internet,0,No,No,No,No,No,No,No,No,One Year,No,Credit Card,20.1,85.1,0.0,0,26.0,3,0,17.02,2894
Female,43,No,No,0,0,1,No Offer,Yes,17.37,No,Yes,Fiber Optic,25,No,No,No,No,No,No,No,Yes,Month-to-Month,Yes,Bank Withdrawal,70.1,70.1,0.0,0,17.37,1,1,70.1,3706
Female,53,No,No,1,0,26,No Offer,Yes,16.34,Yes,Yes,DSL,19,No,No,No,No,No,No,No,No,Month-to-Month,Yes,Credit Card,49.5,1265.65,0.0,150,424.84,5,0,48.67884615384616,4196
Female,28,No,Yes,3,3,64,Offer B,No,0.0,No,Yes,DSL,59,No,Yes,Yes,Yes,No,Yes,Yes,Yes,Two Year,No,Bank Withdrawal,49.85,3210.35,0.0,0,0.0,5,6,50.16171875,5644
Female,22,No,No,0,0,56,No Offer,Yes,35.59,No,Yes,Fiber Optic,69,No,Yes,No,No,No,No,Yes,Yes,Month-to-Month,Yes,Bank Withdrawal,73.85,4092.85,0.0,0,1993.04,3,3,73.08660714285715,5276
Male,60,No,Yes,0,1,67,No Offer,Yes,21.17,No,Yes,Cable,13,Yes,No,Yes,Yes,No,No,No,No,Two Year,Yes,Bank Withdrawal,60.4,3953.7,0.0,40,1418.39,3,3,59.01044776119403,5356
Female,47,No,Yes,0,9,49,Offer B,Yes,25.1,Yes,Yes,DSL,30,Yes,Yes,Yes,No,No,Yes,Yes,Yes,One Year,No,Bank Withdrawal,71.8,3472.05,0.0,0,1229.9,4,6,70.85816326530613,6193
Male,54,No,Yes,0,1,47,Offer B,Yes,7.62,Yes,Yes,Fiber Optic,20,No,Yes,Yes,Yes,Yes,Yes,Yes,No,Month-to-Month,Yes,Bank Withdrawal,109.55,5124.55,0.0,0,358.14,2,6,109.03297872340426,5863
Male,59,No,No,0,0,40,No Offer,Yes,17.83,Yes,Yes,Fiber Optic,27,No,No,No,No,Yes,No,No,Yes,Month-to-Month,Yes,Bank Withdrawal,84.9,3369.05,0.0,0,713.2,4,2,84.22625000000001,2904
Female,78,Yes,No,0,0,18,Offer D,Yes,21.09,No,Yes,Fiber Optic,18,No,Yes,No,No,No,No,No,No,Month-to-Month,Yes,Bank Withdrawal,74.7,1294.6,0.0,20,379.62,4,1,71.92222222222222,3896
Female,44,No,Yes,2,10,16,Offer D,Yes,7.14,No,No,No Internet,0,No,No,No,No,No,No,No,No,Two Year,No,Credit Card,19.7,301.55,0.0,0,114.24,3,0,18.846875,5293
Female,27,No,Yes,2,2,22,Offer D,Yes,49.51,No,No,No Internet,0,No,No,No,No,No,No,No,No,Month-to-Month,No,Credit Card,19.9,400.3,0.0,0,1089.22,4,0,18.195454545454545,5657
Female,41,No,Yes,0,8,68,Offer A,Yes,17.12,Yes,No,No Internet,0,No,No,No,No,No,No,No,No,Two Year,No,Credit Card,25.8,1911.5,0.0,0,1164.16,4,0,28.110294117647058,4747
Male,23,No,Yes,2,8,69,Offer A,Yes,26.44,No,No,No Internet,0,No,No,No,No,No,No,No,No,One Year,Yes,Credit Card,20.55,1403.1,0.0,0,1824.36,4,0,20.33478260869565,5366
Female,40,No,Yes,3,3,5,Offer E,No,0.0,No,Yes,DSL,53,No,No,No,No,No,No,No,Yes,Month-to-Month,No,Credit Card,25.05,125.5,0.0,0,0.0,5,1,25.1,2071
Male,41,No,No,0,0,17,No Offer,Yes,49.71,Yes,Yes,Fiber Optic,4,No,No,Yes,Yes,No,No,No,Yes,One Year,No,Bank Withdrawal,86.75,1410.25,0.0,0,845.07,5,3,82.95588235294117,5863
Male,33,No,No,0,0,1,Offer E,Yes,46.23,No,Yes,DSL,25,Yes,No,No,No,No,No,No,Yes,Month-to-Month,No,Bank Withdrawal,47.95,47.95,0.0,0,46.23,4,2,47.95,5092
Male,62,No,No,0,0,1,Offer E,Yes,34.02,Yes,Yes,DSL,24,No,Yes,No,No,No,No,No,No,Month-to-Month,No,Bank Withdrawal,54.3,54.3,0.0,10,34.02,5,1,54.3,3259
Male,39,No,Yes,2,8,28,No Offer,Yes,7.73,No,Yes,Fiber Optic,13,No,Yes,Yes,No,Yes,Yes,Yes,Yes,One Year,No,Bank Withdrawal,100.35,2799.0,0.0,0,216.44,3,6,99.96428571428571,3411
Male,47,No,No,0,0,6,Offer E,No,0.0,No,Yes,DSL,14,No,Yes,No,No,No,No,No,Yes,Month-to-Month,Yes,Credit Card,30.5,208.7,0.0,0,0.0,1,2,34.78333333333333,4667
Female,49,No,Yes,0,7,21,Offer D,Yes,14.51,No,Yes,Fiber Optic,20,No,No,Yes,Yes,No,No,No,Yes,One Year,No,Bank Withdrawal,79.2,1742.45,0.0,0,304.71,3,3,82.97380952380952,4900
Female,26,No,No,0,0,37,No Offer,Yes,45.06,Yes,Yes,Fiber Optic,82,No,No,No,Yes,Yes,Yes,Yes,Yes,Month-to-Month,No,Credit Card,100.3,3541.4,0.0,0,1667.22,5,5,95.71351351351352,4040
Male,27,No,No,0,0,10,No Offer,Yes,39.39,No,No,No Internet,0,No,No,No,No,No,No,No,No,Month-to-Month,No,Bank Withdrawal,20.0,185.4,0.0,0,393.9,3,0,18.54,2706
Male,49,No,No,0,0,15,No Offer,Yes,48.93,Yes,Yes,Fiber Optic,15,No,No,No,No,Yes,Yes,Yes,Yes,Month-to-Month,Yes,Bank Withdrawal,93.35,1444.65,0.0,0,733.95,1,4,96.31,5264
Female,70,Yes,Yes,0,1,72,No Offer,Yes,24.44,Yes,Yes,DSL,13,Yes,Yes,Yes,Yes,Yes,Yes,No,Yes,Two Year,No,Credit Card,89.1,6352.4,0.0,0,1759.68,3,7,88.22777777777777,4627
Female,43,No,Yes,2,2,71,No Offer,Yes,16.84,No,No,No Internet,0,No,No,No,No,No,No,No,No,Two Year,No,Bank Withdrawal,19.85,1326.35,0.0,0,1195.64,4,0,18.680985915492958,6342
Male,51,No,No,0,0,64,Offer B,Yes,9.95,No,Yes,Fiber Optic,2,Yes,Yes,No,No,Yes,Yes,Yes,Yes,One Year,Yes,Credit Card,100.3,6603.8,0.0,0,636.8,5,6,103.184375,4986
Male,55,No,Yes,3,4,40,No Offer,Yes,3.52,Yes,Yes,Fiber Optic,56,No,No,Yes,No,No,No,No,Yes,Month-to-Month,Yes,Bank Withdrawal,81.2,3292.3,0.0,0,140.8,3,2,82.3075,5370
Female,19,No,Yes,0,7,7,No Offer,Yes,33.24,No,Yes,DSL,53,Yes,No,No,No,No,No,No,Yes,Month-to-Month,Yes,Bank Withdrawal,50.3,355.1,0.0,0,232.68,3,2,50.728571428571435,2547
Male,55,No,No,0,0,2,No Offer,Yes,7.8,No,No,No Internet,0,No,No,No,No,No,No,No,No,Month-to-Month,Yes,Bank Withdrawal,19.65,31.2,0.0,0,15.6,5,0,15.6,4841
Male,73,Yes,Yes,0,7,29,Offer C,Yes,36.75,Yes,Yes,Fiber Optic,12,No,No,No,No,No,Yes,Yes,Yes,Two Year,Yes,Bank Withdrawal,84.3,2357.75,0.0,0,1065.75,3,3,81.30172413793103,2217
Male,22,No,No,0,0,51,Offer B,Yes,44.77,Yes,Yes,Fiber Optic,58,Yes,Yes,No,No,Yes,No,Yes,Yes,One Year,Yes,Bank Withdrawal,94.8,4837.6,0.0,0,2283.27,3,5,94.85490196078432,5074
Male,59,No,Yes,0,7,36,No Offer,No,0.0,No,Yes,DSL,24,Yes,No,Yes,Yes,Yes,Yes,Yes,Yes,One Year,No,Credit Card,60.7,2234.55,0.0,0,0.0,3,7,62.07083333333334,3671
Female,63,No,No,0,0,24,Offer C,Yes,44.09,Yes,Yes,Fiber Optic,9,No,No,Yes,No,Yes,No,No,Yes,Month-to-Month,Yes,Credit Card,88.95,2072.75,0.0,0,1058.16,3,3,86.36458333333333,5557
Male,39,No,Yes,1,2,32,No Offer,Yes,35.39,No,No,No Internet,0,No,No,No,No,No,No,No,No,Two Year,No,Credit Card,18.95,613.95,0.0,0,1132.48,4,0,19.1859375,4735
Male,52,No,Yes,0,1,65,Offer B,Yes,19.84,Yes,Yes,Fiber Optic,2,No,Yes,No,No,No,Yes,Yes,No,Month-to-Month,Yes,Bank Withdrawal,90.65,5931.0,0.0,110,1289.6,5,3,91.24615384615385,6358
Male,56,No,Yes,1,5,40,No Offer,Yes,14.41,No,Yes,Fiber Optic,22,No,No,Yes,No,Yes,No,No,Yes,One Year,Yes,Bank Withdrawal,85.05,3355.65,38.15,0,576.4,4,3,83.89125,5904
Male,29,No,Yes,0,2,71,Offer A,Yes,40.63,Yes,Yes,DSL,69,Yes,Yes,No,Yes,No,No,Yes,Yes,Two Year,No,Bank Withdrawal,65.15,4681.75,4.7,0,2884.73,3,5,65.94014084507042,4384
Female,22,No,Yes,3,9,18,No Offer,Yes,43.69,Yes,No,No Internet,0,No,No,No,No,No,No,No,No,Two Year,Yes,Credit Card,24.65,471.35,0.0,0,786.42,3,0,26.186111111111114,5231
Male,44,No,No,1,0,3,No Offer,Yes,33.87,Yes,No,No Internet,0,No,No,No,No,No,No,No,No,Two Year,Yes,Credit Card,26.4,121.25,0.0,0,101.61,5,0,40.416666666666664,4315
Male,47,No,Yes,1,2,72,No Offer,Yes,17.3,Yes,Yes,Fiber Optic,14,Yes,Yes,Yes,Yes,Yes,Yes,Yes,Yes,Two Year,Yes,Credit Card,112.6,8126.65,0.0,0,1245.6,3,8,112.87013888888889,6486
Male,64,No,No,0,0,2,No Offer,No,0.0,No,Yes,Cable,11,No,No,No,Yes,No,No,No,Yes,Month-to-Month,No,Bank Withdrawal,29.85,75.6,0.0,0,0.0,2,2,37.8,4268
Female,47,No,No,0,0,29,No Offer,Yes,4.53,Yes,No,No Internet,0,No,No,No,No,No,No,No,No,Month-to-Month,No,Bank Withdrawal,25.15,702.0,0.0,0,131.37,4,0,24.20689655172414,5491
Male,25,No,No,0,0,1,No Offer,Yes,22.3,Yes,Yes,Fiber Optic,51,No,No,No,No,Yes,No,No,No,Month-to-Month,Yes,Mailed Check,84.65,84.65,0.0,40,22.3,1,1,84.65,4261
Male,62,No,No,0,0,35,Offer C,Yes,39.87,Yes,Yes,Fiber Optic,23,Yes,Yes,Yes,Yes,No,No,No,No,Month-to-Month,Yes,Credit Card,96.75,3403.4,0.0,130,1395.45,3,4,97.24000000000001,5154
Male,38,No,Yes,0,9,16,No Offer,Yes,23.31,No,Yes,DSL,27,Yes,No,Yes,No,Yes,No,No,Yes,Two Year,No,Credit Card,64.25,1024.0,0.0,0,372.96,4,4,64.0,5511
Male,21,No,Yes,0,10,72,No Offer,Yes,14.19,Yes,Yes,Fiber Optic,71,No,Yes,Yes,Yes,Yes,Yes,Yes,Yes,Two Year,Yes,Bank Withdrawal,108.2,7840.6,0.0,0,1021.68,4,7,108.89722222222223,4773
Male,25,No,No,0,0,2,No Offer,Yes,37.7,No,Yes,Fiber Optic,73,No,No,No,No,Yes,No,No,Yes,Month-to-Month,Yes,Bank Withdrawal,79.95,174.45,0.0,0,75.4,5,2,87.225,5213
Female,65,Yes,Yes,0,1,40,No Offer,Yes,49.5,Yes,Yes,Fiber Optic,20,No,No,No,No,Yes,Yes,Yes,Yes,Month-to-Month,Yes,Credit Card,94.55,3640.45,0.0,0,1980.0,1,4,91.01124999999999,5676
Female,49,No,Yes,0,1,72,No Offer,Yes,38.28,Yes,Yes,DSL,24,Yes,Yes,Yes,Yes,Yes,Yes,Yes,Yes,Two Year,No,Bank Withdrawal,88.05,6520.8,29.11,0,2756.16,4,8,90.56666666666666,6247
Male,36,No,Yes,0,6,60,No Offer,Yes,4.59,Yes,Yes,Fiber Optic,9,Yes,No,Yes,Yes,Yes,Yes,Yes,Yes,Month-to-Month,Yes,Bank Withdrawal,109.45,6572.85,0.0,0,275.4,4,7,109.5475,4350
Female,34,No,No,0,0,13,Offer D,Yes,38.4,Yes,Yes,DSL,23,Yes,No,Yes,No,Yes,Yes,Yes,No,Month-to-Month,Yes,Bank Withdrawal,78.75,995.35,0.0,50,499.2,4,5,76.56538461538462,5631
Female,34,No,Yes,2,2,61,Offer B,Yes,42.85,No,Yes,DSL,11,Yes,No,No,No,No,No,No,Yes,One Year,Yes,Bank Withdrawal,49.7,2961.4,0.0,0,2613.85,3,2,48.54754098360656,4577
Male,32,No,Yes,1,4,69,Offer A,Yes,49.4,No,Yes,DSL,12,Yes,Yes,Yes,No,No,No,No,Yes,Two Year,Yes,Bank Withdrawal,59.75,4069.9,0.0,0,3408.6,3,4,58.984057971014494,4665
Male,68,Yes,No,0,0,13,No Offer,Yes,26.11,No,Yes,Fiber Optic,4,No,No,No,No,Yes,Yes,Yes,No,Month-to-Month,Yes,Bank Withdrawal,90.5,1201.15,29.84,140,339.43,1,3,92.39615384615385,5394
Female,29,No,No,0,0,6,No Offer,No,0.0,No,Yes,Cable,48,No,No,No,Yes,Yes,Yes,Yes,Yes,One Year,Yes,Credit Card,49.25,255.6,0.0,0,0.0,3,5,42.6,2979
Female,21,No,Yes,0,3,62,Offer B,Yes,42.68,Yes,Yes,Fiber Optic,51,Yes,Yes,Yes,Yes,Yes,Yes,Yes,Yes,Two Year,No,Credit Card,113.95,6891.4,0.0,0,2646.16,3,8,111.1516129032258,6193
Female,35,No,Yes,0,5,4,No Offer,Yes,45.84,No,No,No Internet,0,No,No,No,No,No,No,No,No,Month-to-Month,No,Bank Withdrawal,20.15,91.4,0.0,0,183.36,3,0,22.85,2198
Female,19,No,No,0,0,1,No Offer,Yes,38.81,No,Yes,Fiber Optic,52,No,No,No,No,No,No,Yes,Yes,Month-to-Month,Yes,Credit Card,70.7,70.7,0.0,0,38.81,3,2,70.7,4056
Male,71,Yes,Yes,0,1,51,Offer B,No,0.0,No,Yes,DSL,21,No,Yes,No,No,No,No,No,Yes,Month-to-Month,Yes,Credit Card,29.45,1459.35,0.0,0,0.0,4,2,28.61470588235294,6285
Male,62,No,No,0,0,22,No Offer,Yes,20.46,No,No,No Internet,0,No,No,No,No,No,No,No,No,One Year,No,Credit Card,19.6,422.5,0.0,0,450.12,5,0,19.204545454545453,2203
Female,47,No,Yes,0,7,64,No Offer,Yes,23.25,No,No,No Internet,0,No,No,No,No,No,No,No,No,One Year,No,Bank Withdrawal,19.8,1336.65,0.0,0,1488.0,5,0,20.88515625,5384
Female,31,No,No,0,0,58,Offer B,Yes,38.62,Yes,No,No Internet,0,No,No,No,No,No,No,No,No,Two Year,No,Credit Card,24.35,1423.85,0.0,0,2239.96,3,0,24.54913793103448,6190
Male,61,No,Yes,3,0,53,Offer B,Yes,27.56,Yes,Yes,Cable,26,Yes,No,No,Yes,No,Yes,Yes,Yes,Month-to-Month,No,Bank Withdrawal,71.85,3827.9,0.0,0,1460.68,4,5,72.22452830188679,4903
Male,58,No,No,0,0,6,No Offer,Yes,10.88,No,Yes,Cable,8,No,Yes,No,No,Yes,No,No,Yes,Month-to-Month,No,Bank Withdrawal,59.45,357.6,0.0,0,65.28,4,3,59.6,2393
Female,66,Yes,No,0,0,37,No Offer,Yes,3.3,Yes,Yes,Fiber Optic,2,No,No,No,No,Yes,Yes,No,Yes,Month-to-Month,Yes,Bank Withdrawal,96.55,3580.3,0.0,0,122.1,2,3,96.76486486486488,4448
Male,33,No,Yes,0,3,59,Offer B,Yes,25.57,No,No,No Internet,0,No,No,No,No,No,No,No,No,Two Year,No,Credit Card,19.3,1192.7,0.0,0,1508.63,3,0,20.215254237288136,4149
Male,30,No,Yes,0,1,42,Offer B,Yes,17.31,Yes,Yes,Cable,82,Yes,No,No,Yes,Yes,Yes,Yes,Yes,One Year,No,Credit Card,80.45,3375.9,0.0,0,727.02,3,6,80.37857142857143,4397
Female,49,No,Yes,1,8,16,Offer D,Yes,46.45,Yes,Yes,Fiber Optic,12,Yes,No,Yes,Yes,Yes,Yes,Yes,Yes,Month-to-Month,Yes,Bank Withdrawal,112.95,1882.55,0.0,0,743.2,3,7,117.659375,2683
Female,34,No,No,0,0,8,Offer E,Yes,33.54,No,Yes,DSL,14,Yes,No,No,Yes,No,Yes,Yes,Yes,Month-to-Month,No,Bank Withdrawal,66.05,574.5,0.0,0,268.32,3,5,71.8125,4157
Male,45,No,No,0,0,24,No Offer,Yes,2.33,No,Yes,DSL,2,No,No,No,Yes,No,No,No,Yes,Month-to-Month,Yes,Credit Card,51.1,1269.6,0.0,0,55.92,5,2,52.9,2515
Female,31,No,Yes,0,9,9,Offer E,Yes,30.07,No,Yes,DSL,30,Yes,No,No,No,No,No,No,Yes,One Year,No,Credit Card,48.6,422.3,20.45,0,270.63,3,2,46.922222222222224,4562
Male,63,No,No,0,0,8,No Offer,Yes,30.53,No,Yes,DSL,26,No,No,No,No,No,Yes,Yes,Yes,Month-to-Month,Yes,Credit Card,54.75,438.05,0.0,0,244.24,5,3,54.75625,5317
Female,22,No,Yes,1,6,66,No Offer,Yes,23.2,Yes,Yes,DSL,59,Yes,Yes,Yes,No,No,No,No,Yes,Month-to-Month,Yes,Bank Withdrawal,67.45,4508.65,41.67,0,1531.2,3,4,68.31287878787879,4172
Male,72,Yes,Yes,0,0,26,Offer C,Yes,1.26,Yes,Yes,Fiber Optic,18,No,Yes,Yes,No,Yes,Yes,Yes,No,Month-to-Month,No,Bank Withdrawal,105.75,2710.25,0.0,90,32.76,1,5,104.24038461538461,3157
Male,27,No,Yes,0,4,35,No Offer,Yes,25.32,No,Yes,DSL,30,Yes,Yes,Yes,No,No,No,No,Yes,Month-to-Month,No,Credit Card,61.0,2130.45,10.7,0,886.2,3,4,60.87,4355
Male,41,No,Yes,0,10,69,No Offer,Yes,48.37,No,Yes,DSL,7,Yes,Yes,Yes,Yes,Yes,Yes,Yes,Yes,Two Year,Yes,Credit Card,84.7,5878.9,0.0,0,3337.53,3,8,85.20144927536231,5345
Female,34,No,Yes,1,4,71,Offer A,Yes,12.22,No,No,No Internet,0,No,No,No,No,No,No,No,No,Two Year,No,Bank Withdrawal,19.9,1389.35,0.0,0,867.62,4,0,19.56830985915493,5789
Male,75,Yes,Yes,0,3,72,Offer A,Yes,16.72,Yes,Yes,Cable,9,Yes,Yes,Yes,No,Yes,Yes,No,Yes,Two Year,No,Credit Card,84.45,5899.85,0.0,0,1203.84,3,6,81.94236111111111,5856
Male,40,No,Yes,0,2,2,Offer E,Yes,15.14,No,No,No Internet,0,No,No,No,No,No,No,No,No,One Year,No,Mailed Check,19.85,35.9,0.0,0,30.28,3,0,17.95,2362
Female,38,No,Yes,3,0,6,No Offer,Yes,30.01,No,No,No Internet,0,No,No,No,No,No,No,No,No,One Year,No,Credit Card,19.0,105.5,0.0,0,180.06,5,0,17.583333333333332,5518
Male,62,No,No,2,0,19,Offer D,Yes,14.48,Yes,No,No Internet,0,No,No,No,No,No,No,No,No,Month-to-Month,Yes,Credit Card,24.1,439.2,0.0,0,275.12,4,0,23.11578947368421,2378
Male,22,No,Yes,0,7,69,No Offer,No,0.0,No,Yes,DSL,59,Yes,No,Yes,Yes,Yes,Yes,Yes,No,Two Year,No,Bank Withdrawal,60.25,4055.5,0.0,120,0.0,3,6,58.77536231884058,5717
Male,62,No,No,0,0,19,Offer D,Yes,17.17,No,No,No Internet,0,No,No,No,No,No,No,No,No,One Year,No,Credit Card,18.8,279.2,0.0,0,326.23,3,0,14.694736842105263,2916
Female,80,Yes,No,0,0,36,Offer C,Yes,41.57,Yes,Yes,Fiber Optic,10,No,No,No,No,No,No,No,Yes,Two Year,Yes,Bank Withdrawal,74.9,2659.45,0.0,0,1496.52,3,1,73.8736111111111,5041
Male,62,No,Yes,1,1,64,No Offer,Yes,35.25,Yes,No,No Internet,0,No,No,No,No,No,No,No,No,Two Year,Yes,Credit Card,24.8,1514.85,0.0,0,2256.0,3,0,23.66953125,6281
Male,52,No,No,3,0,39,No Offer,Yes,49.95,Yes,No,No Internet,0,No,No,No,No,No,No,No,No,Two Year,No,Credit Card,25.0,1004.35,0.0,0,1948.05,4,0,25.752564102564104,4295
Male,54,No,Yes,2,2,58,Offer B,Yes,5.01,Yes,Yes,Fiber Optic,23,No,No,Yes,Yes,No,Yes,Yes,Yes,Two Year,No,Bank Withdrawal,94.35,5563.65,0.0,0,290.58,4,5,95.925,4777
Female,48,No,Yes,0,2,68,No Offer,Yes,27.41,Yes,Yes,DSL,9,Yes,Yes,Yes,Yes,No,No,No,Yes,Two Year,No,Credit Card,70.9,4911.35,49.37,0,1863.88,4,5,72.22573529411765,4114
Male,45,No,Yes,2,1,56,Offer B,Yes,22.74,No,Yes,DSL,13,Yes,Yes,Yes,No,No,No,No,Yes,Two Year,Yes,Bank Withdrawal,59.8,3457.45,35.01,0,1273.44,3,4,61.740178571428565,4964
Male,43,No,Yes,0,7,72,No Offer,Yes,42.16,No,Yes,Cable,18,No,Yes,Yes,No,Yes,Yes,Yes,Yes,Two Year,Yes,Bank Withdrawal,75.4,5480.25,0.0,0,3035.52,3,6,76.11458333333333,4171
Female,75,Yes,No,0,0,14,No Offer,Yes,35.07,Yes,Yes,Fiber Optic,10,No,No,No,No,No,No,No,Yes,Month-to-Month,Yes,Bank Withdrawal,74.3,1096.25,0.0,0,490.98,3,1,78.30357142857143,5342
Female,74,Yes,No,0,0,1,No Offer,No,0.0,No,Yes,Cable,5,No,No,No,No,No,No,No,Yes,Month-to-Month,Yes,Bank Withdrawal,25.2,25.2,0.0,0,0.0,1,1,25.2,5688
Female,52,No,No,0,0,2,Offer E,Yes,26.9,No,No,No Internet,0,No,No,No,No,No,No,No,No,Month-to-Month,No,Bank Withdrawal,19.9,57.4,0.0,0,53.8,4,0,28.7,2822
Male,23,No,No,0,0,70,No Offer,No,0.0,No,Yes,DSL,26,Yes,No,Yes,Yes,No,Yes,Yes,Yes,Two Year,No,Bank Withdrawal,48.4,3442.8,0.0,0,0.0,3,6,49.182857142857145,4483
Male,78,Yes,No,0,0,5,Offer E,Yes,17.13,No,Yes,Fiber Optic,9,No,No,No,No,No,No,No,Yes,Two Year,Yes,Credit Card,71.45,371.6,0.0,0,85.65,4,1,74.32000000000001,5171
Female,41,No,No,0,0,10,Offer D,Yes,12.96,No,Yes,DSL,29,No,No,Yes,Yes,No,No,No,Yes,Month-to-Month,No,Bank Withdrawal,54.25,583.0,0.0,0,129.6,4,3,58.3,2253
Female,65,Yes,No,0,0,46,No Offer,Yes,16.04,Yes,Yes,DSL,26,No,No,Yes,Yes,No,Yes,Yes,Yes,One Year,Yes,Credit Card,69.1,3255.35,0.0,0,737.84,3,5,70.76847826086956,3856
Female,57,No,No,0,0,2,Offer E,Yes,6.85,No,No,No Internet,0,No,No,No,No,No,No,No,No,Month-to-Month,Yes,Mailed Check,20.05,39.25,0.0,0,13.7,3,0,19.625,5191
Female,26,No,No,0,0,54,No Offer,Yes,11.76,Yes,Yes,Fiber Optic,52,No,No,Yes,Yes,No,Yes,Yes,Yes,Two Year,Yes,Bank Withdrawal,95.1,5064.85,0.0,0,635.04,3,5,93.79351851851852,4825
Male,28,No,Yes,0,1,38,No Offer,Yes,22.05,No,Yes,Cable,73,Yes,No,Yes,Yes,Yes,Yes,Yes,Yes,Two Year,No,Credit Card,81.0,3084.9,0.0,0,837.9,4,7,81.18157894736842,3067
Female,21,No,No,0,0,17,No Offer,Yes,42.42,No,No,No Internet,0,No,No,No,No,No,No,No,No,One Year,No,Credit Card,19.55,280.85,0.0,0,721.14,3,0,16.52058823529412,4947
Female,44,No,Yes,0,0,71,Offer A,Yes,14.91,No,No,No Internet,0,No,No,No,No,No,No,No,No,Two Year,Yes,Bank Withdrawal,20.9,1493.2,0.0,0,1058.61,4,0,21.03098591549296,4030
Female,62,No,Yes,0,4,50,Offer B,Yes,34.57,Yes,Yes,Fiber Optic,13,Yes,Yes,No,Yes,Yes,Yes,Yes,Yes,Month-to-Month,Yes,Bank Withdrawal,109.65,5405.8,0.0,0,1728.5,3,7,108.116,4676
Female,38,No,Yes,3,1,24,Offer C,Yes,4.47,No,No,No Internet,0,No,No,No,No,No,No,No,No,One Year,No,Credit Card,19.9,533.5,0.0,0,107.28,4,0,22.229166666666668,4158
Male,56,No,Yes,0,1,72,Offer A,Yes,29.29,Yes,Yes,DSL,30,Yes,Yes,Yes,Yes,No,Yes,Yes,No,Two Year,Yes,Bank Withdrawal,82.3,5980.55,0.0,140,2108.88,3,6,83.06319444444445,5219
Male,76,Yes,No,0,0,27,Offer C,Yes,34.39,Yes,Yes,Fiber Optic,19,No,Yes,No,Yes,Yes,Yes,No,Yes,One Year,Yes,Bank Withdrawal,104.65,2964.0,0.0,0,928.53,4,5,109.77777777777777,3104
Male,61,No,Yes,0,1,3,Offer E,No,0.0,No,Yes,Cable,13,No,No,No,No,No,Yes,Yes,Yes,Month-to-Month,Yes,Bank Withdrawal,35.15,99.75,0.0,0,0.0,2,3,33.25,2987
Female,45,No,No,0,0,11,No Offer,Yes,48.64,Yes,Yes,Fiber Optic,28,No,No,Yes,No,Yes,Yes,Yes,Yes,Month-to-Month,Yes,Bank Withdrawal,100.75,1129.75,0.0,0,535.04,2,5,102.70454545454545,2229
Female,63,No,No,0,0,1,Offer E,Yes,38.33,No,Yes,DSL,24,Yes,No,No,No,No,No,No,No,Month-to-Month,No,Bank Withdrawal,50.15,50.15,0.0,50,38.33,3,1,50.15,4421
Female,56,No,No,0,0,2,Offer E,Yes,29.04,No,Yes,Fiber Optic,21,No,No,No,No,Yes,No,No,Yes,Month-to-Month,Yes,Mailed Check,79.65,152.7,0.0,0,58.08,2,2,76.35,5082
Male,51,No,Yes,0,1,18,No Offer,Yes,11.3,Yes,Yes,Fiber Optic,16,Yes,No,No,No,Yes,Yes,Yes,Yes,Month-to-Month,Yes,Bank Withdrawal,99.4,1742.95,0.0,0,203.4,1,5,96.83055555555556,2421
Female,24,No,Yes,0,4,26,No Offer,No,0.0,No,Yes,DSL,51,Yes,No,Yes,No,No,No,No,Yes,One Year,No,Credit Card,35.4,978.6,0.0,0,0.0,3,3,37.63846153846154,2519
Female,29,No,No,0,0,7,Offer E,Yes,16.2,No,No,No Internet,0,No,No,No,No,No,No,No,No,One Year,No,Credit Card,19.9,173.15,0.0,0,113.4,3,0,24.735714285714288,2750
Male,45,No,No,0,0,57,Offer B,Yes,36.08,Yes,Yes,Fiber Optic,26,No,No,No,No,Yes,No,No,Yes,One Year,Yes,Bank Withdrawal,86.9,4939.25,0.0,0,2056.56,5,2,86.65350877192982,6109
Male,42,No,No,3,0,1,No Offer,Yes,30.63,No,No,No Internet,0,No,No,No,No,No,No,No,No,Month-to-Month,No,Credit Card,19.55,19.55,0.0,0,30.63,4,0,19.55,5272
Male,80,Yes,Yes,0,9,50,No Offer,Yes,14.49,Yes,Yes,Fiber Optic,17,Yes,Yes,Yes,No,Yes,No,No,Yes,One Year,Yes,Bank Withdrawal,101.9,5265.5,0.0,0,724.5,3,5,105.31,4184
Male,61,No,Yes,1,2,40,Offer B,Yes,1.89,No,No,No Internet,0,No,No,No,No,No,No,No,No,Month-to-Month,Yes,Bank Withdrawal,20.4,745.3,0.0,0,75.6,3,0,18.6325,5918
Male,19,No,No,0,0,62,No Offer,Yes,33.68,No,No,No Internet,0,No,No,No,No,No,No,No,No,Two Year,Yes,Credit Card,20.05,1201.65,0.0,0,2088.16,4,0,19.381451612903227,4568
Female,44,No,Yes,2,5,72,Offer A,No,0.0,No,Yes,Cable,23,Yes,Yes,Yes,Yes,Yes,Yes,Yes,Yes,Two Year,No,Bank Withdrawal,65.7,4575.35,0.0,0,0.0,3,8,63.54652777777778,6187
Female,28,No,Yes,0,4,70,No Offer,Yes,39.78,No,Yes,DSL,52,No,Yes,Yes,Yes,Yes,Yes,Yes,Yes,Two Year,Yes,Bank Withdrawal,80.4,5717.85,0.0,0,2784.6,5,7,81.68357142857144,6367
Female,33,No,Yes,3,10,42,No Offer,Yes,17.75,No,Yes,Fiber Optic,53,No,No,Yes,No,Yes,Yes,Yes,Yes,Month-to-Month,Yes,Bank Withdrawal,92.15,3875.4,0.0,0,745.5,5,5,92.27142857142857,5697
Female,62,No,No,0,0,70,Offer A,No,0.0,No,Yes,DSL,11,Yes,Yes,Yes,Yes,No,No,No,Yes,Two Year,Yes,Bank Withdrawal,44.6,3058.15,0.0,0,0.0,3,5,43.68785714285715,4442
Female,44,No,No,0,0,24,No Offer,Yes,25.81,Yes,Yes,Fiber Optic,3,Yes,No,No,Yes,No,No,No,Yes,Month-to-Month,Yes,Bank Withdrawal,84.35,1938.05,0.0,0,619.44,3,3,80.75208333333333,2198
Male,54,No,No,0,0,14,Offer D,Yes,18.48,Yes,Yes,DSL,21,No,Yes,No,No,No,No,No,Yes,Month-to-Month,Yes,Credit Card,55.5,767.55,0.0,0,258.72,4,2,54.824999999999996,3520
Male,61,No,Yes,2,6,52,Offer B,Yes,49.51,Yes,No,No Internet,0,No,No,No,No,No,No,No,No,Two Year,No,Mailed Check,25.75,1345.85,0.0,0,2574.52,3,0,25.881730769230767,4676
Female,41,No,No,0,0,4,Offer E,Yes,36.91,No,Yes,Fiber Optic,23,No,No,No,No,No,Yes,Yes,Yes,Month-to-Month,Yes,Bank Withdrawal,79.15,317.25,0.0,0,147.64,1,3,79.3125,5762
Female,36,No,No,0,0,2,No Offer,Yes,46.78,No,Yes,Fiber Optic,12,Yes,Yes,No,No,Yes,No,No,No,Month-to-Month,Yes,Bank Withdrawal,91.15,168.5,0.0,10,93.56,3,3,84.25,2686
Female,42,No,No,0,0,10,Offer D,No,0.0,No,Yes,DSL,8,Yes,No,No,No,No,No,No,Yes,Month-to-Month,No,Mailed Check,29.75,301.9,0.0,0,0.0,3,2,30.189999999999998,2013
Female,53,No,No,0,0,12,No Offer,Yes,12.75,Yes,Yes,Fiber Optic,24,No,No,No,No,Yes,Yes,Yes,No,Month-to-Month,Yes,Bank Withdrawal,94.2,1046.1,7.39,120,153.0,3,3,87.175,3975
Female,57,No,No,0,0,3,Offer E,Yes,3.64,Yes,Yes,DSL,25,No,No,No,Yes,Yes,No,No,Yes,Month-to-Month,Yes,Bank Withdrawal,63.6,155.65,0.0,0,10.92,1,3,51.88333333333333,3155
Female,38,No,No,0,0,36,No Offer,Yes,46.92,Yes,Yes,DSL,5,No,No,Yes,No,No,No,No,No,One Year,No,Bank Withdrawal,55.8,1941.5,0.0,70,1689.12,3,1,53.93055555555556,4770
Female,57,No,Yes,0,9,61,Offer B,Yes,1.27,No,Yes,DSL,24,No,No,Yes,Yes,Yes,Yes,Yes,No,Two Year,Yes,Bank Withdrawal,73.8,4616.05,49.51,30,77.47,4,5,75.67295081967214,6301
Male,29,No,Yes,0,1,71,No Offer,Yes,33.83,Yes,Yes,Fiber Optic,27,Yes,Yes,Yes,Yes,Yes,Yes,Yes,No,Two Year,Yes,Bank Withdrawal,116.1,8310.55,0.0,130,2401.93,4,7,117.04999999999998,5027
Male,39,No,No,0,0,5,No Offer,Yes,45.25,No,Yes,DSL,22,No,No,Yes,No,Yes,Yes,Yes,No,One Year,Yes,Credit Card,70.0,347.4,0.0,10,226.25,2,4,69.47999999999999,2673
Male,55,No,No,0,0,62,Offer B,Yes,41.13,Yes,Yes,Cable,12,Yes,Yes,Yes,Yes,No,No,No,Yes,Two Year,No,Bank Withdrawal,69.4,4237.5,0.0,0,2550.06,3,5,68.34677419354838,6469
Male,47,No,No,0,0,5,Offer E,Yes,7.31,No,Yes,DSL,18,No,No,No,Yes,No,No,No,Yes,Month-to-Month,Yes,Bank Withdrawal,49.2,216.9,0.0,0,36.55,1,2,43.38,4336
Female,73,Yes,Yes,0,10,4,No Offer,Yes,14.34,Yes,Yes,Fiber Optic,14,No,No,No,No,Yes,No,No,Yes,One Year,Yes,Bank Withdrawal,83.25,308.05,39.93,0,57.36,3,2,77.0125,5251
Female,46,No,Yes,0,1,62,Offer B,Yes,4.7,Yes,Yes,Cable,28,Yes,Yes,No,Yes,Yes,Yes,Yes,Yes,Two Year,Yes,Bank Withdrawal,84.95,5150.55,4.68,0,291.4,4,7,83.0733870967742,6307
Female,76,Yes,Yes,0,6,1,No Offer,Yes,41.16,No,Yes,Fiber Optic,6,No,Yes,No,No,No,No,No,Yes,Month-to-Month,Yes,Mailed Check,76.4,76.4,0.0,0,41.16,2,2,76.4,2426
Male,38,No,No,0,0,12,Offer D,Yes,13.88,Yes,Yes,Fiber Optic,8,No,No,No,No,Yes,Yes,Yes,Yes,Month-to-Month,No,Bank Withdrawal,94.55,1173.55,0.0,0,166.56,5,4,97.79583333333333,5674
Male,62,No,No,0,0,19,No Offer,Yes,26.54,No,No,No Internet,0,No,No,No,No,No,No,No,No,One Year,Yes,Credit Card,19.7,386.5,0.0,0,504.26,4,0,20.342105263157894,4431
Female,53,No,No,0,0,17,Offer D,Yes,41.78,No,Yes,Fiber Optic,16,No,No,No,No,No,No,No,Yes,Month-to-Month,No,Bank Withdrawal,70.5,1165.6,0.0,0,710.26,3,1,68.56470588235294,3650
Female,42,No,Yes,0,6,45,Offer B,Yes,6.49,No,Yes,DSL,22,No,No,Yes,No,No,No,No,Yes,Month-to-Month,Yes,Credit Card,50.25,2221.55,0.0,0,292.05,4,2,49.36777777777778,2036
Male,29,No,Yes,3,1,54,Offer B,Yes,36.09,Yes,Yes,DSL,59,No,No,Yes,No,No,Yes,Yes,Yes,Two Year,No,Credit Card,63.35,3409.1,0.0,0,1948.86,3,4,63.13148148148148,4232
Female,66,Yes,No,0,0,51,No Offer,Yes,47.46,No,No,No Internet,0,No,No,No,No,No,No,No,No,Two Year,No,Credit Card,19.6,967.9,0.0,0,2420.46,5,0,18.978431372549018,4224
Male,27,No,No,0,0,1,Offer E,Yes,11.06,No,Yes,DSL,58,No,No,No,No,No,No,Yes,Yes,Month-to-Month,Yes,Bank Withdrawal,45.1,45.1,0.0,0,11.06,3,2,45.1,4884
Male,54,No,No,2,0,2,No Offer,Yes,14.88,Yes,Yes,DSL,12,Yes,Yes,No,No,No,No,No,Yes,Month-to-Month,No,Bank Withdrawal,60.95,134.6,0.0,0,29.76,4,3,67.3,3172
Male,43,No,Yes,1,9,40,No Offer,Yes,27.95,Yes,No,No Internet,0,No,No,No,No,No,No,No,No,Two Year,No,Credit Card,25.25,1006.9,44.51,0,1118.0,5,0,25.1725,3217
Male,41,No,No,0,0,25,Offer C,Yes,7.17,No,No,No Internet,0,No,No,No,No,No,No,No,No,One Year,No,Credit Card,19.9,510.8,0.0,0,179.25,3,0,20.432000000000002,2130
Male,23,No,Yes,3,1,69,No Offer,Yes,33.09,Yes,No,No Internet,0,No,No,No,No,No,No,No,No,Two Year,No,Bank Withdrawal,24.45,1718.2,0.0,0,2283.21,5,0,24.90144927536232,5295
Female,42,No,Yes,0,1,43,No Offer,Yes,38.53,No,Yes,DSL,27,Yes,No,Yes,Yes,Yes,Yes,Yes,Yes,Two Year,Yes,Bank Withdrawal,78.8,3460.3,24.9,0,1656.79,4,7,80.47209302325582,3972
Female,40,No,No,0,0,41,Offer B,Yes,36.47,Yes,Yes,DSL,8,No,Yes,No,No,No,No,No,Yes,One Year,Yes,Credit Card,56.3,2364.0,0.0,0,1495.27,5,2,57.65853658536585,2994
Male,74,Yes,Yes,0,1,16,Offer D,Yes,26.12,No,Yes,Fiber Optic,8,No,Yes,No,No,No,No,No,Yes,Month-to-Month,Yes,Credit Card,74.3,1178.25,0.0,0,417.92,1,2,73.640625,2076
Female,31,No,Yes,0,10,64,No Offer,Yes,19.22,No,Yes,Fiber Optic,21,Yes,No,No,Yes,Yes,Yes,Yes,Yes,One Year,Yes,Credit Card,96.9,6314.35,13.37,0,1230.08,3,6,98.66171875,5369
Male,61,No,No,0,0,19,No Offer,Yes,41.79,No,Yes,DSL,6,No,Yes,No,Yes,No,Yes,Yes,No,One Year,Yes,Bank Withdrawal,65.35,1231.85,0.0,60,794.01,4,4,64.83421052631579,2051
Male,73,Yes,No,0,0,67,No Offer,Yes,14.69,Yes,No,No Internet,0,No,No,No,No,No,No,No,No,Two Year,No,Credit Card,25.1,1672.15,0.0,0,984.23,3,0,24.957462686567165,6388
Female,68,Yes,Yes,0,1,3,Offer E,Yes,25.77,No,Yes,Fiber Optic,2,Yes,No,No,Yes,Yes,No,No,Yes,Month-to-Month,Yes,Mailed Check,88.3,273.75,0.0,0,77.31,1,4,91.25,4486
Male,32,No,Yes,0,4,24,No Offer,Yes,27.38,No,No,No Internet,0,No,No,No,No,No,No,No,No,Two Year,No,Credit Card,19.75,483.15,16.56,0,657.12,3,0,20.131249999999998,3455
Male,20,No,No,0,0,5,No Offer,No,0.0,No,Yes,DSL,59,No,Yes,No,No,Yes,Yes,Yes,Yes,Month-to-Month,Yes,Mailed Check,51.0,305.95,0.0,0,0.0,2,5,61.19,4630
Female,64,No,No,0,0,6,Offer E,Yes,43.18,No,No,No Internet,0,No,No,No,No,No,No,No,No,Month-to-Month,No,Credit Card,20.2,123.65,0.0,0,259.08,5,0,20.608333333333334,5029
Male,58,No,No,1,0,54,No Offer,Yes,20.93,No,Yes,Fiber Optic,11,Yes,Yes,No,Yes,Yes,Yes,Yes,No,One Year,Yes,Bank Withdrawal,105.85,5826.65,0.0,10,1130.22,4,6,107.90092592592592,5915
Male,32,No,No,0,0,4,No Offer,Yes,49.14,No,Yes,Fiber Optic,15,No,No,No,No,Yes,Yes,Yes,Yes,Month-to-Month,Yes,Bank Withdrawal,88.45,370.65,0.0,0,196.56,3,4,92.6625,2456
Male,20,No,No,0,0,11,Offer D,Yes,8.48,No,Yes,Fiber Optic,52,Yes,No,Yes,No,No,No,No,Yes,Month-to-Month,Yes,Bank Withdrawal,79.5,795.65,0.0,0,93.28,4,3,72.33181818181818,2278
Male,59,No,No,0,0,1,Offer E,Yes,7.99,Yes,Yes,Fiber Optic,30,No,No,No,No,Yes,Yes,Yes,Yes,Month-to-Month,Yes,Bank Withdrawal,93.3,93.3,0.0,0,7.99,3,4,93.3,2578
Male,66,Yes,Yes,0,1,18,Offer D,Yes,4.98,No,Yes,Fiber Optic,18,No,No,No,No,No,Yes,No,Yes,Month-to-Month,No,Bank Withdrawal,78.55,1422.65,0.0,0,89.64,3,2,79.03611111111111,3521
Female,45,No,No,2,0,50,Offer B,Yes,36.11,No,Yes,Fiber Optic,20,No,No,No,No,No,No,No,Yes,Two Year,No,Credit Card,70.35,3533.6,0.0,0,1805.5,3,1,70.672,5521
Male,38,No,Yes,1,10,21,No Offer,Yes,18.0,No,No,No Internet,0,No,No,No,No,No,No,No,No,One Year,No,Credit Card,19.8,350.1,0.0,0,378.0,3,0,16.67142857142857,3243
Male,46,No,No,0,0,1,No Offer,Yes,9.36,No,Yes,Fiber Optic,14,No,No,No,No,No,No,No,No,Month-to-Month,Yes,Bank Withdrawal,69.9,69.9,0.0,10,9.36,4,0,69.9,3358
Male,69,Yes,No,0,0,24,Offer C,Yes,30.87,Yes,Yes,Fiber Optic,15,No,No,No,No,No,No,No,Yes,Month-to-Month,Yes,Bank Withdrawal,76.1,1712.7,0.0,0,740.88,2,1,71.3625,2018
Male,60,No,No,0,0,4,No Offer,Yes,30.44,Yes,Yes,Cable,10,No,No,No,No,No,No,No,Yes,Month-to-Month,No,Credit Card,50.4,206.6,0.0,0,121.76,1,1,51.65,4399
Male,32,No,No,0,0,56,Offer B,Yes,37.15,Yes,Yes,Fiber Optic,13,Yes,Yes,No,No,No,No,No,Yes,Month-to-Month,Yes,Bank Withdrawal,86.4,4922.4,0.0,0,2080.4,5,3,87.89999999999999,4449
Male,69,Yes,No,0,0,51,No Offer,Yes,24.92,Yes,Yes,Fiber Optic,11,No,Yes,No,No,No,No,No,Yes,One Year,Yes,Bank Withdrawal,79.6,3974.7,16.73,0,1270.92,5,2,77.93529411764706,4673
Male,24,No,Yes,0,5,55,No Offer,Yes,36.17,No,Yes,DSL,69,Yes,No,No,No,No,Yes,Yes,No,One Year,No,Credit Card,59.45,3157.0,0.0,40,1989.35,4,3,57.4,5712
Male,59,No,No,0,0,1,No Offer,Yes,40.71,Yes,Yes,Fiber Optic,25,No,No,Yes,No,Yes,Yes,Yes,Yes,Month-to-Month,Yes,Bank Withdrawal,99.75,99.75,0.0,0,40.71,1,5,99.75,4214
Male,62,No,No,0,0,1,Offer E,Yes,46.59,No,No,No Internet,0,No,No,No,No,No,No,No,No,Month-to-Month,No,Bank Withdrawal,19.45,19.45,0.0,0,46.59,3,0,19.45,5820
Female,19,No,No,0,0,11,Offer D,Yes,40.96,No,Yes,DSL,52,Yes,No,Yes,No,No,Yes,Yes,No,Month-to-Month,No,Bank Withdrawal,64.05,733.95,0.0,90,450.56,4,4,66.72272727272728,4171
Male,35,No,Yes,2,1,52,No Offer,No,0.0,No,Yes,DSL,17,No,Yes,Yes,Yes,Yes,No,No,Yes,Two Year,No,Credit Card,50.2,2554.0,27.01,0,0.0,4,5,49.11538461538461,5396
Female,25,No,Yes,2,1,1,No Offer,Yes,37.92,No,No,No Internet,0,No,No,No,No,No,No,No,No,Month-to-Month,No,Credit Card,20.55,20.55,0.0,0,37.92,3,0,20.55,3797
Male,21,No,No,0,0,1,Offer E,Yes,32.85,No,Yes,Fiber Optic,53,No,No,No,No,Yes,Yes,Yes,Yes,Month-to-Month,Yes,Bank Withdrawal,89.9,89.9,0.0,0,32.85,1,4,89.9,5951
Male,59,No,Yes,0,9,38,Offer C,Yes,42.08,Yes,Yes,Fiber Optic,15,Yes,No,Yes,Yes,Yes,Yes,Yes,Yes,One Year,Yes,Bank Withdrawal,110.7,4428.6,0.0,0,1599.04,3,7,116.54210526315791,5461
Male,32,No,Yes,0,1,27,Offer C,Yes,41.48,No,Yes,DSL,15,No,Yes,No,Yes,No,No,No,Yes,Month-to-Month,Yes,Bank Withdrawal,53.8,1389.85,0.0,0,1119.96,4,3,51.47592592592592,2563
Male,27,No,Yes,0,1,28,No Offer,Yes,33.63,No,Yes,DSL,48,Yes,No,No,Yes,No,No,No,No,One Year,No,Credit Card,54.35,1426.45,0.0,30,941.64,5,2,50.94464285714286,5105
Male,19,No,Yes,0,1,2,Offer E,Yes,20.5,No,Yes,Fiber Optic,51,No,No,Yes,No,No,No,No,Yes,Month-to-Month,No,Bank Withdrawal,76.4,151.8,0.0,0,41.0,1,2,75.9,4340
Male,77,Yes,Yes,0,3,66,No Offer,Yes,21.79,Yes,Yes,Fiber Optic,9,No,Yes,Yes,Yes,Yes,Yes,No,Yes,One Year,Yes,Bank Withdrawal,108.45,7076.35,0.0,0,1438.14,5,6,107.21742424242424,4582
Male,63,No,No,0,0,51,Offer B,Yes,18.07,Yes,No,No Internet,0,No,No,No,No,No,No,No,No,Two Year,No,Credit Card,24.75,1234.6,0.0,0,921.57,3,0,24.2078431372549,5080
Male,42,No,Yes,0,3,11,Offer D,Yes,11.5,Yes,Yes,Fiber Optic,27,No,Yes,No,No,No,No,No,Yes,Month-to-Month,Yes,Bank Withdrawal,80.5,896.9,0.0,0,126.5,1,2,81.53636363636363,5119
Female,27,No,No,0,0,35,Offer C,Yes,8.8,Yes,Yes,Cable,46,Yes,No,Yes,Yes,Yes,Yes,Yes,No,One Year,Yes,Credit Card,85.95,3110.1,0.0,0,308.0,1,6,88.86,3833
Male,22,No,No,0,0,6,No Offer,Yes,3.16,No,Yes,DSL,41,Yes,Yes,No,No,No,No,No,Yes,Month-to-Month,Yes,Bank Withdrawal,55.7,335.65,0.0,0,18.96,3,3,55.94166666666666,2482
Female,58,No,No,0,0,26,No Offer,Yes,38.09,No,Yes,Fiber Optic,22,No,No,No,No,Yes,Yes,Yes,No,Month-to-Month,Yes,Bank Withdrawal,88.8,2274.35,0.0,50,990.34,2,3,87.475,4910
Male,67,Yes,Yes,0,1,58,Offer B,Yes,3.18,Yes,Yes,Fiber Optic,5,No,No,Yes,No,Yes,Yes,Yes,Yes,Month-to-Month,Yes,Bank Withdrawal,98.7,5812.6,0.0,0,184.44,1,5,100.21724137931035,4662
Male,52,No,Yes,2,4,65,No Offer,Yes,36.5,Yes,No,No Internet,0,No,No,No,No,No,No,No,No,Two Year,No,Credit Card,24.75,1715.1,0.0,0,2372.5,5,0,26.386153846153846,6263
Female,35,No,Yes,0,7,64,Offer B,Yes,35.92,No,Yes,Fiber Optic,11,Yes,No,Yes,No,Yes,Yes,Yes,Yes,Two Year,Yes,Bank Withdrawal,99.0,6375.8,0.0,0,2298.88,4,6,99.621875,5483
Male,60,No,Yes,0,7,29,No Offer,Yes,32.46,No,Yes,DSL,7,No,No,Yes,Yes,Yes,Yes,Yes,Yes,Two Year,No,Credit Card,75.55,2054.4,0.0,0,941.34,5,6,70.84137931034483,5625
Male,43,No,Yes,1,1,72,No Offer,Yes,15.94,Yes,Yes,Fiber Optic,13,Yes,Yes,Yes,Yes,Yes,Yes,Yes,Yes,Two Year,Yes,Credit Card,114.3,8058.55,0.0,0,1147.68,3,8,111.92430555555556,5879
Male,65,Yes,Yes,0,1,1,Offer E,Yes,49.6,No,Yes,Fiber Optic,13,No,No,No,No,No,No,No,Yes,Month-to-Month,No,Credit Card,70.85,70.85,0.0,0,49.6,2,1,70.85,3022
Male,39,No,No,0,0,31,No Offer,Yes,6.4,Yes,Yes,Cable,24,No,Yes,No,Yes,Yes,No,No,Yes,Month-to-Month,Yes,Bank Withdrawal,71.05,2168.15,0.0,0,198.4,4,4,69.94032258064516,4443
Male,26,No,No,3,0,27,No Offer,Yes,17.3,No,No,No Internet,0,No,No,No,No,No,No,No,No,One Year,No,Credit Card,20.05,552.9,0.0,0,467.1,3,0,20.477777777777778,2400
Female,52,No,Yes,1,0,34,No Offer,No,0.0,No,Yes,DSL,20,Yes,No,Yes,Yes,Yes,Yes,Yes,Yes,One Year,No,Credit Card,61.25,1993.2,0.0,0,0.0,4,7,58.62352941176471,3607
Female,45,No,No,0,0,7,No Offer,Yes,39.02,No,Yes,Fiber Optic,25,No,No,Yes,Yes,Yes,Yes,Yes,Yes,Month-to-Month,Yes,Bank Withdrawal,100.4,715.0,0.0,0,273.14,3,6,102.14285714285714,5041
Male,48,No,No,0,0,62,Offer B,Yes,7.96,No,Yes,DSL,8,Yes,Yes,No,No,No,No,No,Yes,One Year,No,Bank Withdrawal,56.15,3487.95,0.0,0,493.52,4,3,56.25725806451613,4529
Female,58,No,Yes,0,1,8,No Offer,Yes,29.0,Yes,Yes,Fiber Optic,30,No,No,No,No,No,Yes,Yes,Yes,Month-to-Month,Yes,Bank Withdrawal,84.9,764.95,0.0,0,232.0,1,3,95.61875,2656
Female,29,No,Yes,3,9,6,No Offer,Yes,5.52,No,No,No Internet,0,No,No,No,No,No,No,No,No,Month-to-Month,No,Credit Card,19.7,113.5,0.0,0,33.12,3,0,18.916666666666668,4293
Male,26,No,No,0,0,8,Offer E,Yes,41.93,No,Yes,Fiber Optic,59,No,No,No,No,No,No,Yes,Yes,Month-to-Month,No,Bank Withdrawal,70.7,553.4,0.0,0,335.44,5,2,69.175,4946
Male,39,No,No,0,0,66,Offer A,Yes,49.13,Yes,No,No Internet,0,No,No,No,No,No,No,No,No,Two Year,No,Credit Card,25.1,1697.7,0.0,0,3242.58,4,0,25.722727272727273,6025
Female,51,No,No,0,0,18,No Offer,Yes,7.42,Yes,Yes,Fiber Optic,12,No,No,Yes,Yes,No,Yes,Yes,Yes,Month-to-Month,Yes,Bank Withdrawal,95.05,1679.4,38.65,0,133.56,4,5,93.30000000000001,4524
Male,49,No,Yes,1,9,70,Offer A,Yes,22.67,Yes,Yes,DSL,29,Yes,No,Yes,No,Yes,No,No,Yes,Two Year,No,Credit Card,68.95,4858.7,0.0,0,1586.9,3,4,69.41,4858
Female,42,No,No,0,0,46,Offer B,Yes,32.78,No,No,No Internet,0,No,No,No,No,No,No,No,No,Two Year,Yes,Bank Withdrawal,21.1,937.1,0.0,0,1507.88,5,0,20.371739130434783,4791
Female,54,No,Yes,0,7,12,No Offer,No,0.0,No,Yes,DSL,27,Yes,No,No,Yes,No,No,No,Yes,One Year,No,Credit Card,33.15,444.75,0.0,0,0.0,3,3,37.0625,3882
Male,31,No,No,0,0,18,No Offer,Yes,20.86,No,Yes,DSL,3,Yes,No,No,No,No,No,No,Yes,Month-to-Month,No,Bank Withdrawal,49.4,874.8,0.0,0,375.48,1,2,48.599999999999994,4028
Female,48,No,Yes,0,1,72,No Offer,Yes,39.74,Yes,Yes,Fiber Optic,5,Yes,Yes,Yes,No,Yes,Yes,Yes,Yes,Two Year,Yes,Bank Withdrawal,110.75,7751.7,0.0,0,2861.28,4,7,107.6625,4848
Female,22,No,Yes,1,1,5,No Offer,No,0.0,No,Yes,DSL,59,No,Yes,No,No,No,No,No,Yes,Month-to-Month,Yes,Bank Withdrawal,30.5,167.2,0.0,0,0.0,3,2,33.44,5973
Female,32,No,Yes,2,9,3,No Offer,Yes,45.33,No,No,No Internet,0,No,No,No,No,No,No,No,No,Two Year,No,Mailed Check,19.1,52.0,0.0,0,135.99,5,0,17.333333333333332,3863
Male,38,No,No,0,0,1,Offer E,Yes,39.44,Yes,Yes,Fiber Optic,18,No,No,No,No,No,No,No,No,Month-to-Month,Yes,Bank Withdrawal,75.3,75.3,0.0,0,39.44,3,0,75.3,3596
Male,20,No,Yes,0,5,64,Offer B,Yes,26.64,No,Yes,DSL,71,Yes,No,Yes,No,Yes,Yes,Yes,Yes,One Year,Yes,Credit Card,73.05,4688.65,0.0,0,1704.96,3,6,73.26015625,4515
Female,43,No,Yes,0,1,59,No Offer,Yes,29.6,No,Yes,Fiber Optic,12,Yes,No,Yes,No,No,No,No,Yes,One Year,Yes,Credit Card,81.25,4639.45,0.0,0,1746.4,3,3,78.63474576271186,4709
Female,44,No,Yes,0,9,58,No Offer,Yes,36.45,Yes,No,No Internet,0,No,No,No,No,No,No,No,No,One Year,Yes,Credit Card,24.5,1497.9,9.22,0,2114.1,4,0,25.82586206896552,4455
Female,62,No,No,0,0,1,Offer E,No,0.0,No,Yes,DSL,22,No,No,No,No,No,Yes,Yes,Yes,Month-to-Month,No,Mailed Check,35.05,35.05,0.0,0,0.0,1,3,35.05,3706
Female,52,No,No,0,0,39,Offer C,Yes,34.74,Yes,Yes,Fiber Optic,28,No,Yes,Yes,No,Yes,Yes,Yes,Yes,Month-to-Month,Yes,Bank Withdrawal,103.45,3994.45,0.0,0,1354.86,2,6,102.42179487179487,4811
Male,78,Yes,Yes,0,3,4,Offer E,No,0.0,No,Yes,DSL,5,No,No,Yes,No,No,No,No,Yes,Two Year,Yes,Bank Withdrawal,29.9,118.25,0.0,0,0.0,4,2,29.5625,2914
Female,29,No,Yes,0,1,47,No Offer,Yes,2.87,Yes,Yes,Fiber Optic,51,Yes,Yes,Yes,No,Yes,No,Yes,Yes,Month-to-Month,Yes,Bank Withdrawal,98.75,4533.7,0.0,0,134.89,1,6,96.46170212765956,4622
Female,75,Yes,Yes,0,0,54,Offer B,Yes,33.49,Yes,Yes,Fiber Optic,8,No,Yes,No,No,Yes,Yes,Yes,Yes,One Year,Yes,Credit Card,101.5,5373.1,0.0,0,1808.46,2,5,99.50185185185185,6405
Female,22,No,Yes,2,4,65,Offer B,Yes,13.25,Yes,Yes,Fiber Optic,47,Yes,No,Yes,Yes,Yes,Yes,Yes,Yes,Two Year,No,Bank Withdrawal,109.3,7337.55,0.0,0,861.25,4,7,112.88538461538462,6087
Female,56,No,Yes,3,8,72,No Offer,Yes,22.62,Yes,Yes,Cable,27,Yes,Yes,No,Yes,No,No,No,Yes,Two Year,No,Credit Card,66.75,4760.3,0.0,0,1628.64,3,4,66.11527777777778,6063
Female,54,No,Yes,1,9,38,No Offer,Yes,26.84,No,No,No Internet,0,No,No,No,No,No,No,No,No,Two Year,Yes,Credit Card,20.2,746.05,0.0,0,1019.92,4,0,19.632894736842104,2631
Male,46,No,No,0,0,5,No Offer,Yes,31.78,No,No,No Internet,0,No,No,No,No,No,No,No,No,Month-to-Month,No,Credit Card,20.35,92.75,0.0,0,158.9,4,0,18.55,2303
Female,33,No,No,0,0,32,No Offer,Yes,41.53,Yes,Yes,Fiber Optic,28,No,No,Yes,No,Yes,Yes,Yes,Yes,Month-to-Month,Yes,Bank Withdrawal,101.35,3334.9,0.0,0,1328.96,5,5,104.215625,4341
Female,51,No,No,2,0,26,No Offer,No,0.0,No,Yes,DSL,19,Yes,No,No,Yes,No,Yes,Yes,Yes,Month-to-Month,No,Credit Card,45.8,1147.0,0.0,0,0.0,4,5,44.11538461538461,3287
Female,79,Yes,No,0,0,42,No Offer,Yes,9.53,Yes,Yes,Fiber Optic,17,No,No,No,No,Yes,No,No,Yes,Month-to-Month,Yes,Bank Withdrawal,84.65,3541.35,0.0,0,400.26,2,2,84.31785714285714,4871
Female,25,No,Yes,0,1,65,No Offer,Yes,27.69,Yes,Yes,Fiber Optic,52,No,Yes,Yes,Yes,Yes,Yes,Yes,Yes,Two Year,Yes,Bank Withdrawal,107.65,7082.85,0.0,0,1799.85,5,7,108.96692307692308,4193
Male,53,No,Yes,0,6,10,Offer D,Yes,26.17,No,Yes,DSL,7,No,Yes,No,No,No,No,No,Yes,One Year,No,Credit Card,49.55,475.7,0.0,0,261.7,3,2,47.57,2392
Male,66,Yes,Yes,0,1,72,Offer A,Yes,18.74,Yes,Yes,Fiber Optic,14,No,Yes,Yes,Yes,Yes,Yes,Yes,No,Two Year,Yes,Bank Withdrawal,109.75,7932.5,0.0,140,1349.28,4,6,110.17361111111111,4265
Female,78,Yes,Yes,0,2,71,Offer A,Yes,12.26,No,Yes,Fiber Optic,3,Yes,Yes,Yes,Yes,Yes,No,No,Yes,Two Year,Yes,Bank Withdrawal,99.4,7168.25,0.0,0,870.46,3,6,100.96126760563381,4964
Female,52,No,No,0,0,2,No Offer,Yes,25.92,No,No,No Internet,0,No,No,No,No,No,No,No,No,Month-to-Month,No,Credit Card,20.35,45.3,0.0,0,51.84,3,0,22.65,5994
Male,26,No,Yes,3,1,57,No Offer,Yes,4.18,No,Yes,Fiber Optic,73,No,Yes,Yes,No,Yes,Yes,Yes,Yes,One Year,Yes,Credit Card,97.55,5598.0,0.0,0,238.26,4,6,98.21052631578948,5833
Female,35,No,Yes,0,1,49,No Offer,Yes,26.37,Yes,Yes,Fiber Optic,19,No,Yes,No,No,Yes,Yes,Yes,Yes,One Year,No,Mailed Check,100.45,4941.8,0.0,0,1292.13,3,5,100.8530612244898,4235
Female,44,No,No,0,0,32,No Offer,Yes,40.26,Yes,Yes,Fiber Optic,14,No,No,No,No,Yes,No,No,Yes,One Year,No,Bank Withdrawal,84.05,2781.85,0.0,0,1288.32,2,2,86.9328125,3553
Male,51,No,Yes,3,2,26,Offer C,Yes,36.71,Yes,Yes,DSL,57,No,No,Yes,Yes,Yes,Yes,Yes,Yes,One Year,Yes,Credit Card,82.0,2083.1,42.43,0,954.46,4,6,80.11923076923077,3973
Female,30,No,No,0,0,21,Offer D,Yes,6.49,No,Yes,Fiber Optic,73,No,Yes,Yes,No,No,Yes,Yes,No,Month-to-Month,Yes,Bank Withdrawal,90.05,1862.9,0.0,30,136.29,3,4,88.70952380952382,5982
Female,75,Yes,No,0,0,16,No Offer,Yes,36.83,No,Yes,DSL,16,No,No,No,Yes,Yes,No,No,Yes,Month-to-Month,No,Bank Withdrawal,59.4,1023.9,0.0,0,589.28,1,3,63.99375,5556
Female,52,No,Yes,1,4,6,Offer E,Yes,25.05,No,No,No Internet,0,No,No,No,No,No,No,No,No,Two Year,No,Credit Card,20.1,100.35,0.0,0,150.3,4,0,16.724999999999998,5874
Female,65,Yes,No,0,0,4,No Offer,Yes,41.98,No,No,No Internet,0,No,No,No,No,No,No,No,No,Two Year,No,Credit Card,20.05,91.45,0.0,0,167.92,5,0,22.8625,3460
Female,40,No,No,0,0,10,No Offer,Yes,27.1,No,Yes,Fiber Optic,11,No,No,No,No,No,Yes,Yes,Yes,Month-to-Month,Yes,Bank Withdrawal,80.25,846.0,0.0,0,271.0,3,3,84.6,3598
Female,54,No,No,0,0,13,Offer D,Yes,6.78,Yes,Yes,Fiber Optic,26,Yes,No,No,No,Yes,Yes,Yes,Yes,Month-to-Month,Yes,Bank Withdrawal,100.35,1358.85,34.09,0,88.14,1,5,104.52692307692307,2008
Male,43,No,No,0,0,5,Offer E,Yes,38.89,Yes,Yes,Fiber Optic,8,No,Yes,Yes,No,Yes,Yes,Yes,Yes,Month-to-Month,No,Mailed Check,104.1,541.9,0.0,0,194.45,3,6,108.38,3131
Male,34,No,Yes,0,1,54,No Offer,Yes,42.09,No,Yes,Fiber Optic,9,Yes,Yes,Yes,Yes,Yes,Yes,Yes,Yes,Two Year,No,Bank Withdrawal,109.75,6110.2,0.0,0,2272.86,2,8,113.15185185185184,6274
Male,39,No,Yes,0,10,67,No Offer,No,0.0,No,Yes,DSL,6,Yes,Yes,No,Yes,No,Yes,Yes,Yes,Two Year,Yes,Bank Withdrawal,50.95,3521.7,0.0,0,0.0,3,6,52.56268656716418,6395
Male,31,No,Yes,1,10,31,No Offer,Yes,9.56,No,No,No Internet,0,No,No,No,No,No,No,No,No,Month-to-Month,Yes,Bank Withdrawal,20.65,702.05,43.76,0,296.36,4,0,22.646774193548385,2990
Female,74,Yes,No,0,0,31,No Offer,Yes,39.36,Yes,Yes,Fiber Optic,4,No,Yes,No,No,Yes,Yes,No,Yes,Month-to-Month,Yes,Bank Withdrawal,99.95,3186.65,0.0,0,1220.16,3,4,102.79516129032258,5362
Male,21,No,Yes,2,5,70,Offer A,Yes,40.77,Yes,Yes,Fiber Optic,71,Yes,Yes,Yes,Yes,Yes,Yes,Yes,Yes,Two Year,Yes,Credit Card,116.55,8152.3,0.0,0,2853.9,3,8,116.46142857142857,6116
Female,58,No,No,0,0,2,No Offer,Yes,6.65,No,No,No Internet,0,No,No,No,No,No,No,No,No,Month-to-Month,No,Credit Card,19.4,61.05,0.0,0,13.3,5,0,30.525,5816
Male,74,Yes,No,0,0,24,Offer C,Yes,31.73,No,Yes,Fiber Optic,13,No,No,No,No,No,No,No,No,One Year,No,Credit Card,70.0,1732.6,0.0,140,761.52,3,0,72.19166666666666,5242
Female,71,Yes,No,0,0,18,No Offer,Yes,7.51,No,Yes,Fiber Optic,24,No,Yes,No,No,No,No,No,Yes,Two Year,Yes,Bank Withdrawal,73.55,1359.45,0.0,0,135.18,3,2,75.525,5313
Female,43,No,Yes,2,4,71,Offer A,Yes,15.73,Yes,Yes,Fiber Optic,17,Yes,Yes,Yes,No,Yes,No,No,Yes,Two Year,Yes,Credit Card,99.0,7061.65,0.0,0,1116.83,3,5,99.45985915492957,4305
Male,22,No,No,0,0,4,No Offer,Yes,13.31,Yes,Yes,Cable,59,No,No,No,Yes,No,Yes,Yes,Yes,Month-to-Month,No,Credit Card,65.55,237.2,0.0,0,53.24,4,4,59.3,5707
Female,33,No,No,0,0,1,No Offer,Yes,13.61,Yes,Yes,Fiber Optic,25,No,No,No,No,No,No,No,Yes,Month-to-Month,Yes,Bank Withdrawal,74.5,74.5,0.0,0,13.61,1,1,74.5,2016
Female,34,No,Yes,0,1,51,Offer B,Yes,47.72,Yes,Yes,Fiber Optic,23,No,No,Yes,No,Yes,Yes,Yes,No,One Year,Yes,Bank Withdrawal,98.85,4947.55,0.0,130,2433.72,5,4,97.0107843137255,6034
Female,62,No,Yes,0,1,6,No Offer,Yes,31.7,No,No,No Internet,0,No,No,No,No,No,No,No,No,Month-to-Month,No,Bank Withdrawal,19.5,146.3,0.0,0,190.2,3,0,24.383333333333336,5579
Female,38,No,No,0,0,35,Offer C,Yes,36.42,No,Yes,Fiber Optic,2,No,No,Yes,Yes,Yes,Yes,Yes,Yes,One Year,Yes,Bank Withdrawal,99.25,3532.0,0.0,0,1274.7,3,6,100.91428571428571,3244
Male,38,No,No,0,0,1,No Offer,Yes,27.89,No,Yes,Fiber Optic,20,No,No,No,No,No,No,No,Yes,Month-to-Month,Yes,Bank Withdrawal,70.05,70.05,0.0,0,27.89,2,1,70.05,2699
Male,55,No,No,0,0,40,No Offer,Yes,35.58,Yes,Yes,Fiber Optic,8,No,No,Yes,Yes,Yes,Yes,Yes,Yes,Month-to-Month,No,Bank Withdrawal,104.8,4131.95,0.0,0,1423.2,1,6,103.29875,3492
Female,27,No,Yes,3,0,1,No Offer,Yes,40.42,No,Yes,Cable,59,No,No,No,No,No,No,No,Yes,Month-to-Month,Yes,Bank Withdrawal,44.35,44.35,0.0,0,40.42,2,1,44.35,4599
Male,56,No,No,3,0,5,No Offer,Yes,12.6,No,Yes,Fiber Optic,58,No,No,No,No,No,No,No,Yes,Month-to-Month,Yes,Bank Withdrawal,69.7,316.9,0.0,0,63.0,1,1,63.379999999999995,2454
Female,51,No,Yes,1,8,24,No Offer,Yes,30.41,No,No,No Internet,0,No,No,No,No,No,No,No,No,Two Year,No,Credit Card,19.7,452.55,0.0,0,729.84,4,0,18.85625,4642
Female,63,No,No,0,0,9,Offer E,Yes,29.87,No,Yes,Fiber Optic,5,No,No,No,No,No,No,No,Yes,Month-to-Month,No,Bank Withdrawal,69.05,651.5,0.0,0,268.83,3,1,72.38888888888889,5121
Male,22,No,Yes,0,2,34,Offer C,Yes,23.09,Yes,Yes,Fiber Optic,52,No,No,Yes,No,Yes,Yes,Yes,No,Month-to-Month,Yes,Bank Withdrawal,100.05,3480.0,0.0,20,785.06,3,4,102.3529411764706,2568
Female,58,No,No,0,0,44,No Offer,No,0.0,No,Yes,Cable,3,No,No,Yes,No,Yes,Yes,Yes,Yes,One Year,Yes,Bank Withdrawal,49.05,2265.0,0.0,0,0.0,5,5,51.47727272727273,3910
Female,78,Yes,No,0,0,1,Offer E,Yes,24.75,No,Yes,Fiber Optic,22,No,No,No,No,No,No,No,No,Month-to-Month,Yes,Bank Withdrawal,71.15,71.15,0.0,20,24.75,3,0,71.15,5287
Male,24,No,Yes,1,5,55,No Offer,Yes,46.61,No,Yes,DSL,30,No,No,Yes,Yes,No,No,No,Yes,Two Year,Yes,Credit Card,55.25,3119.9,0.0,0,2563.55,3,3,56.72545454545455,5821
Male,70,Yes,No,0,0,16,Offer D,Yes,22.02,Yes,Yes,Fiber Optic,5,No,No,No,No,No,No,No,Yes,Two Year,Yes,Bank Withdrawal,74.45,1261.35,0.0,0,352.32,5,1,78.834375,5111
Female,25,No,Yes,0,1,58,Offer B,Yes,48.98,Yes,Yes,Cable,76,No,Yes,No,Yes,No,No,No,Yes,Two Year,Yes,Credit Card,59.9,3505.1,0.0,0,2840.84,3,3,60.432758620689654,6407
Female,19,No,No,0,0,47,No Offer,Yes,48.03,No,Yes,Fiber Optic,69,Yes,No,No,No,No,No,No,Yes,Month-to-Month,No,Credit Card,75.45,3545.1,0.0,0,2257.41,4,2,75.42765957446808,4995
Male,45,No,No,0,0,18,Offer D,Yes,12.97,Yes,No,No Internet,0,No,No,No,No,No,No,No,No,One Year,No,Credit Card,23.75,424.5,0.0,0,233.46,4,0,23.583333333333332,3076
Female,77,Yes,Yes,2,1,32,Offer C,Yes,49.21,Yes,Yes,Fiber Optic,19,No,Yes,No,No,Yes,Yes,No,Yes,One Year,Yes,Bank Withdrawal,100.4,3217.65,0.0,0,1574.72,3,4,100.5515625,4848
Male,39,No,No,0,0,12,Offer D,Yes,44.71,Yes,Yes,Cable,25,No,No,No,No,Yes,Yes,Yes,Yes,Month-to-Month,Yes,Bank Withdrawal,96.05,1148.1,0.0,0,536.52,1,4,95.675,2577
Male,41,No,Yes,1,0,54,Offer B,No,0.0,No,Yes,DSL,19,No,No,Yes,Yes,No,Yes,Yes,No,Two Year,No,Credit Card,46.0,2424.05,0.0,90,0.0,4,4,44.88981481481482,4451
Male,52,No,Yes,0,6,18,No Offer,Yes,1.51,No,Yes,Fiber Optic,28,No,No,Yes,No,Yes,Yes,Yes,Yes,Month-to-Month,No,Credit Card,95.15,1779.95,10.17,0,27.18,3,5,98.88611111111112,4643
Male,78,Yes,Yes,0,1,16,No Offer,Yes,45.9,No,Yes,Fiber Optic,5,No,No,No,No,No,No,No,Yes,Month-to-Month,Yes,Bank Withdrawal,71.8,1167.8,0.0,0,734.4,1,1,72.9875,3327
Female,58,No,Yes,0,1,58,Offer B,No,0.0,No,Yes,Cable,11,No,No,Yes,Yes,Yes,Yes,Yes,Yes,Two Year,Yes,Credit Card,55.5,3166.9,0.0,0,0.0,3,6,54.601724137931036,4080
Female,79,Yes,No,0,0,5,No Offer,No,0.0,No,Yes,DSL,15,No,No,No,No,Yes,Yes,No,Yes,Month-to-Month,No,Bank Withdrawal,45.7,198.0,0.0,0,0.0,3,3,39.6,3561
Male,57,No,Yes,0,1,72,No Offer,Yes,34.97,Yes,Yes,Cable,11,Yes,Yes,Yes,Yes,Yes,Yes,Yes,Yes,Two Year,Yes,Credit Card,90.6,6441.85,0.0,0,2517.84,3,8,89.4701388888889,4528
Female,28,No,No,0,0,3,Offer E,Yes,46.6,No,Yes,Fiber Optic,76,No,No,No,No,Yes,No,No,Yes,Month-to-Month,Yes,Bank Withdrawal,79.4,244.65,0.0,0,139.8,1,2,81.55,2448
Male,45,No,No,0,0,68,No Offer,Yes,37.79,Yes,No,No Internet,0,No,No,No,No,No,No,No,No,Two Year,Yes,Bank Withdrawal,24.15,1498.85,0.0,0,2569.72,4,0,22.04191176470588,5987
Female,61,No,Yes,0,9,2,No Offer,Yes,7.49,No,Yes,Fiber Optic,14,No,No,No,No,No,No,No,Yes,Month-to-Month,Yes,Credit Card,70.4,154.8,0.0,0,14.98,3,1,77.4,5748
Male,42,No,No,0,0,4,Offer E,Yes,12.24,Yes,Yes,Fiber Optic,11,No,Yes,No,No,No,Yes,Yes,No,Month-to-Month,Yes,Bank Withdrawal,90.05,368.1,0.0,30,48.96,3,3,92.025,3212
Male,53,No,Yes,3,1,22,Offer D,Yes,11.39,Yes,Yes,Fiber Optic,56,No,No,Yes,No,Yes,No,No,Yes,Month-to-Month,Yes,Bank Withdrawal,88.75,1885.15,0.0,0,250.58,4,3,85.68863636363636,5585
Female,53,No,Yes,3,0,2,No Offer,No,0.0,No,Yes,DSL,52,No,No,No,No,No,No,No,Yes,Month-to-Month,Yes,Credit Card,24.4,36.55,0.0,0,0.0,3,1,18.275,2635
Female,30,No,No,0,0,1,No Offer,Yes,8.23,No,No,No Internet,0,No,No,No,No,No,No,No,No,Month-to-Month,No,Credit Card,19.55,19.55,0.0,0,8.23,4,0,19.55,5537
Male,45,No,Yes,0,9,54,Offer B,No,0.0,No,Yes,Cable,9,No,Yes,No,No,No,No,No,Yes,Month-to-Month,No,Bank Withdrawal,30.4,1621.35,0.0,0,0.0,4,2,30.025,4778
Female,62,No,No,0,0,17,Offer D,Yes,44.96,Yes,Yes,Fiber Optic,29,No,No,Yes,No,No,No,No,Yes,Month-to-Month,No,Bank Withdrawal,80.05,1345.65,0.0,0,764.32,5,2,79.15588235294118,3443
Female,46,No,No,0,0,4,No Offer,No,0.0,No,Yes,DSL,26,Yes,No,Yes,No,No,No,No,No,Month-to-Month,No,Credit Card,35.0,135.75,0.0,50,0.0,4,2,33.9375,3523
Male,50,No,No,0,0,17,Offer D,Yes,39.34,No,No,No Internet,0,No,No,No,No,No,No,No,No,Two Year,No,Credit Card,19.45,369.05,0.0,0,668.78,4,0,21.708823529411767,5347
Female,61,No,No,0,0,1,No Offer,Yes,1.59,No,Yes,Cable,14,No,No,No,No,Yes,No,No,Yes,Month-to-Month,Yes,Credit Card,53.55,53.55,0.0,0,1.59,1,2,53.55,2326
Male,44,No,No,0,0,13,Offer D,Yes,45.03,No,No,No Internet,0,No,No,No,No,No,No,No,No,One Year,No,Credit Card,19.3,259.65,35.28,0,585.39,4,0,19.97307692307692,2823
Male,60,No,No,0,0,68,Offer A,Yes,1.27,Yes,Yes,Cable,13,Yes,Yes,Yes,No,No,Yes,Yes,Yes,One Year,Yes,Credit Card,76.9,5023.0,0.0,0,86.36,4,6,73.86764705882354,5355
Female,23,No,Yes,1,5,65,No Offer,Yes,13.17,Yes,Yes,Fiber Optic,59,Yes,No,Yes,No,Yes,Yes,Yes,No,Two Year,Yes,Credit Card,104.3,6725.3,0.0,70,856.05,3,5,103.46615384615384,4997
Female,25,No,No,0,0,41,No Offer,Yes,40.78,No,Yes,Fiber Optic,41,No,No,No,No,No,No,Yes,Yes,Month-to-Month,No,Bank Withdrawal,70.25,2868.05,0.0,0,1671.98,3,2,69.95243902439024,3407
Female,46,No,Yes,0,10,17,Offer D,Yes,9.22,Yes,Yes,Fiber Optic,13,No,No,No,No,Yes,Yes,Yes,Yes,Month-to-Month,No,Bank Withdrawal,92.6,1579.7,0.0,0,156.74,4,4,92.9235294117647,4756
Female,54,No,Yes,0,4,36,No Offer,Yes,19.24,Yes,Yes,Fiber Optic,18,Yes,Yes,Yes,Yes,No,Yes,Yes,No,Two Year,Yes,Credit Card,106.05,3834.4,0.0,50,692.64,3,6,106.51111111111112,4505
Female,75,Yes,Yes,3,3,28,No Offer,No,0.0,No,Yes,DSL,58,No,No,No,No,Yes,No,No,No,One Year,Yes,Bank Withdrawal,35.9,973.65,0.0,40,0.0,5,1,34.77321428571428,5444
Male,77,Yes,Yes,1,6,35,Offer C,Yes,14.19,No,Yes,DSL,17,No,Yes,No,Yes,Yes,Yes,Yes,Yes,One Year,Yes,Bank Withdrawal,76.05,2747.2,0.0,0,496.65,5,6,78.49142857142857,5479
Female,51,No,No,0,0,15,Offer D,Yes,47.57,Yes,Yes,DSL,26,Yes,No,No,No,No,Yes,Yes,Yes,Month-to-Month,Yes,Bank Withdrawal,64.65,994.55,0.0,0,713.55,1,4,66.30333333333333,4780
Female,23,No,No,0,0,22,No Offer,Yes,19.2,Yes,Yes,Fiber Optic,41,No,No,No,No,Yes,No,No,No,Month-to-Month,Yes,Bank Withdrawal,84.15,1821.95,0.0,60,422.4,3,1,82.81590909090909,3549
Female,32,No,Yes,2,3,37,Offer C,Yes,1.12,No,Yes,Cable,23,Yes,Yes,No,No,Yes,Yes,Yes,Yes,One Year,No,Bank Withdrawal,75.1,2658.8,0.0,0,41.44,3,6,71.85945945945946,4131
Male,70,Yes,No,0,0,55,No Offer,Yes,29.3,Yes,Yes,Fiber Optic,10,Yes,Yes,Yes,Yes,Yes,Yes,No,Yes,Month-to-Month,Yes,Bank Withdrawal,116.5,6382.55,0.0,0,1611.5,4,7,116.04636363636364,4222
Female,63,No,Yes,1,1,64,Offer B,Yes,6.83,Yes,Yes,Fiber Optic,19,Yes,Yes,Yes,Yes,Yes,Yes,Yes,No,One Year,No,Bank Withdrawal,113.35,7222.75,0.0,20,437.12,3,7,112.85546875,4952
Female,79,Yes,No,0,0,26,No Offer,Yes,12.09,Yes,Yes,DSL,15,No,No,No,Yes,No,Yes,Yes,Yes,Two Year,Yes,Bank Withdrawal,66.05,1652.4,47.73,0,314.34,5,4,63.55384615384616,3225
Male,50,No,Yes,3,9,54,No Offer,Yes,7.25,Yes,Yes,Fiber Optic,57,No,Yes,No,Yes,Yes,Yes,Yes,Yes,One Year,Yes,Bank Withdrawal,105.2,5637.85,23.01,0,391.5,5,6,104.40462962962964,5546
Female,50,No,No,0,0,63,No Offer,Yes,31.34,Yes,Yes,DSL,26,Yes,Yes,Yes,Yes,No,Yes,Yes,Yes,Two Year,Yes,Credit Card,80.3,4995.35,0.0,0,1974.42,3,7,79.29126984126985,5554
Female,70,Yes,No,0,0,33,Offer C,Yes,17.24,Yes,Yes,Fiber Optic,25,No,Yes,Yes,Yes,Yes,Yes,Yes,No,Month-to-Month,Yes,Bank Withdrawal,110.45,3655.45,0.0,70,568.92,1,6,110.77121212121212,3401
Male,39,No,No,0,0,29,No Offer,Yes,12.92,No,Yes,Fiber Optic,24,No,Yes,No,Yes,Yes,No,No,No,Month-to-Month,No,Credit Card,89.65,2623.65,0.0,10,374.68,4,3,90.47068965517242,2681
Female,65,Yes,No,0,0,1,Offer E,Yes,18.37,No,Yes,Fiber Optic,13,No,No,No,No,Yes,No,No,Yes,Month-to-Month,No,Bank Withdrawal,78.45,78.45,0.0,0,18.37,1,2,78.45,2139
Female,21,No,No,0,0,57,No Offer,Yes,36.14,No,Yes,Cable,48,No,Yes,Yes,Yes,Yes,No,Yes,Yes,Two Year,No,Mailed Check,69.75,3894.4,0.0,0,2059.98,3,6,68.32280701754387,4487
Male,31,No,No,0,0,1,Offer E,Yes,10.22,No,No,No Internet,0,No,No,No,No,No,No,No,No,Month-to-Month,Yes,Credit Card,19.75,19.75,0.0,0,10.22,5,0,19.75,4441
Male,62,No,Yes,2,4,63,Offer B,Yes,48.62,Yes,Yes,Fiber Optic,28,No,Yes,No,No,No,Yes,Yes,Yes,One Year,Yes,Bank Withdrawal,91.35,5764.7,18.78,0,3063.06,4,4,91.5031746031746,4512
Female,57,No,No,0,0,9,Offer E,Yes,2.6,No,No,No Internet,0,No,No,No,No,No,No,No,No,Month-to-Month,No,Credit Card,20.25,186.15,0.0,0,23.4,4,0,20.683333333333334,5546
Female,19,No,No,0,0,18,Offer D,Yes,2.76,No,Yes,Fiber Optic,26,No,No,No,No,No,No,No,No,Month-to-Month,Yes,Bank Withdrawal,71.1,1247.75,0.0,150,49.68,5,0,69.31944444444444,4911
Male,53,No,No,0,0,25,Offer C,Yes,17.3,No,Yes,Fiber Optic,26,Yes,No,No,No,No,No,No,Yes,Month-to-Month,No,Bank Withdrawal,74.3,1952.25,40.54,0,432.5,4,2,78.09,4815
Male,35,No,Yes,0,1,68,No Offer,Yes,11.12,Yes,Yes,Cable,10,No,Yes,No,Yes,No,Yes,Yes,Yes,Two Year,No,Credit Card,70.8,4859.95,0.0,0,756.16,4,5,71.46985294117647,5540
Male,63,No,No,0,0,18,Offer D,Yes,47.72,No,Yes,DSL,28,No,No,Yes,Yes,No,No,No,Yes,Month-to-Month,No,Credit Card,55.2,1058.1,0.0,0,858.96,4,3,58.78333333333333,2110
Female,58,No,No,0,0,3,Offer E,Yes,29.51,No,Yes,Cable,17,No,No,Yes,No,Yes,Yes,Yes,No,One Year,Yes,Bank Withdrawal,69.95,220.45,0.0,30,88.53,5,4,73.48333333333333,2754
Female,74,Yes,No,0,0,4,No Offer,Yes,48.35,Yes,Yes,Cable,24,No,No,Yes,No,Yes,No,No,Yes,Month-to-Month,Yes,Bank Withdrawal,89.2,346.2,0.0,0,193.4,1,3,86.55,5808
Male,34,No,No,0,0,65,Offer B,Yes,44.7,No,No,No Internet,0,No,No,No,No,No,No,No,No,Two Year,Yes,Credit Card,19.55,1218.65,0.0,0,2905.5,5,0,18.74846153846154,4309
Male,68,Yes,Yes,0,2,7,No Offer,Yes,3.19,Yes,Yes,Cable,26,Yes,Yes,No,Yes,No,No,No,Yes,Two Year,No,Bank Withdrawal,64.2,475.0,0.0,0,22.33,4,4,67.85714285714286,5116
Male,21,No,No,0,0,51,Offer B,Yes,1.51,Yes,Yes,Fiber Optic,52,No,Yes,Yes,Yes,No,No,No,No,Month-to-Month,Yes,Bank Withdrawal,87.35,4473.0,0.0,0,77.01,5,3,87.70588235294117,4899
Female,52,No,No,0,0,1,Offer E,Yes,49.24,No,Yes,Fiber Optic,8,No,No,No,No,No,No,No,Yes,Month-to-Month,Yes,Bank Withdrawal,69.65,69.65,0.0,0,49.24,2,1,69.65,2418
Male,54,No,Yes,3,3,26,No Offer,Yes,24.17,No,Yes,Fiber Optic,75,No,No,No,No,No,Yes,Yes,Yes,One Year,No,Bank Withdrawal,78.95,2034.25,0.0,0,628.42,3,3,78.24038461538461,4237
Female,30,No,No,0,0,72,Offer A,Yes,35.24,Yes,Yes,Fiber Optic,42,Yes,Yes,Yes,Yes,Yes,Yes,Yes,Yes,Two Year,Yes,Credit Card,112.75,8192.6,0.0,0,2537.28,4,8,113.78611111111111,4927
Male,19,No,Yes,0,3,71,No Offer,Yes,2.43,No,Yes,Cable,58,Yes,No,Yes,Yes,No,Yes,Yes,Yes,Two Year,Yes,Credit Card,70.85,4973.4,0.0,0,172.53,4,6,70.04788732394366,5328
Male,70,Yes,Yes,0,1,9,No Offer,Yes,1.66,No,No,No Internet,0,No,No,No,No,No,No,No,No,One Year,Yes,Credit Card,21.25,204.55,0.0,0,14.94,4,0,22.727777777777778,2302
Male,60,No,Yes,3,10,23,No Offer,Yes,34.04,No,No,No Internet,0,No,No,No,No,No,No,No,No,Two Year,No,Credit Card,19.6,426.65,0.0,0,782.92,5,0,18.55,4617
Male,26,No,No,0,0,39,Offer C,Yes,48.02,No,No,No Internet,0,No,No,No,No,No,No,No,No,One Year,No,Credit Card,19.9,791.15,20.17,0,1872.78,4,0,20.285897435897436,4041
Female,34,No,No,0,0,24,No Offer,Yes,4.82,No,Yes,DSL,16,No,No,Yes,No,No,No,No,Yes,Month-to-Month,Yes,Credit Card,49.3,1233.25,0.0,0,115.68,5,2,51.385416666666664,5394
Male,35,No,Yes,3,2,34,Offer C,No,0.0,No,Yes,DSL,76,No,No,Yes,Yes,Yes,No,No,Yes,Month-to-Month,Yes,Bank Withdrawal,44.85,1442.6,0.0,0,0.0,4,4,42.42941176470588,5569
Female,45,No,Yes,0,7,64,Offer B,Yes,1.27,Yes,Yes,Fiber Optic,13,Yes,No,Yes,No,Yes,No,No,Yes,Two Year,Yes,Credit Card,94.6,5948.7,0.0,0,81.28,4,4,92.9484375,5038
Male,59,No,Yes,0,5,72,No Offer,Yes,6.15,Yes,Yes,Fiber Optic,5,Yes,Yes,Yes,Yes,No,Yes,Yes,Yes,Two Year,No,Bank Withdrawal,105.6,7581.5,0.0,0,442.8,3,7,105.29861111111111,5981
Female,73,Yes,Yes,0,1,1,Offer E,Yes,24.24,No,Yes,Cable,9,Yes,No,No,No,No,No,No,Yes,Month-to-Month,Yes,Bank Withdrawal,49.55,49.55,0.0,0,24.24,1,2,49.55,4989
Male,57,No,No,0,0,3,No Offer,Yes,47.5,Yes,Yes,Fiber Optic,22,No,Yes,Yes,No,Yes,Yes,Yes,Yes,Month-to-Month,No,Mailed Check,107.95,313.6,0.0,0,142.5,4,6,104.53333333333335,3449
Female,64,No,No,0,0,18,Offer D,Yes,10.97,Yes,Yes,DSL,9,Yes,No,Yes,No,No,No,No,Yes,Month-to-Month,Yes,Credit Card,60.6,1156.35,0.0,0,197.46,3,3,64.24166666666666,4459
Male,40,No,Yes,0,5,51,Offer B,Yes,9.53,No,Yes,DSL,10,Yes,Yes,No,Yes,No,No,No,Yes,Two Year,No,Credit Card,60.5,3121.45,0.0,0,486.03,3,4,61.20490196078431,4994
Female,53,No,Yes,1,4,22,No Offer,No,0.0,No,Yes,DSL,19,No,Yes,No,No,Yes,No,No,No,Month-to-Month,No,Bank Withdrawal,39.2,849.9,0.0,50,0.0,4,2,38.63181818181818,3288
Male,45,No,Yes,2,7,63,Offer B,No,0.0,No,Yes,DSL,16,No,Yes,Yes,Yes,No,No,No,Yes,Two Year,No,Bank Withdrawal,39.35,2395.05,0.0,0,0.0,5,4,38.01666666666667,5374
Female,59,No,Yes,0,10,41,No Offer,No,0.0,No,Yes,Cable,17,No,Yes,No,Yes,No,No,No,Yes,One Year,No,Credit Card,35.45,1391.65,0.0,0,0.0,4,3,33.94268292682927,2954
Male,37,No,No,0,0,35,No Offer,Yes,25.51,No,Yes,Fiber Optic,16,No,No,Yes,No,Yes,No,No,Yes,One Year,Yes,Bank Withdrawal,85.15,3030.6,0.0,0,892.85,1,3,86.58857142857143,5928
Female,38,No,No,0,0,47,Offer B,Yes,35.75,Yes,Yes,DSL,13,Yes,No,Yes,Yes,No,No,No,No,Two Year,Yes,Credit Card,65.0,2879.9,0.0,0,1680.25,3,3,61.274468085106385,3286
Male,43,No,Yes,0,1,56,No Offer,Yes,3.79,No,Yes,Fiber Optic,14,No,No,No,No,Yes,Yes,Yes,Yes,Month-to-Month,No,Credit Card,89.7,4952.95,41.66,0,212.24,4,4,88.44553571428571,5955
Female,80,Yes,No,1,0,30,No Offer,Yes,37.42,Yes,Yes,Fiber Optic,17,No,No,No,Yes,Yes,Yes,Yes,Yes,Two Year,Yes,Bank Withdrawal,101.3,2974.5,0.0,0,1122.6,4,5,99.15,2440
Male,24,No,Yes,0,5,43,Offer B,Yes,48.1,Yes,Yes,DSL,51,Yes,No,No,Yes,No,Yes,Yes,Yes,One Year,Yes,Credit Card,71.9,3173.35,0.0,0,2068.3,3,5,73.79883720930232,4106
Female,60,No,Yes,0,6,21,Offer D,Yes,27.66,Yes,Yes,Fiber Optic,8,No,No,No,No,Yes,Yes,Yes,No,Month-to-Month,Yes,Bank Withdrawal,94.3,1948.35,0.0,30,580.86,3,3,92.77857142857142,2058
Male,59,No,No,0,0,27,No Offer,Yes,18.51,No,Yes,DSL,9,Yes,No,No,No,No,No,No,No,Month-to-Month,No,Credit Card,50.35,1411.35,0.0,150,499.77,3,1,52.27222222222222,5578
Female,63,No,No,0,0,4,Offer E,Yes,43.32,Yes,Yes,Fiber Optic,20,No,No,No,No,Yes,No,No,No,Month-to-Month,Yes,Bank Withdrawal,85.65,321.65,0.0,10,173.28,1,1,80.4125,3223
Female,67,Yes,Yes,0,1,23,No Offer,Yes,41.88,No,Yes,Fiber Optic,12,Yes,No,No,No,Yes,Yes,Yes,Yes,One Year,Yes,Bank Withdrawal,95.1,2326.05,0.0,0,963.24,3,5,101.13260869565218,4025
Female,33,No,Yes,0,1,58,No Offer,Yes,3.51,Yes,Yes,Fiber Optic,28,No,No,Yes,Yes,Yes,Yes,Yes,No,Month-to-Month,Yes,Credit Card,102.1,5885.4,0.0,100,203.58,2,5,101.47241379310344,4415
Male,30,No,No,0,0,1,Offer E,Yes,44.59,No,Yes,Fiber Optic,41,No,No,No,No,No,No,No,Yes,Month-to-Month,No,Credit Card,70.6,70.6,0.0,0,44.59,2,1,70.6,3338
Male,50,No,Yes,2,5,10,Offer D,Yes,19.77,No,Yes,DSL,12,No,No,Yes,No,Yes,No,No,Yes,Month-to-Month,No,Credit Card,60.2,563.5,0.0,0,197.7,4,3,56.35,5318
Female,42,No,Yes,3,8,11,No Offer,Yes,44.84,No,Yes,DSL,57,Yes,No,No,No,No,No,No,No,Month-to-Month,No,Bank Withdrawal,51.0,581.7,0.0,60,493.24,3,1,52.88181818181818,5777
Female,31,No,Yes,0,7,60,Offer B,No,0.0,No,Yes,Cable,4,Yes,Yes,Yes,No,No,Yes,Yes,Yes,One Year,No,Bank Withdrawal,50.05,2911.5,0.0,0,0.0,3,6,48.525,5493
Female,40,No,Yes,2,7,54,Offer B,Yes,4.33,Yes,Yes,DSL,12,No,Yes,Yes,Yes,Yes,Yes,Yes,Yes,Month-to-Month,Yes,Bank Withdrawal,86.2,4524.05,0.0,0,233.82,3,7,83.77870370370371,6275
Female,51,No,Yes,0,1,49,Offer B,No,0.0,No,Yes,DSL,21,No,Yes,No,Yes,Yes,Yes,Yes,Yes,One Year,Yes,Credit Card,56.3,2780.6,0.0,0,0.0,5,6,56.7469387755102,5913
Male,78,Yes,Yes,0,1,72,Offer A,No,0.0,No,Yes,DSL,24,Yes,Yes,Yes,Yes,Yes,Yes,No,Yes,Two Year,Yes,Bank Withdrawal,64.8,4732.35,0.0,0,0.0,3,7,65.72708333333334,4886
Female,56,No,No,0,0,1,No Offer,Yes,26.0,No,Yes,Fiber Optic,8,No,No,No,No,No,No,No,Yes,Month-to-Month,No,Mailed Check,70.75,70.75,0.0,0,26.0,2,1,70.75,3963
Male,59,No,No,0,0,8,No Offer,Yes,35.53,No,Yes,Cable,5,No,No,No,No,No,No,No,Yes,Month-to-Month,Yes,Credit Card,45.15,438.4,0.0,0,284.24,2,1,54.8,3721
Female,57,No,No,0,0,56,Offer B,Yes,13.89,No,No,No Internet,0,No,No,No,No,No,No,No,No,Two Year,Yes,Bank Withdrawal,19.55,1080.55,0.0,0,777.84,5,0,19.295535714285712,5764
Female,62,No,No,0,0,59,Offer B,Yes,28.32,Yes,Yes,DSL,9,Yes,No,No,Yes,No,Yes,Yes,No,One Year,No,Bank Withdrawal,68.7,4070.95,0.0,150,1670.88,3,4,68.99915254237288,4244
Female,38,No,No,0,0,1,Offer E,Yes,49.33,No,Yes,DSL,21,No,No,No,No,No,No,No,Yes,Month-to-Month,Yes,Credit Card,45.4,45.4,0.0,0,49.33,3,1,45.4,4916
Female,62,No,No,3,0,11,Offer D,Yes,33.06,No,No,No Internet,0,No,No,No,No,No,No,No,No,Month-to-Month,No,Credit Card,20.1,221.35,0.0,0,363.66,2,0,20.12272727272727,4500
Male,46,No,Yes,0,1,72,Offer A,Yes,1.86,Yes,No,No Internet,0,No,No,No,No,No,No,No,No,Two Year,Yes,Bank Withdrawal,23.55,1723.95,0.0,0,133.92,3,0,23.94375,5901
Female,64,No,No,2,0,1,Offer E,Yes,43.48,No,Yes,DSL,16,Yes,Yes,No,Yes,No,No,No,No,Month-to-Month,Yes,Bank Withdrawal,60.0,60.0,0.0,10,43.48,1,3,60.0,4531
Male,35,No,No,0,0,7,No Offer,Yes,36.84,Yes,Yes,Fiber Optic,17,No,No,Yes,No,Yes,No,No,No,Month-to-Month,Yes,Credit Card,89.35,631.85,0.0,60,257.88,1,2,90.26428571428572,4154
Female,40,No,Yes,2,5,72,Offer A,Yes,9.72,Yes,Yes,Cable,15,Yes,Yes,Yes,Yes,No,Yes,Yes,No,Two Year,No,Bank Withdrawal,80.85,5824.75,0.0,10,699.84,4,6,80.89930555555556,6317
Female,60,No,No,0,0,10,Offer D,Yes,41.04,No,No,No Internet,0,No,No,No,No,No,No,No,No,Month-to-Month,No,Credit Card,18.85,163.2,0.0,0,410.4,3,0,16.32,5949
Female,35,No,Yes,1,6,58,No Offer,Yes,17.21,No,No,No Internet,0,No,No,No,No,No,No,No,No,Two Year,No,Credit Card,20.3,1160.75,25.57,0,998.18,3,0,20.012931034482758,4424
Female,42,No,No,0,0,62,Offer B,Yes,32.29,Yes,Yes,Fiber Optic,26,No,No,No,No,Yes,Yes,Yes,Yes,One Year,Yes,Bank Withdrawal,94.0,5757.2,0.0,0,2001.98,3,4,92.85806451612903,4778
Female,39,No,Yes,0,0,46,Offer B,Yes,4.6,Yes,No,No Internet,0,No,No,No,No,No,No,No,No,One Year,No,Credit Card,24.95,1165.9,0.0,0,211.6,3,0,25.345652173913045,3979
Female,57,No,No,0,0,1,Offer E,Yes,15.92,No,Yes,Fiber Optic,11,No,No,No,No,No,No,No,Yes,Month-to-Month,Yes,Bank Withdrawal,70.3,70.3,0.0,0,15.92,1,1,70.3,5963
Female,47,No,Yes,2,6,19,No Offer,Yes,46.91,No,No,No Internet,0,No,No,No,No,No,No,No,No,Month-to-Month,No,Mailed Check,20.2,382.2,0.0,0,891.29,4,0,20.11578947368421,3636
Female,27,No,Yes,0,6,25,Offer C,No,0.0,No,Yes,DSL,48,Yes,Yes,Yes,No,Yes,Yes,Yes,Yes,Month-to-Month,Yes,Credit Card,58.6,1502.65,4.48,0,0.0,1,7,60.106,4190
Female,51,No,No,0,0,1,Offer E,Yes,30.52,Yes,Yes,Fiber Optic,30,No,No,No,No,No,Yes,Yes,Yes,Month-to-Month,Yes,Bank Withdrawal,85.0,85.0,0.0,0,30.52,3,3,85.0,5679
Female,39,No,No,0,0,33,No Offer,Yes,49.69,Yes,Yes,Fiber Optic,12,No,Yes,Yes,No,Yes,Yes,Yes,Yes,Month-to-Month,No,Bank Withdrawal,107.55,3645.5,0.0,0,1639.77,3,6,110.46969696969697,4800
Male,77,Yes,No,0,0,17,No Offer,Yes,17.26,No,Yes,Fiber Optic,25,No,Yes,Yes,No,Yes,Yes,No,No,Two Year,Yes,Bank Withdrawal,101.8,1752.45,27.15,90,293.42,4,4,103.08529411764707,3296
Male,60,No,No,0,0,11,Offer D,Yes,49.8,No,No,No Internet,0,No,No,No,No,No,No,No,No,Two Year,No,Credit Card,20.4,231.45,0.0,0,547.8,4,0,21.04090909090909,5397
Male,28,No,No,0,0,4,Offer E,Yes,26.16,Yes,Yes,Fiber Optic,85,No,Yes,No,No,Yes,Yes,Yes,Yes,Month-to-Month,Yes,Bank Withdrawal,101.7,364.55,1.48,0,104.64,2,5,91.1375,2777
Female,61,No,Yes,0,5,64,No Offer,No,0.0,No,Yes,DSL,27,Yes,No,Yes,Yes,No,Yes,Yes,Yes,Two Year,No,Bank Withdrawal,47.85,3147.5,0.0,0,0.0,1,6,49.1796875,6347
Male,64,No,Yes,0,3,5,Offer E,Yes,36.88,Yes,Yes,Fiber Optic,8,Yes,No,Yes,No,No,No,No,Yes,Month-to-Month,Yes,Bank Withdrawal,84.5,453.75,0.0,0,184.4,1,3,90.75,5141
Female,33,No,No,0,0,2,Offer E,Yes,34.57,No,No,No Internet,0,No,No,No,No,No,No,No,No,Month-to-Month,No,Credit Card,19.95,38.15,0.0,0,69.14,4,0,19.075,4079
Male,50,No,Yes,0,2,4,No Offer,Yes,9.67,No,Yes,Cable,22,No,No,No,Yes,No,No,No,Yes,Month-to-Month,No,Credit Card,50.05,179.35,0.0,0,38.68,2,2,44.8375,3394
Female,67,Yes,No,0,0,15,Offer D,Yes,4.28,Yes,Yes,Fiber Optic,6,No,Yes,No,No,No,Yes,No,Yes,Month-to-Month,No,Bank Withdrawal,89.85,1424.95,0.0,0,64.2,2,3,94.99666666666667,2668
Female,28,No,No,0,0,35,Offer C,Yes,45.14,Yes,Yes,Fiber Optic,41,No,Yes,No,Yes,No,No,Yes,No,Month-to-Month,No,Credit Card,85.3,2917.5,23.89,130,1579.9,2,3,83.35714285714286,2455
Male,63,No,No,0,0,43,No Offer,Yes,34.0,No,Yes,Fiber Optic,11,Yes,No,No,No,No,No,No,Yes,Month-to-Month,Yes,Bank Withdrawal,75.2,3198.6,0.0,0,1462.0,1,2,74.38604651162791,4673
Female,77,Yes,No,0,0,64,No Offer,No,0.0,No,Yes,DSL,21,No,Yes,No,Yes,Yes,No,No,No,Month-to-Month,Yes,Bank Withdrawal,43.85,2751.0,0.0,30,0.0,5,3,42.984375,6055
Male,54,No,Yes,2,2,67,Offer A,Yes,14.54,Yes,No,No Internet,0,No,No,No,No,No,No,No,No,Two Year,No,Credit Card,26.3,1688.9,0.0,0,974.18,5,0,25.207462686567165,6066
Male,44,No,Yes,0,1,51,No Offer,Yes,21.08,Yes,Yes,Fiber Optic,9,No,No,No,No,Yes,Yes,Yes,Yes,Month-to-Month,Yes,Bank Withdrawal,94.65,4812.75,0.0,0,1075.08,1,4,94.36764705882354,4747
Female,27,No,Yes,3,0,40,No Offer,No,0.0,No,Yes,DSL,52,No,Yes,No,No,Yes,Yes,Yes,Yes,Month-to-Month,Yes,Bank Withdrawal,50.85,2036.55,0.0,0,0.0,3,5,50.91375,2819
Male,25,No,No,0,0,70,Offer A,Yes,12.19,Yes,Yes,Fiber Optic,42,Yes,No,No,Yes,Yes,Yes,Yes,Yes,Two Year,Yes,Credit Card,104.0,7250.15,0.0,0,853.3,1,6,103.57357142857143,4544
Male,47,No,Yes,0,2,9,Offer E,Yes,34.64,No,Yes,DSL,7,Yes,Yes,No,Yes,Yes,No,No,Yes,Month-to-Month,Yes,Mailed Check,68.95,593.85,0.0,0,311.76,3,5,65.98333333333333,2452
Male,47,No,Yes,1,0,63,No Offer,Yes,3.65,No,No,No Internet,0,No,No,No,No,No,No,No,No,Two Year,No,Credit Card,19.7,1275.85,0.0,0,229.95,5,0,20.2515873015873,4235
Male,24,No,No,0,0,35,No Offer,Yes,38.38,No,Yes,DSL,82,Yes,Yes,Yes,No,No,No,No,Yes,One Year,No,Mailed Check,61.2,2021.2,0.0,0,1343.3,3,4,57.74857142857143,2075
Female,42,No,Yes,3,0,35,Offer C,Yes,39.11,Yes,Yes,DSL,23,Yes,Yes,No,No,No,No,No,Yes,Month-to-Month,Yes,Credit Card,59.45,2136.9,0.0,0,1368.85,3,3,61.05428571428572,3682
Female,38,No,No,0,0,9,No Offer,Yes,32.57,No,Yes,Fiber Optic,13,No,Yes,Yes,No,No,No,No,Yes,Month-to-Month,No,Bank Withdrawal,80.55,653.9,2.28,0,293.13,3,3,72.65555555555555,3581
Male,21,No,Yes,1,1,72,Offer A,Yes,27.1,Yes,Yes,Cable,59,Yes,Yes,Yes,Yes,Yes,Yes,Yes,Yes,Two Year,Yes,Credit Card,91.95,6614.9,0.0,0,1951.2,4,8,91.8736111111111,4403
Male,76,Yes,Yes,0,7,51,Offer B,Yes,2.21,Yes,Yes,Fiber Optic,10,Yes,No,Yes,No,No,Yes,No,Yes,One Year,Yes,Bank Withdrawal,93.65,4839.15,0.0,0,112.71,4,4,94.88529411764705,4163
Male,36,No,No,0,0,18,No Offer,Yes,12.5,Yes,Yes,DSL,5,No,No,Yes,Yes,Yes,Yes,Yes,Yes,One Year,Yes,Credit Card,82.0,1425.45,0.0,0,225.0,1,6,79.19166666666666,3306
Male,63,No,No,0,0,1,Offer E,Yes,40.83,No,No,No Internet,0,No,No,No,No,No,No,No,No,Month-to-Month,Yes,Credit Card,20.1,20.1,0.0,0,40.83,3,0,20.1,4933
Female,62,No,Yes,1,3,55,No Offer,Yes,3.18,No,No,No Internet,0,No,No,No,No,No,No,No,No,Two Year,No,Credit Card,20.3,1079.05,0.0,0,174.9,5,0,19.619090909090907,5153
Male,29,No,No,0,0,1,No Offer,Yes,10.84,No,No,No Internet,0,No,No,No,No,No,No,No,No,Month-to-Month,No,Credit Card,20.3,20.3,0.0,0,10.84,4,0,20.3,4270
Female,24,No,Yes,1,2,45,Offer B,Yes,40.19,No,No,No Internet,0,No,No,No,No,No,No,No,No,Two Year,No,Mailed Check,20.85,892.15,0.0,0,1808.55,4,0,19.825555555555557,2844
Female,63,No,Yes,0,0,24,No Offer,Yes,44.96,No,Yes,Fiber Optic,28,No,Yes,Yes,No,Yes,Yes,Yes,Yes,Month-to-Month,Yes,Credit Card,99.3,2431.35,0.0,0,1079.04,3,6,101.30624999999999,4811
Male,63,No,Yes,1,5,20,No Offer,Yes,13.18,No,Yes,Cable,10,No,No,Yes,No,No,No,No,Yes,Month-to-Month,Yes,Bank Withdrawal,49.6,939.8,0.0,0,263.6,3,2,46.989999999999995,3235
Female,74,Yes,Yes,0,1,3,Offer E,Yes,3.29,No,Yes,Fiber Optic,9,No,No,No,No,Yes,No,No,Yes,Month-to-Month,Yes,Bank Withdrawal,80.4,224.05,0.0,0,9.87,2,2,74.68333333333334,3834
Female,40,No,No,0,0,13,No Offer,Yes,26.13,No,Yes,Fiber Optic,28,No,No,No,No,No,No,No,Yes,Month-to-Month,Yes,Credit Card,70.15,886.7,8.53,0,339.69,4,1,68.20769230769231,2992
Male,78,Yes,Yes,0,1,13,No Offer,Yes,36.57,No,Yes,Fiber Optic,26,No,No,No,No,No,No,No,Yes,Month-to-Month,No,Bank Withdrawal,70.45,849.1,0.0,0,475.41,5,1,65.31538461538462,5225
Female,68,Yes,No,0,0,56,No Offer,Yes,34.58,Yes,Yes,Fiber Optic,4,No,Yes,Yes,No,Yes,Yes,No,Yes,One Year,Yes,Bank Withdrawal,104.75,5510.65,0.0,0,1936.48,3,5,98.40446428571428,5605
Female,74,Yes,No,0,0,27,No Offer,Yes,31.17,Yes,Yes,Fiber Optic,25,No,No,No,No,No,Yes,Yes,Yes,Month-to-Month,Yes,Bank Withdrawal,85.25,2287.25,0.0,0,841.59,1,3,84.71296296296296,5172
Female,53,No,No,0,0,29,No Offer,No,0.0,No,Yes,DSL,7,No,Yes,No,No,No,No,No,Yes,Month-to-Month,Yes,Bank Withdrawal,30.6,856.35,0.0,0,0.0,2,2,29.529310344827586,3615
Male,33,No,Yes,3,8,17,Offer D,Yes,45.24,Yes,No,No Internet,0,No,No,No,No,No,No,No,No,Two Year,Yes,Credit Card,25.15,412.6,0.0,0,769.08,3,0,24.27058823529412,3931
Female,35,No,No,0,0,39,No Offer,No,0.0,No,Yes,DSL,8,No,Yes,Yes,Yes,No,No,No,Yes,Month-to-Month,No,Bank Withdrawal,41.1,1597.05,0.0,0,0.0,3,4,40.949999999999996,3618
Female,47,No,No,0,0,1,Offer E,No,0.0,No,Yes,Cable,2,No,No,No,No,Yes,No,No,Yes,Month-to-Month,Yes,Bank Withdrawal,35.75,35.75,0.0,0,0.0,3,2,35.75,3351
Male,71,Yes,Yes,0,6,66,No Offer,Yes,49.85,Yes,Yes,Fiber Optic,14,No,No,No,Yes,Yes,Yes,No,Yes,Month-to-Month,Yes,Credit Card,100.05,6871.9,0.0,0,3290.1,2,4,104.11969696969696,4512
Male,51,No,No,0,0,11,No Offer,Yes,1.01,No,Yes,Fiber Optic,8,No,No,No,No,No,No,No,Yes,Month-to-Month,No,Bank Withdrawal,70.2,760.05,0.0,0,11.11,5,1,69.09545454545454,2535
Female,67,Yes,No,0,0,20,Offer D,Yes,29.29,Yes,Yes,Fiber Optic,15,No,No,No,No,No,Yes,Yes,Yes,Month-to-Month,Yes,Credit Card,85.8,1727.5,0.0,0,585.8,1,3,86.375,3336
Male,68,Yes,No,0,0,35,Offer C,Yes,39.69,Yes,Yes,Fiber Optic,25,No,No,Yes,No,Yes,Yes,No,Yes,Month-to-Month,Yes,Bank Withdrawal,101.4,3496.3,0.0,0,1389.15,3,4,99.89428571428572,3689
Female,20,No,Yes,0,3,19,No Offer,Yes,8.3,No,Yes,DSL,48,No,Yes,No,No,No,Yes,Yes,Yes,Month-to-Month,Yes,Credit Card,59.8,1130.85,0.0,0,157.7,3,4,59.518421052631574,3652
Male,60,No,Yes,1,4,56,No Offer,Yes,11.48,No,Yes,Fiber Optic,10,No,Yes,Yes,Yes,No,No,No,Yes,One Year,Yes,Credit Card,85.85,4793.8,0.0,0,642.88,4,4,85.60357142857143,5058
Female,74,Yes,Yes,0,1,66,No Offer,Yes,21.7,Yes,Yes,Cable,3,No,Yes,Yes,No,Yes,Yes,No,Yes,Two Year,Yes,Bank Withdrawal,80.55,5265.1,0.0,0,1432.2,3,5,79.77424242424243,4400
Male,78,Yes,Yes,0,0,41,No Offer,Yes,22.56,Yes,Yes,Fiber Optic,15,No,No,Yes,No,Yes,Yes,No,Yes,Month-to-Month,Yes,Bank Withdrawal,99.8,4259.3,8.88,0,924.96,1,4,103.88536585365854,4726
Male,30,No,No,0,0,5,No Offer,Yes,46.88,Yes,Yes,Fiber Optic,59,No,No,No,No,No,No,No,Yes,Month-to-Month,Yes,Bank Withdrawal,75.9,357.75,0.0,0,234.4,2,1,71.55,3520
Female,48,No,No,0,0,8,No Offer,Yes,37.79,No,Yes,Cable,25,Yes,No,No,No,No,No,No,No,Month-to-Month,Yes,Bank Withdrawal,49.85,365.55,13.01,10,302.32,3,1,45.69375,2269
Male,43,No,No,0,0,9,No Offer,No,0.0,No,Yes,DSL,9,No,No,No,No,Yes,No,No,Yes,Month-to-Month,Yes,Credit Card,34.7,296.1,0.0,0,0.0,1,2,32.900000000000006,5352
Male,47,No,No,0,0,1,Offer E,Yes,1.13,No,Yes,Fiber Optic,6,No,No,No,No,Yes,Yes,Yes,Yes,Month-to-Month,Yes,Bank Withdrawal,90.85,90.85,0.0,0,1.13,3,4,90.85,5086
Female,28,No,No,0,0,15,No Offer,Yes,6.56,No,Yes,DSL,52,No,No,No,No,Yes,No,No,Yes,One Year,No,Credit Card,56.15,931.9,35.23,0,98.4,4,2,62.126666666666665,5473
Male,75,Yes,No,0,0,7,No Offer,Yes,39.51,Yes,Yes,Fiber Optic,13,No,No,No,No,Yes,No,No,No,Month-to-Month,Yes,Bank Withdrawal,84.8,546.95,0.0,0,276.57,3,1,78.13571428571429,2015
Female,21,No,No,0,0,68,No Offer,No,0.0,No,Yes,DSL,58,Yes,No,Yes,Yes,No,No,No,Yes,Two Year,No,Credit Card,38.9,2719.2,0.0,0,0.0,3,4,39.98823529411764,5278
Male,60,No,No,3,0,9,No Offer,Yes,27.34,No,No,No Internet,0,No,No,No,No,No,No,No,No,One Year,No,Credit Card,20.1,190.25,0.0,0,246.06,4,0,21.13888888888889,3444
Male,20,No,No,3,0,71,Offer A,Yes,4.76,No,Yes,DSL,52,Yes,Yes,Yes,Yes,Yes,No,No,Yes,Two Year,Yes,Credit Card,76.9,5522.7,0.0,0,337.96,3,6,77.78450704225352,4633
Male,53,No,Yes,0,5,72,No Offer,Yes,6.29,Yes,Yes,Fiber Optic,8,Yes,Yes,Yes,Yes,Yes,Yes,Yes,Yes,Two Year,No,Credit Card,114.45,8375.05,0.0,0,452.88,4,8,116.32013888888888,6274
Male,40,No,No,0,0,19,Offer D,Yes,11.85,Yes,Yes,DSL,18,No,No,Yes,Yes,No,No,No,Yes,Month-to-Month,No,Bank Withdrawal,59.55,1144.6,0.0,0,225.15,4,3,60.24210526315789,3949
Female,42,No,No,0,0,3,Offer E,Yes,1.64,Yes,Yes,Fiber Optic,8,No,No,No,No,No,No,No,Yes,Month-to-Month,Yes,Bank Withdrawal,74.95,212.4,27.6,0,4.92,5,1,70.8,3641
Male,33,No,Yes,0,10,27,No Offer,Yes,9.01,No,Yes,DSL,5,Yes,No,No,No,No,No,No,Yes,One Year,No,Credit Card,48.7,1421.75,0.0,0,243.27,3,2,52.657407407407405,3560
Female,42,No,Yes,1,3,61,Offer B,Yes,20.01,Yes,Yes,Fiber Optic,12,Yes,Yes,Yes,Yes,Yes,Yes,Yes,Yes,Two Year,No,Credit Card,115.1,7008.15,0.0,0,1220.61,3,8,114.88770491803278,6090
Male,70,Yes,Yes,0,1,17,No Offer,Yes,9.5,No,Yes,Fiber Optic,16,No,No,No,No,No,Yes,No,Yes,Month-to-Month,No,Bank Withdrawal,81.5,1329.2,0.0,0,161.5,2,2,78.18823529411765,3443
Female,27,No,Yes,0,1,2,No Offer,Yes,8.5,No,Yes,Fiber Optic,59,No,Yes,No,No,No,No,Yes,Yes,Month-to-Month,Yes,Bank Withdrawal,73.55,145.4,0.0,0,17.0,1,3,72.7,5799
Male,70,Yes,Yes,0,1,57,No Offer,No,0.0,No,Yes,Cable,3,No,No,No,No,Yes,Yes,Yes,Yes,Month-to-Month,Yes,Bank Withdrawal,44.85,2572.95,12.07,0,0.0,2,4,45.13947368421052,5172
Male,37,No,No,0,0,9,Offer E,Yes,24.89,No,No,No Internet,0,No,No,No,No,No,No,No,No,Month-to-Month,No,Credit Card,19.7,180.7,0.0,0,224.01,4,0,20.077777777777776,4194
Male,35,No,No,0,0,29,Offer C,Yes,8.0,No,Yes,DSL,9,Yes,Yes,No,Yes,No,No,No,No,One Year,Yes,Bank Withdrawal,58.75,1696.2,0.0,50,232.0,3,3,58.4896551724138,5198
Female,57,No,Yes,0,1,21,Offer D,Yes,1.21,Yes,Yes,Fiber Optic,16,Yes,No,Yes,No,Yes,Yes,Yes,Yes,Month-to-Month,Yes,Bank Withdrawal,103.9,2254.2,0.0,0,25.41,1,6,107.34285714285713,3769
Male,76,Yes,No,0,0,2,Offer E,Yes,12.96,No,Yes,Fiber Optic,20,No,Yes,Yes,Yes,No,Yes,No,Yes,Month-to-Month,Yes,Credit Card,95.1,180.25,0.0,0,25.92,3,5,90.125,4486
Male,66,Yes,Yes,0,3,70,No Offer,Yes,39.49,Yes,Yes,Fiber Optic,28,No,Yes,Yes,No,Yes,Yes,No,Yes,One Year,Yes,Bank Withdrawal,104.8,7308.95,6.11,0,2764.3,5,5,104.41357142857143,5291
Male,24,No,No,0,0,10,No Offer,Yes,13.16,No,No,No Internet,0,No,No,No,No,No,No,No,No,Two Year,No,Credit Card,20.25,202.5,0.0,0,131.6,4,0,20.25,5504
Male,58,No,No,0,0,30,No Offer,Yes,2.64,Yes,Yes,DSL,15,Yes,No,No,No,No,Yes,Yes,Yes,Month-to-Month,Yes,Mailed Check,64.5,1888.45,0.0,0,79.2,3,4,62.94833333333334,5039
Female,46,No,Yes,0,0,14,No Offer,Yes,14.61,No,No,No Internet,0,No,No,No,No,No,No,No,No,Two Year,No,Credit Card,20.4,292.4,0.0,0,204.54,3,0,20.885714285714283,4556
Male,43,No,No,0,0,59,No Offer,No,0.0,No,Yes,DSL,7,No,No,No,Yes,Yes,Yes,Yes,Yes,Month-to-Month,Yes,Bank Withdrawal,51.7,3005.8,0.0,0,0.0,3,5,50.94576271186441,6107
Male,61,No,No,0,0,5,No Offer,Yes,31.09,No,Yes,Fiber Optic,11,No,No,No,Yes,Yes,Yes,Yes,Yes,Month-to-Month,Yes,Bank Withdrawal,96.1,453.4,0.0,0,155.45,1,5,90.67999999999999,4192
Male,65,Yes,No,0,0,26,Offer C,Yes,29.88,No,No,No Internet,0,No,No,No,No,No,No,No,No,One Year,No,Credit Card,19.3,504.2,9.49,0,776.88,5,0,19.392307692307693,2269
Male,40,No,No,0,0,9,Offer E,Yes,15.53,No,Yes,Fiber Optic,14,No,No,Yes,No,Yes,Yes,Yes,Yes,Month-to-Month,Yes,Bank Withdrawal,94.05,811.65,0.0,0,139.77,4,5,90.18333333333334,3475
Male,43,No,Yes,2,3,11,No Offer,Yes,16.67,No,No,No Internet,0,No,No,No,No,No,No,No,No,Month-to-Month,Yes,Bank Withdrawal,20.45,250.8,0.0,0,183.37,5,0,22.8,2606
Male,27,No,No,0,0,1,Offer E,Yes,49.43,No,Yes,Fiber Optic,48,No,No,No,No,No,No,Yes,Yes,Month-to-Month,Yes,Bank Withdrawal,69.55,69.55,0.0,0,49.43,2,2,69.55,3042
Male,20,No,No,0,0,12,No Offer,Yes,28.16,Yes,Yes,Fiber Optic,42,No,No,No,Yes,Yes,Yes,Yes,No,Month-to-Month,Yes,Credit Card,99.95,1132.75,0.0,120,337.92,1,4,94.39583333333333,5598
Male,53,No,No,2,0,55,Offer B,Yes,39.29,No,No,No Internet,0,No,No,No,No,No,No,No,No,One Year,No,Bank Withdrawal,19.1,1001.5,0.0,0,2160.95,5,0,18.20909090909091,4391
Female,20,No,Yes,0,1,22,No Offer,Yes,45.1,No,Yes,Fiber Optic,41,No,No,No,No,Yes,No,No,No,Month-to-Month,Yes,Credit Card,80.0,1706.45,0.0,50,992.2,3,1,77.56590909090909,2640
Male,22,No,No,0,0,2,No Offer,Yes,40.75,No,Yes,DSL,71,No,Yes,No,No,No,No,No,Yes,Month-to-Month,No,Credit Card,49.25,97.0,0.0,0,81.5,5,2,48.5,3805
Male,21,No,Yes,0,5,67,Offer A,Yes,2.12,No,Yes,Cable,58,Yes,No,Yes,Yes,No,Yes,Yes,Yes,Two Year,No,Credit Card,67.85,4627.65,0.0,0,142.04,3,6,69.06940298507462,4792
Female,79,Yes,No,0,0,12,No Offer,Yes,34.01,Yes,Yes,Fiber Optic,18,No,Yes,No,No,Yes,No,No,Yes,Month-to-Month,Yes,Bank Withdrawal,91.3,1094.5,0.0,0,408.12,2,3,91.20833333333333,4703
Male,68,Yes,No,0,0,5,No Offer,Yes,2.27,No,Yes,Fiber Optic,17,No,No,No,No,No,No,No,Yes,Month-to-Month,Yes,Credit Card,70.25,331.9,12.48,0,11.35,2,1,66.38,3684
Male,48,No,No,0,0,4,Offer E,Yes,42.8,No,Yes,Fiber Optic,28,No,No,No,No,Yes,No,No,No,Month-to-Month,No,Bank Withdrawal,77.85,299.2,0.0,10,171.2,2,1,74.8,2140
Female,45,No,No,0,0,32,Offer C,Yes,33.45,Yes,Yes,DSL,5,Yes,No,No,No,Yes,Yes,Yes,Yes,One Year,No,Credit Card,74.75,2282.95,0.0,0,1070.4,4,5,71.3421875,2830
Female,37,No,No,0,0,29,No Offer,Yes,44.33,No,Yes,Fiber Optic,7,No,No,No,No,Yes,No,No,Yes,Month-to-Month,Yes,Bank Withdrawal,78.9,2384.15,0.0,0,1285.57,2,2,82.21206896551725,3249
Male,20,No,No,0,0,14,No Offer,Yes,18.46,No,Yes,Fiber Optic,26,No,No,Yes,No,No,No,No,Yes,Month-to-Month,No,Bank Withdrawal,76.45,1117.55,0.0,0,258.44,4,2,79.825,2292
Male,44,No,Yes,0,1,46,Offer B,Yes,10.13,Yes,Yes,Fiber Optic,3,No,Yes,Yes,No,Yes,No,No,Yes,One Year,Yes,Bank Withdrawal,94.65,4312.5,0.0,0,465.98,4,4,93.75,4120
Male,43,No,Yes,1,1,46,Offer B,Yes,5.52,Yes,Yes,Fiber Optic,16,No,Yes,No,No,No,No,No,Yes,Month-to-Month,Yes,Bank Withdrawal,80.0,3769.7,0.0,0,253.92,5,2,81.95,3315
Male,28,No,Yes,2,3,47,Offer B,Yes,15.68,Yes,No,No Internet,0,No,No,No,No,No,No,No,No,Two Year,No,Credit Card,24.55,1160.45,0.0,0,736.96,4,0,24.690425531914894,3629
Male,41,No,No,0,0,1,Offer E,No,0.0,No,Yes,DSL,6,No,Yes,No,No,No,No,No,No,Month-to-Month,Yes,Mailed Check,31.35,31.35,0.0,80,0.0,2,1,31.35,3605
Male,49,No,Yes,0,1,22,No Offer,Yes,19.8,No,Yes,Cable,17,Yes,No,Yes,Yes,Yes,No,No,Yes,One Year,Yes,Bank Withdrawal,67.5,1544.05,0.0,0,435.6,1,5,70.18409090909091,3378
Male,37,No,No,0,0,1,No Offer,Yes,28.25,Yes,Yes,Cable,9,No,No,No,No,No,No,No,Yes,Month-to-Month,Yes,Bank Withdrawal,50.45,50.45,0.0,0,28.25,3,1,50.45,2928
Male,48,No,No,0,0,55,No Offer,Yes,26.3,Yes,Yes,DSL,23,No,No,Yes,No,Yes,Yes,Yes,Yes,Two Year,Yes,Bank Withdrawal,77.8,4323.35,0.0,0,1446.5,5,5,78.60636363636364,6483
Female,21,No,No,0,0,61,Offer B,Yes,15.44,Yes,Yes,Fiber Optic,30,No,Yes,Yes,No,Yes,Yes,Yes,Yes,One Year,Yes,Bank Withdrawal,103.95,6423.0,0.0,0,941.84,4,6,105.29508196721312,4148
Male,66,Yes,Yes,0,7,71,Offer A,Yes,30.72,Yes,No,No Internet,0,No,No,No,No,No,No,No,No,Two Year,No,Bank Withdrawal,23.95,1756.2,0.0,0,2181.12,3,0,24.735211267605635,4329
Female,27,No,No,0,0,1,Offer E,Yes,23.0,No,Yes,Fiber Optic,59,No,No,No,No,No,No,No,Yes,Month-to-Month,Yes,Bank Withdrawal,70.25,70.25,0.0,0,23.0,1,1,70.25,4133
Male,66,Yes,Yes,0,10,67,No Offer,Yes,44.9,Yes,Yes,Fiber Optic,20,Yes,Yes,No,No,No,No,No,Yes,Month-to-Month,No,Bank Withdrawal,83.85,5588.8,0.0,0,3008.3,3,3,83.41492537313434,5261
Female,21,No,Yes,3,4,20,No Offer,Yes,38.6,No,No,No Internet,0,No,No,No,No,No,No,No,No,Month-to-Month,No,Bank Withdrawal,20.0,417.65,9.73,0,772.0,3,0,20.8825,3402
Male,59,No,Yes,0,7,71,Offer A,Yes,46.53,Yes,Yes,DSL,3,Yes,Yes,Yes,Yes,Yes,Yes,Yes,Yes,Two Year,Yes,Credit Card,91.25,6589.6,0.0,0,3303.63,3,8,92.8112676056338,5529
Male,34,No,Yes,0,9,59,Offer B,Yes,14.98,Yes,Yes,Fiber Optic,19,Yes,Yes,Yes,Yes,Yes,Yes,Yes,Yes,Two Year,No,Bank Withdrawal,113.75,6561.25,0.0,0,883.82,3,8,111.20762711864407,6251
Male,20,No,No,0,0,58,Offer B,Yes,44.5,Yes,Yes,Fiber Optic,47,No,Yes,Yes,No,Yes,Yes,Yes,Yes,One Year,Yes,Bank Withdrawal,103.25,6017.65,0.0,0,2581.0,1,6,103.75258620689655,6105
Female,57,No,Yes,0,1,70,Offer A,Yes,42.67,Yes,Yes,DSL,24,Yes,No,Yes,Yes,No,No,No,Yes,Two Year,No,Credit Card,65.3,4759.75,0.0,0,2986.9,1,4,67.99642857142857,5591
Female,19,No,Yes,2,10,41,Offer B,Yes,1.6,Yes,Yes,Fiber Optic,59,Yes,Yes,No,No,Yes,No,No,Yes,Month-to-Month,Yes,Bank Withdrawal,94.3,3893.6,0.0,0,65.6,4,4,94.96585365853659,2196
Male,71,Yes,Yes,0,1,46,Offer B,Yes,48.62,No,Yes,Fiber Optic,3,No,No,No,No,No,Yes,No,No,Month-to-Month,Yes,Bank Withdrawal,80.4,3605.2,0.0,20,2236.52,3,1,78.37391304347825,4876
Male,77,Yes,Yes,0,1,1,Offer E,No,0.0,No,Yes,DSL,12,No,Yes,No,No,Yes,No,No,Yes,Month-to-Month,No,Bank Withdrawal,40.2,40.2,0.0,0,0.0,2,3,40.2,5828
Female,60,No,Yes,3,3,31,Offer C,Yes,9.8,No,No,No Internet,0,No,No,No,No,No,No,No,No,Two Year,No,Credit Card,21.0,697.7,0.0,0,303.8,3,0,22.506451612903227,5225
Female,50,No,Yes,0,2,71,No Offer,Yes,23.06,No,Yes,Cable,6,Yes,Yes,Yes,Yes,Yes,Yes,Yes,Yes,One Year,Yes,Bank Withdrawal,84.8,6046.1,0.0,0,1637.26,3,8,85.15633802816902,5643
Female,24,No,Yes,0,10,12,Offer D,No,0.0,No,Yes,Cable,82,No,No,Yes,No,Yes,Yes,Yes,Yes,Month-to-Month,Yes,Bank Withdrawal,49.85,617.15,0.0,0,0.0,3,5,51.42916666666667,2873
Male,42,No,No,0,0,1,No Offer,Yes,42.87,No,Yes,Fiber Optic,8,No,No,No,No,No,No,No,No,Month-to-Month,Yes,Credit Card,70.45,70.45,0.0,10,42.87,1,0,70.45,3525
Female,35,No,No,0,0,39,Offer C,No,0.0,No,Yes,DSL,4,No,No,Yes,No,Yes,Yes,Yes,Yes,Month-to-Month,Yes,Bank Withdrawal,50.75,2011.4,0.0,0,0.0,3,5,51.57435897435898,4119
Male,66,Yes,No,0,0,19,No Offer,Yes,29.8,No,Yes,Fiber Optic,16,Yes,No,No,No,No,Yes,Yes,Yes,Month-to-Month,Yes,Bank Withdrawal,87.3,1637.3,0.0,0,566.2,3,4,86.17368421052632,4447
Female,56,No,Yes,0,1,63,Offer B,Yes,38.85,Yes,Yes,Fiber Optic,27,No,No,No,Yes,No,No,No,Yes,One Year,Yes,Credit Card,81.2,4965.1,0.0,0,2447.55,3,2,78.81111111111112,6063
Female,57,No,No,0,0,7,Offer E,Yes,23.35,No,Yes,DSL,6,No,No,No,Yes,Yes,Yes,Yes,Yes,Month-to-Month,Yes,Credit Card,70.75,450.8,0.0,0,163.45,1,5,64.4,2248
Female,30,No,Yes,0,7,70,Offer A,Yes,26.47,Yes,Yes,DSL,59,Yes,Yes,Yes,Yes,Yes,Yes,Yes,Yes,Two Year,Yes,Credit Card,94.8,6859.05,0.0,0,1852.9,3,8,97.98642857142858,5072
Female,44,No,No,0,0,53,No Offer,Yes,29.8,Yes,Yes,Fiber Optic,4,Yes,No,Yes,No,Yes,Yes,Yes,Yes,One Year,Yes,Credit Card,106.95,5785.5,0.0,0,1579.4,1,6,109.16037735849056,5550
Male,64,No,No,0,0,24,No Offer,Yes,32.49,No,Yes,Fiber Optic,23,No,No,No,No,Yes,Yes,Yes,Yes,Month-to-Month,Yes,Bank Withdrawal,90.35,2238.5,0.0,0,779.76,1,4,93.27083333333333,5546
Male,71,Yes,Yes,0,7,34,No Offer,Yes,26.49,No,Yes,Fiber Optic,18,Yes,No,No,Yes,Yes,No,No,Yes,One Year,No,Credit Card,90.15,3128.8,0.0,0,900.66,3,4,92.02352941176471,3202
Female,40,No,No,0,0,72,No Offer,Yes,12.63,Yes,Yes,DSL,23,Yes,Yes,No,No,No,No,No,Yes,Two Year,No,Bank Withdrawal,59.75,4265.0,0.0,0,909.36,3,3,59.236111111111114,4515
Male,62,No,No,2,0,15,Offer D,Yes,1.63,No,Yes,DSL,11,No,No,Yes,Yes,No,No,No,No,One Year,No,Credit Card,55.2,864.55,0.0,80,24.45,4,2,57.63666666666666,3608
Female,74,Yes,No,0,0,2,Offer E,Yes,13.17,No,Yes,Fiber Optic,10,No,No,No,No,No,No,No,Yes,Month-to-Month,Yes,Bank Withdrawal,70.35,139.05,0.0,0,26.34,3,1,69.525,2671
Male,49,No,No,0,0,45,Offer B,Yes,25.4,No,No,No Internet,0,No,No,No,No,No,No,No,No,One Year,Yes,Bank Withdrawal,20.4,930.45,0.0,0,1143.0,3,0,20.67666666666667,5398
Female,55,No,Yes,0,1,4,No Offer,No,0.0,No,Yes,DSL,29,No,No,No,No,No,No,No,Yes,Month-to-Month,Yes,Bank Withdrawal,25.15,99.95,0.0,0,0.0,4,1,24.9875,3891
Male,47,No,No,0,0,43,No Offer,No,0.0,No,Yes,Cable,4,Yes,No,Yes,No,No,No,No,Yes,One Year,Yes,Credit Card,35.2,1463.7,0.0,0,0.0,3,3,34.03953488372093,5268
Male,21,No,No,0,0,56,No Offer,Yes,25.41,Yes,Yes,Fiber Optic,51,No,Yes,No,Yes,No,Yes,Yes,Yes,Month-to-Month,Yes,Bank Withdrawal,94.45,5124.6,0.0,0,1422.96,3,5,91.51071428571429,4830
Male,21,No,No,0,0,1,No Offer,Yes,39.19,No,Yes,DSL,69,No,No,No,No,No,Yes,Yes,No,Month-to-Month,Yes,Bank Withdrawal,55.25,55.25,0.0,60,39.19,5,2,55.25,3255
Female,44,No,No,0,0,16,Offer D,Yes,17.8,Yes,Yes,Fiber Optic,5,No,No,Yes,No,No,Yes,Yes,No,Month-to-Month,Yes,Bank Withdrawal,88.45,1422.1,0.0,140,284.8,2,3,88.88125,5186
Male,68,Yes,Yes,0,5,61,No Offer,Yes,19.14,Yes,No,No Internet,0,No,No,No,No,No,No,No,No,Two Year,No,Bank Withdrawal,25.0,1501.75,0.0,0,1167.54,3,0,24.618852459016395,6421
Male,19,No,No,0,0,4,No Offer,Yes,6.91,Yes,Yes,Fiber Optic,53,No,No,No,No,No,Yes,Yes,Yes,Month-to-Month,Yes,Bank Withdrawal,85.65,338.9,0.0,0,27.64,1,3,84.725,2330
Female,20,No,Yes,2,2,56,Offer B,Yes,31.53,Yes,No,No Internet,0,No,No,No,No,No,No,No,No,Two Year,Yes,Credit Card,24.45,1385.85,0.0,0,1765.68,3,0,24.74732142857143,5577
Male,48,No,Yes,1,0,72,No Offer,Yes,19.64,Yes,No,No Internet,0,No,No,No,No,No,No,No,No,Two Year,No,Credit Card,24.1,1734.65,0.0,0,1414.08,4,0,24.092361111111114,4264
Male,41,No,No,0,0,7,Offer E,Yes,30.04,No,Yes,DSL,6,No,No,No,No,No,No,No,Yes,Month-to-Month,No,Credit Card,43.9,278.4,0.0,0,210.28,5,1,39.771428571428565,3565
Male,38,No,No,0,0,1,Offer E,Yes,45.49,No,No,No Internet,0,No,No,No,No,No,No,No,No,Month-to-Month,Yes,Credit Card,20.2,20.2,0.0,0,45.49,1,0,20.2,5355
Female,63,No,No,0,0,7,No Offer,Yes,26.09,No,Yes,Fiber Optic,2,No,No,No,No,Yes,No,No,Yes,Month-to-Month,Yes,Bank Withdrawal,79.0,522.95,0.0,0,182.63,2,2,74.70714285714287,3735
Female,42,No,Yes,0,6,24,No Offer,No,0.0,No,Yes,DSL,27,Yes,Yes,Yes,No,Yes,Yes,Yes,Yes,One Year,No,Bank Withdrawal,57.6,1367.75,0.0,0,0.0,4,7,56.989583333333336,5623
Female,50,No,No,0,0,12,No Offer,Yes,31.22,No,Yes,DSL,12,No,No,No,No,No,No,No,Yes,Month-to-Month,Yes,Bank Withdrawal,45.05,523.1,0.0,0,374.64,4,1,43.59166666666667,5624
Female,19,No,Yes,3,2,48,No Offer,Yes,9.77,No,No,No Internet,0,No,No,No,No,No,No,No,No,Two Year,No,Credit Card,20.0,935.9,0.0,0,468.96,5,0,19.497916666666665,2608
Female,43,No,No,0,0,7,Offer E,Yes,41.57,No,No,No Internet,0,No,No,No,No,No,No,No,No,Month-to-Month,No,Credit Card,20.35,150.6,0.0,0,290.99,5,0,21.514285714285712,3098
Male,79,Yes,No,0,0,71,Offer A,Yes,4.75,Yes,No,No Internet,0,No,No,No,No,No,No,No,No,Two Year,Yes,Credit Card,24.65,1766.75,0.0,0,337.25,3,0,24.883802816901408,4788
Male,71,Yes,Yes,0,1,43,No Offer,Yes,4.59,Yes,Yes,Fiber Optic,5,No,Yes,No,Yes,Yes,No,No,Yes,One Year,Yes,Bank Withdrawal,94.3,3953.15,0.0,0,197.37,3,4,91.93372093023255,2040
Male,63,No,Yes,2,7,35,No Offer,Yes,24.23,No,No,No Internet,0,No,No,No,No,No,No,No,No,One Year,No,Bank Withdrawal,19.9,666.0,0.0,0,848.05,3,0,19.02857142857143,2334
Male,38,No,Yes,3,8,53,No Offer,Yes,25.32,No,No,No Internet,0,No,No,No,No,No,No,No,No,Two Year,Yes,Credit Card,19.4,1110.35,0.0,0,1341.96,3,0,20.95,4497
Male,24,No,Yes,1,1,72,No Offer,Yes,22.78,No,No,No Internet,0,No,No,No,No,No,No,No,No,Two Year,No,Bank Withdrawal,20.35,1354.4,0.0,0,1640.16,3,0,18.811111111111114,4949
Female,32,No,Yes,2,6,62,Offer B,No,0.0,No,Yes,Cable,26,Yes,Yes,No,Yes,Yes,No,No,No,Two Year,No,Bank Withdrawal,48.7,3008.55,0.0,120,0.0,3,4,48.525000000000006,5453
Male,47,No,Yes,1,9,72,No Offer,Yes,24.08,No,Yes,Fiber Optic,19,Yes,Yes,Yes,Yes,Yes,Yes,Yes,Yes,Two Year,No,Bank Withdrawal,111.95,8033.1,0.0,0,1733.76,3,8,111.57083333333334,4004
Female,29,No,No,0,0,7,No Offer,Yes,28.62,Yes,Yes,Fiber Optic,26,No,No,No,No,No,No,Yes,Yes,Month-to-Month,Yes,Bank Withdrawal,73.85,511.25,13.03,0,200.34,3,2,73.03571428571429,2473
Male,32,No,No,2,0,61,Offer B,Yes,15.02,No,No,No Internet,0,No,No,No,No,No,No,No,No,Two Year,No,Mailed Check,19.75,1124.2,0.0,0,916.22,4,0,18.42950819672131,5411
Male,58,No,No,0,0,3,Offer E,Yes,15.6,No,Yes,Fiber Optic,9,No,No,No,No,Yes,Yes,Yes,Yes,Month-to-Month,Yes,Bank Withdrawal,92.0,266.8,0.0,0,46.8,3,4,88.93333333333334,4345
Female,29,No,No,1,0,1,Offer E,No,0.0,No,Yes,Cable,48,No,No,No,No,No,No,No,No,Month-to-Month,No,Credit Card,24.7,24.7,0.0,70,0.0,5,0,24.7,3065
Male,56,No,No,0,0,2,Offer E,Yes,6.47,No,Yes,DSL,21,No,No,No,No,No,No,No,Yes,Month-to-Month,Yes,Bank Withdrawal,45.15,98.5,0.0,0,12.94,2,1,49.25,2699
Female,44,No,No,0,0,69,No Offer,Yes,1.85,Yes,Yes,Fiber Optic,13,No,No,Yes,Yes,Yes,Yes,Yes,Yes,Two Year,No,Bank Withdrawal,104.0,7028.5,0.0,0,127.65,5,6,101.8623188405797,5902
Female,53,No,No,0,0,17,No Offer,Yes,5.49,Yes,Yes,DSL,14,No,No,Yes,Yes,Yes,No,No,Yes,Month-to-Month,Yes,Credit Card,69.0,1108.0,33.67,0,93.33,5,4,65.17647058823529,4439
Female,40,No,Yes,1,2,37,No Offer,Yes,41.03,Yes,Yes,Fiber Optic,15,No,Yes,Yes,No,No,Yes,Yes,Yes,Month-to-Month,Yes,Bank Withdrawal,95.15,3532.85,0.0,0,1518.11,3,5,95.48243243243243,3407
Female,49,No,Yes,0,9,68,No Offer,Yes,44.79,No,Yes,Cable,14,Yes,No,No,Yes,No,No,No,No,One Year,No,Bank Withdrawal,55.9,3848.8,0.0,20,3045.72,3,2,56.6,5160
Female,58,No,Yes,2,9,71,Offer A,Yes,27.26,Yes,Yes,Fiber Optic,12,No,Yes,Yes,No,No,Yes,Yes,Yes,Two Year,Yes,Credit Card,95.75,6849.4,0.0,0,1935.46,5,5,96.47042253521126,4865
Female,63,No,No,0,0,21,No Offer,Yes,9.06,Yes,Yes,Fiber Optic,10,No,No,No,No,Yes,Yes,Yes,Yes,Month-to-Month,Yes,Bank Withdrawal,97.35,2119.5,0.0,0,190.26,3,4,100.92857142857143,4321
Male,31,No,No,0,0,54,Offer B,Yes,49.98,No,Yes,Fiber Optic,26,Yes,Yes,No,Yes,Yes,Yes,Yes,Yes,One Year,Yes,Credit Card,105.4,5643.4,0.0,0,2698.92,1,7,104.5074074074074,4406
Male,48,No,No,0,0,9,No Offer,Yes,34.75,Yes,Yes,Fiber Optic,3,No,No,No,No,No,No,No,Yes,Month-to-Month,Yes,Bank Withdrawal,76.25,684.85,0.0,0,312.75,5,1,76.09444444444445,2062
Female,63,No,Yes,3,1,21,No Offer,Yes,35.72,No,Yes,Cable,30,No,Yes,No,No,Yes,No,No,Yes,One Year,Yes,Credit Card,58.85,1215.45,0.0,0,750.12,4,3,57.87857142857143,2845
Male,53,No,No,0,0,10,No Offer,Yes,18.03,No,Yes,Fiber Optic,6,Yes,Yes,Yes,Yes,Yes,Yes,Yes,Yes,Month-to-Month,Yes,Bank Withdrawal,110.1,1043.3,0.0,0,180.3,1,8,104.33,5803
Male,79,Yes,No,0,0,70,No Offer,No,0.0,No,Yes,DSL,20,No,No,No,No,Yes,Yes,No,Yes,One Year,Yes,Bank Withdrawal,45.25,3264.45,0.0,0,0.0,2,3,46.635,5824
Female,57,No,Yes,0,9,64,No Offer,Yes,23.29,No,Yes,DSL,25,No,Yes,Yes,Yes,No,Yes,Yes,Yes,Two Year,Yes,Credit Card,68.3,4378.8,0.0,0,1490.56,5,6,68.41875,5425
Male,65,Yes,Yes,0,1,36,No Offer,Yes,24.54,Yes,Yes,Fiber Optic,5,No,No,No,No,No,Yes,Yes,Yes,Month-to-Month,Yes,Credit Card,85.25,3132.75,0.0,0,883.44,2,3,87.02083333333333,3041
Female,54,No,Yes,0,8,55,Offer B,Yes,3.28,No,No,No Internet,0,No,No,No,No,No,No,No,No,One Year,No,Bank Withdrawal,19.7,1140.05,0.0,0,180.4,3,0,20.728181818181817,4888
Male,50,No,No,0,0,27,No Offer,Yes,20.29,No,Yes,DSL,21,Yes,Yes,No,No,No,No,No,Yes,One Year,No,Bank Withdrawal,55.45,1477.65,0.0,0,547.83,3,3,54.72777777777778,3616
Female,56,No,Yes,0,5,72,Offer A,No,0.0,No,Yes,DSL,30,Yes,Yes,Yes,Yes,Yes,Yes,Yes,Yes,Two Year,Yes,Credit Card,65.2,4784.45,0.0,0,0.0,3,8,66.45069444444444,5092
Male,39,No,No,0,0,58,No Offer,Yes,48.78,Yes,No,No Internet,0,No,No,No,No,No,No,No,No,Two Year,Yes,Credit Card,25.3,1474.35,0.0,0,2829.24,5,0,25.419827586206896,4477
Female,62,No,Yes,2,10,23,No Offer,Yes,33.02,Yes,Yes,DSL,12,Yes,No,Yes,Yes,Yes,No,No,Yes,Two Year,Yes,Bank Withdrawal,77.15,1759.4,0.0,0,759.46,3,5,76.49565217391304,2572
Female,64,No,Yes,0,1,55,No Offer,Yes,34.61,Yes,Yes,Fiber Optic,16,No,Yes,Yes,No,Yes,No,No,Yes,Month-to-Month,Yes,Credit Card,94.45,5073.1,0.0,0,1903.55,5,4,92.23818181818183,5577
Female,50,No,No,0,0,53,No Offer,Yes,2.51,Yes,Yes,Fiber Optic,19,Yes,Yes,Yes,No,No,No,No,No,Month-to-Month,No,Bank Withdrawal,90.8,4921.2,0.0,60,133.03,3,3,92.85283018867923,5249
Female,45,No,Yes,1,1,41,No Offer,Yes,23.95,No,No,No Internet,0,No,No,No,No,No,No,No,No,Two Year,No,Bank Withdrawal,19.7,804.25,0.0,0,981.95,3,0,19.615853658536587,2902
Male,55,No,No,0,0,7,Offer E,Yes,34.59,No,Yes,Fiber Optic,12,No,No,Yes,No,No,No,No,Yes,Month-to-Month,Yes,Bank Withdrawal,74.9,490.55,0.0,0,242.13,3,2,70.07857142857144,5335
Male,20,No,Yes,0,3,50,Offer B,No,0.0,No,Yes,DSL,73,Yes,No,No,Yes,Yes,No,No,Yes,One Year,Yes,Bank Withdrawal,44.45,2188.45,0.0,0,0.0,4,4,43.769,5363
Male,35,No,No,0,0,1,No Offer,Yes,39.58,No,Yes,DSL,28,No,No,Yes,No,No,No,No,Yes,Month-to-Month,Yes,Bank Withdrawal,50.5,50.5,0.0,0,39.58,3,2,50.5,2077
Male,32,No,No,0,0,10,Offer D,Yes,7.65,No,Yes,DSL,17,Yes,No,No,Yes,Yes,No,No,Yes,Month-to-Month,No,Bank Withdrawal,62.25,612.95,0.0,0,76.5,3,4,61.295,3415
Female,47,No,Yes,1,7,69,No Offer,Yes,38.92,Yes,Yes,Fiber Optic,16,Yes,No,Yes,No,No,No,No,No,One Year,No,Bank Withdrawal,84.45,5848.6,0.0,40,2685.48,3,2,84.76231884057971,5629
Male,36,No,No,3,0,3,No Offer,Yes,18.43,No,No,No Internet,0,No,No,No,No,No,No,No,No,Month-to-Month,No,Bank Withdrawal,20.2,50.6,0.0,0,55.29,3,0,16.866666666666667,3594
Female,59,No,No,0,0,4,Offer E,Yes,39.68,No,Yes,Fiber Optic,18,Yes,No,Yes,Yes,No,Yes,Yes,Yes,Month-to-Month,Yes,Bank Withdrawal,94.4,387.2,0.0,0,158.72,1,6,96.8,4249
Male,80,Yes,No,0,0,1,No Offer,Yes,39.88,Yes,Yes,Fiber Optic,19,No,No,No,No,No,No,No,Yes,Month-to-Month,Yes,Bank Withdrawal,73.65,73.65,0.0,0,39.88,3,1,73.65,5443
Female,35,No,Yes,3,1,39,No Offer,Yes,24.38,Yes,Yes,Fiber Optic,53,No,No,No,Yes,Yes,Yes,Yes,Yes,Month-to-Month,Yes,Credit Card,99.95,3767.4,0.0,0,950.82,3,5,96.60000000000001,4447
Male,31,No,No,0,0,72,Offer A,Yes,23.43,No,No,No Internet,0,No,No,No,No,No,No,No,No,Two Year,Yes,Credit Card,20.8,1521.2,0.0,0,1686.96,5,0,21.12777777777778,4626
Female,72,Yes,No,0,0,1,Offer E,Yes,7.77,Yes,Yes,Fiber Optic,22,No,No,No,No,No,No,No,Yes,One Year,Yes,Bank Withdrawal,72.1,72.1,0.0,0,7.77,4,1,72.1,4432
Female,31,No,No,0,0,11,Offer D,Yes,46.49,No,No,No Internet,0,No,No,No,No,No,No,No,No,One Year,No,Credit Card,20.0,211.95,0.0,0,511.39,4,0,19.268181818181816,3731
Male,75,Yes,Yes,0,6,30,No Offer,Yes,33.48,Yes,Yes,Fiber Optic,22,Yes,Yes,Yes,Yes,Yes,No,No,Yes,Month-to-Month,Yes,Bank Withdrawal,105.7,3181.8,0.0,0,1004.4,5,6,106.06,2455
Female,71,Yes,Yes,0,0,59,No Offer,Yes,19.14,Yes,Yes,Fiber Optic,13,Yes,Yes,Yes,Yes,No,No,No,No,One Year,Yes,Bank Withdrawal,94.05,5483.9,0.0,30,1129.26,3,4,92.94745762711864,5061
Male,43,No,Yes,0,1,22,Offer D,Yes,20.78,No,No,No Internet,0,No,No,No,No,No,No,No,No,Month-to-Month,Yes,Bank Withdrawal,20.45,471.55,0.0,0,457.16,4,0,21.43409090909091,3727
Male,47,No,No,0,0,17,Offer D,Yes,47.45,Yes,Yes,DSL,5,Yes,No,No,No,No,Yes,Yes,Yes,Month-to-Month,No,Bank Withdrawal,65.75,1111.2,0.0,0,806.65,4,4,65.36470588235295,3921
Female,80,Yes,No,0,0,56,No Offer,Yes,17.33,Yes,Yes,Fiber Optic,16,No,Yes,Yes,Yes,Yes,No,No,Yes,Two Year,Yes,Bank Withdrawal,99.9,5706.3,0.0,0,970.48,3,5,101.89821428571429,5840
Female,25,No,Yes,0,4,71,Offer A,Yes,6.23,No,Yes,DSL,58,Yes,No,Yes,Yes,Yes,Yes,Yes,Yes,Two Year,No,Bank Withdrawal,81.85,5924.4,0.0,0,442.33,4,7,83.44225352112676,4090
Female,56,No,Yes,0,1,46,No Offer,Yes,30.47,No,No,No Internet,0,No,No,No,No,No,No,No,No,Two Year,Yes,Credit Card,19.95,927.1,0.0,0,1401.62,5,0,20.15434782608696,5480
Female,54,No,No,0,0,5,Offer E,Yes,37.1,Yes,Yes,Cable,2,No,No,No,No,No,No,No,No,Month-to-Month,Yes,Mailed Check,50.6,249.95,0.0,20,185.5,2,0,49.989999999999995,2353
Male,44,No,No,0,0,3,Offer E,No,0.0,No,Yes,DSL,21,No,Yes,No,Yes,No,No,No,Yes,Month-to-Month,Yes,Mailed Check,36.85,108.7,0.0,0,0.0,1,3,36.233333333333334,5825
Female,52,No,Yes,1,8,72,Offer A,Yes,6.85,Yes,Yes,DSL,19,Yes,Yes,Yes,Yes,No,No,No,Yes,Two Year,Yes,Bank Withdrawal,70.45,5165.7,0.0,0,493.2,3,5,71.74583333333334,4463
Male,59,No,No,0,0,33,Offer C,Yes,47.64,No,Yes,Fiber Optic,18,Yes,No,No,Yes,Yes,No,No,Yes,Two Year,Yes,Bank Withdrawal,88.95,3027.65,0.0,0,1572.12,3,4,91.7469696969697,5087
Female,45,No,Yes,3,5,71,No Offer,Yes,4.91,Yes,Yes,Fiber Optic,29,Yes,Yes,Yes,Yes,Yes,Yes,Yes,Yes,Two Year,No,Bank Withdrawal,114.6,8100.25,0.0,0,348.61,4,8,114.08802816901408,4071
Female,24,No,Yes,0,5,67,Offer A,Yes,1.36,Yes,Yes,DSL,82,Yes,No,No,No,Yes,Yes,Yes,Yes,Two Year,Yes,Bank Withdrawal,75.5,5229.45,0.0,0,91.12,3,5,78.05149253731344,5420
Male,53,No,No,0,0,30,Offer C,Yes,41.66,Yes,Yes,Fiber Optic,28,Yes,Yes,No,No,No,Yes,Yes,Yes,Month-to-Month,Yes,Credit Card,94.3,2679.7,0.0,0,1249.8,3,5,89.32333333333332,4219
Female,32,No,Yes,0,6,65,Offer B,Yes,41.34,Yes,Yes,Fiber Optic,15,No,Yes,Yes,Yes,Yes,Yes,Yes,Yes,One Year,Yes,Credit Card,108.05,7118.9,0.0,0,2687.1,3,7,109.52153846153846,6047
Male,75,Yes,Yes,0,1,27,No Offer,Yes,10.6,Yes,Yes,Fiber Optic,23,No,No,No,No,No,No,No,Yes,Month-to-Month,Yes,Bank Withdrawal,75.5,1893.95,0.0,0,286.2,1,1,70.1462962962963,2377
Male,21,No,No,0,0,1,No Offer,Yes,20.26,Yes,No,No Internet,0,No,No,No,No,No,No,No,No,Month-to-Month,Yes,Mailed Check,24.05,24.05,0.0,0,20.26,2,0,24.05,3162
Female,75,Yes,Yes,1,3,59,No Offer,Yes,16.15,Yes,Yes,Fiber Optic,26,No,No,Yes,No,No,Yes,No,Yes,Month-to-Month,Yes,Credit Card,88.75,5348.65,0.0,0,952.85,3,3,90.65508474576271,6492
Male,33,No,Yes,0,3,32,No Offer,Yes,47.89,Yes,Yes,Fiber Optic,9,No,Yes,No,No,Yes,Yes,Yes,Yes,Month-to-Month,Yes,Credit Card,98.85,3145.9,0.0,0,1532.48,4,5,98.309375,3981
Female,80,Yes,Yes,0,10,56,Offer B,Yes,11.55,Yes,Yes,Fiber Optic,27,Yes,Yes,Yes,Yes,No,No,No,Yes,One Year,No,Bank Withdrawal,95.65,5471.75,21.71,0,646.8,3,5,97.70982142857143,6335
Female,42,No,No,0,0,3,Offer E,Yes,14.79,No,No,No Internet,0,No,No,No,No,No,No,No,No,Month-to-Month,No,Credit Card,20.4,63.15,0.0,0,44.37,4,0,21.05,5695
Female,37,No,No,0,0,13,No Offer,Yes,3.84,No,Yes,Fiber Optic,4,No,Yes,Yes,No,No,No,No,Yes,Month-to-Month,Yes,Bank Withdrawal,81.15,952.3,0.0,0,49.92,1,3,73.25384615384615,4806
Male,75,Yes,No,0,0,37,Offer C,No,0.0,No,Yes,DSL,29,No,Yes,Yes,No,No,No,No,Yes,Two Year,No,Bank Withdrawal,36.65,1315.0,0.0,0,0.0,5,3,35.54054054054054,2494
Male,67,Yes,No,0,0,1,No Offer,No,0.0,No,Yes,Cable,9,No,No,No,No,No,No,No,Yes,Month-to-Month,Yes,Bank Withdrawal,25.1,25.1,0.0,0,0.0,3,1,25.1,5437
Male,75,Yes,Yes,0,10,59,No Offer,Yes,4.21,No,Yes,Fiber Optic,21,Yes,Yes,Yes,No,No,No,No,Yes,One Year,Yes,Credit Card,82.95,4903.15,0.0,0,248.39,4,4,83.1042372881356,5295
Male,54,No,Yes,0,8,62,No Offer,Yes,34.62,Yes,Yes,Fiber Optic,28,No,No,Yes,Yes,Yes,Yes,Yes,Yes,Two Year,Yes,Bank Withdrawal,107.6,6912.7,0.0,0,2146.44,4,6,111.49516129032257,4697
Male,33,No,Yes,1,6,56,Offer B,Yes,37.58,Yes,Yes,DSL,26,Yes,Yes,No,Yes,No,Yes,Yes,Yes,Two Year,Yes,Credit Card,75.85,4261.2,0.0,0,2104.48,3,6,76.09285714285714,5314
Male,23,No,Yes,2,4,62,Offer B,Yes,37.75,Yes,Yes,Fiber Optic,73,No,No,Yes,No,Yes,No,No,Yes,Two Year,Yes,Credit Card,89.1,5411.65,0.0,0,2340.5,4,3,87.28467741935484,5995
Male,69,Yes,No,0,0,30,No Offer,Yes,4.04,Yes,Yes,Fiber Optic,14,Yes,No,No,No,No,Yes,No,Yes,Two Year,Yes,Credit Card,90.5,2595.85,0.0,0,121.2,3,3,86.52833333333334,5983
Male,23,No,No,0,0,7,Offer E,Yes,18.83,Yes,Yes,Fiber Optic,26,No,No,No,No,No,Yes,Yes,Yes,Month-to-Month,Yes,Credit Card,85.2,602.55,0.0,0,131.81,1,3,86.07857142857142,3905
Female,72,Yes,No,0,0,1,No Offer,Yes,20.55,No,Yes,Fiber Optic,5,No,Yes,No,No,No,No,No,Yes,Month-to-Month,Yes,Bank Withdrawal,73.0,73.0,0.0,0,20.55,1,2,73.0,4116
Male,49,No,Yes,0,3,9,No Offer,Yes,22.41,Yes,Yes,Fiber Optic,21,Yes,No,No,No,No,Yes,Yes,Yes,Month-to-Month,Yes,Bank Withdrawal,88.05,801.3,0.0,0,201.69,3,4,89.03333333333333,2715
Female,19,No,Yes,0,4,9,No Offer,Yes,12.59,No,Yes,Cable,76,No,Yes,No,No,No,No,No,Yes,Month-to-Month,No,Credit Card,50.85,466.6,0.0,0,113.31,4,2,51.84444444444445,4623
Male,57,No,No,0,0,1,No Offer,Yes,12.0,No,No,No Internet,0,No,No,No,No,No,No,No,No,Month-to-Month,No,Bank Withdrawal,20.05,20.05,0.0,0,12.0,2,0,20.05,4710
Female,33,No,Yes,1,0,59,No Offer,Yes,13.27,Yes,Yes,DSL,15,Yes,No,Yes,Yes,Yes,No,No,Yes,Two Year,Yes,Credit Card,76.45,4519.5,30.22,0,782.93,4,5,76.60169491525424,5978
Female,23,No,No,0,0,41,Offer B,Yes,21.56,Yes,Yes,Fiber Optic,59,Yes,Yes,Yes,Yes,Yes,Yes,Yes,Yes,Month-to-Month,Yes,Bank Withdrawal,114.5,4527.45,0.0,0,883.96,1,8,110.42560975609756,3038
Female,27,No,Yes,0,3,28,No Offer,Yes,42.33,No,No,No Internet,0,No,No,No,No,No,No,No,No,Month-to-Month,No,Credit Card,20.5,563.05,0.0,0,1185.24,4,0,20.10892857142857,5145
Male,62,No,Yes,0,2,23,Offer D,Yes,24.88,No,No,No Internet,0,No,No,No,No,No,No,No,No,One Year,No,Mailed Check,19.65,436.9,0.0,0,572.24,5,0,18.995652173913044,5460
Male,45,No,No,0,0,20,Offer D,Yes,3.94,No,Yes,DSL,18,No,Yes,No,No,No,No,No,Yes,Month-to-Month,Yes,Credit Card,51.8,1023.85,0.0,0,78.8,4,2,51.1925,2764
Male,76,Yes,Yes,0,10,60,Offer B,Yes,17.05,No,Yes,Fiber Optic,21,No,Yes,Yes,No,Yes,Yes,No,Yes,One Year,Yes,Bank Withdrawal,97.95,5867.0,0.0,0,1023.0,4,5,97.78333333333333,6150
Male,44,No,No,0,0,3,No Offer,Yes,38.38,Yes,Yes,Fiber Optic,23,No,No,No,No,No,No,No,No,Month-to-Month,Yes,Bank Withdrawal,76.95,228.4,0.0,10,115.14,2,0,76.13333333333334,4428
Female,44,No,No,0,0,2,No Offer,Yes,8.32,No,Yes,Fiber Optic,16,No,No,No,No,Yes,No,No,Yes,Month-to-Month,Yes,Bank Withdrawal,79.75,164.5,0.0,0,16.64,3,2,82.25,5172
Male,49,No,No,0,0,62,Offer B,Yes,48.72,No,Yes,DSL,2,No,Yes,Yes,Yes,Yes,Yes,Yes,Yes,Month-to-Month,Yes,Bank Withdrawal,80.4,4981.15,0.0,0,3020.64,5,7,80.34112903225805,5157
Male,57,No,No,0,0,57,No Offer,Yes,9.32,No,Yes,DSL,20,No,Yes,No,Yes,No,No,No,Yes,One Year,Yes,Credit Card,54.65,3134.7,0.0,0,531.24,5,3,54.99473684210526,4223
Female,54,No,No,1,0,11,No Offer,No,0.0,No,Yes,DSL,17,Yes,No,No,Yes,No,No,No,No,One Year,Yes,Credit Card,36.05,402.6,0.0,100,0.0,4,2,36.6,4265
Male,24,No,Yes,1,5,41,No Offer,Yes,16.02,No,No,No Internet,0,No,No,No,No,No,No,No,No,Two Year,Yes,Credit Card,20.0,879.8,0.0,0,656.82,3,0,21.458536585365852,5743
Male,42,No,Yes,0,6,22,No Offer,Yes,35.62,Yes,Yes,Fiber Optic,29,Yes,No,No,Yes,Yes,No,No,Yes,Month-to-Month,No,Credit Card,95.9,2234.95,0.0,0,783.64,3,4,101.58863636363635,3207
Male,43,No,No,0,0,52,Offer B,Yes,31.31,No,Yes,Fiber Optic,12,Yes,No,Yes,No,Yes,No,No,Yes,One Year,No,Bank Withdrawal,91.25,4738.3,0.0,0,1628.12,3,4,91.12115384615385,4770
Female,57,No,Yes,1,3,15,No Offer,Yes,37.9,No,No,No Internet,0,No,No,No,No,No,No,No,No,Month-to-Month,No,Credit Card,20.05,284.3,0.0,0,568.5,4,0,18.953333333333333,3591
Female,23,No,Yes,0,1,2,No Offer,No,0.0,No,Yes,Cable,51,No,No,No,No,Yes,Yes,Yes,Yes,Month-to-Month,No,Bank Withdrawal,44.6,97.1,0.0,0,0.0,3,4,48.55,5482
Female,61,No,No,0,0,4,No Offer,Yes,27.57,No,Yes,Fiber Optic,27,No,No,No,No,Yes,No,No,Yes,Month-to-Month,Yes,Bank Withdrawal,79.0,303.15,0.0,0,110.28,3,2,75.7875,2085
Male,77,Yes,Yes,0,1,43,Offer B,Yes,14.52,Yes,Yes,Fiber Optic,5,No,Yes,Yes,Yes,Yes,Yes,No,Yes,Month-to-Month,Yes,Bank Withdrawal,110.75,4687.9,0.0,0,624.36,2,6,109.02093023255813,2728
Male,31,No,No,0,0,5,No Offer,Yes,24.16,No,No,No Internet,0,No,No,No,No,No,No,No,No,Month-to-Month,No,Credit Card,19.95,107.05,0.0,0,120.8,5,0,21.41,4281
Female,48,No,No,1,0,63,No Offer,Yes,24.32,No,No,No Internet,0,No,No,No,No,No,No,No,No,Two Year,No,Credit Card,19.5,1215.1,0.0,0,1532.16,5,0,19.287301587301585,4370
Male,56,No,Yes,3,1,18,Offer D,Yes,28.06,No,No,No Internet,0,No,No,No,No,No,No,No,No,One Year,No,Bank Withdrawal,20.05,345.9,0.0,0,505.08,5,0,19.216666666666665,4458
Male,38,No,Yes,0,2,2,Offer E,Yes,4.41,No,Yes,DSL,26,No,Yes,No,Yes,No,Yes,Yes,No,Month-to-Month,Yes,Credit Card,64.2,143.65,0.0,30,8.82,4,4,71.825,4369
Female,47,No,Yes,2,4,23,No Offer,Yes,35.86,Yes,No,No Internet,0,No,No,No,No,No,No,No,No,Two Year,No,Mailed Check,25.1,611.45,0.0,0,824.78,5,0,26.584782608695654,2267
Female,50,No,Yes,1,6,64,No Offer,Yes,19.23,Yes,No,No Internet,0,No,No,No,No,No,No,No,No,One Year,No,Credit Card,24.9,1595.5,0.0,0,1230.72,4,0,24.9296875,5038
Female,20,No,No,3,0,4,Offer E,Yes,38.97,Yes,No,No Internet,0,No,No,No,No,No,No,No,No,Month-to-Month,Yes,Credit Card,25.45,84.2,0.0,0,155.88,5,0,21.05,2616
Male,55,No,No,0,0,26,No Offer,Yes,40.17,Yes,Yes,Fiber Optic,27,No,No,Yes,No,Yes,Yes,Yes,Yes,Month-to-Month,Yes,Bank Withdrawal,98.35,2515.3,0.0,0,1044.42,1,5,96.7423076923077,4997
Female,48,No,Yes,1,7,45,Offer B,Yes,20.11,Yes,No,No Internet,0,No,No,No,No,No,No,No,No,Two Year,Yes,Bank Withdrawal,24.65,1138.8,0.0,0,904.95,4,0,25.306666666666665,3043
Female,48,No,No,0,0,45,Offer B,Yes,8.4,No,Yes,DSL,8,Yes,Yes,No,Yes,No,No,No,Yes,One Year,Yes,Credit Card,62.55,2796.45,0.0,0,378.0,3,4,62.14333333333333,2935
Female,25,No,No,0,0,14,Offer D,Yes,39.22,No,Yes,DSL,48,No,Yes,No,No,No,No,No,No,Month-to-Month,No,Bank Withdrawal,50.45,765.45,0.0,140,549.08,5,1,54.675000000000004,3185
Male,29,No,No,0,0,25,Offer C,Yes,29.38,No,No,No Internet,0,No,No,No,No,No,No,No,No,Two Year,Yes,Credit Card,20.75,499.4,0.0,0,734.5,3,0,19.976,5161
Male,26,No,Yes,0,1,15,Offer D,Yes,39.84,No,No,No Internet,0,No,No,No,No,No,No,No,No,Month-to-Month,Yes,Credit Card,19.45,340.85,0.0,0,597.6,5,0,22.723333333333336,2483
Female,41,No,Yes,0,7,43,Offer B,Yes,41.83,Yes,Yes,Fiber Optic,15,No,Yes,No,No,No,No,No,Yes,Month-to-Month,No,Bank Withdrawal,80.45,3398.9,0.0,0,1798.69,4,2,79.04418604651163,5357
Female,29,No,Yes,0,4,23,No Offer,Yes,11.4,No,Yes,DSL,58,Yes,Yes,Yes,Yes,No,No,No,Yes,One Year,Yes,Credit Card,66.25,1533.8,23.92,0,262.2,4,5,66.68695652173913,2072
Male,36,No,No,0,0,37,No Offer,Yes,34.37,No,No,No Internet,0,No,No,No,No,No,No,No,No,One Year,No,Credit Card,20.15,785.75,0.0,0,1271.69,5,0,21.236486486486488,4422
Male,74,Yes,No,0,0,1,No Offer,Yes,3.84,Yes,Yes,Fiber Optic,13,No,No,No,No,No,No,No,No,Month-to-Month,Yes,Bank Withdrawal,76.45,76.45,0.0,10,3.84,3,0,76.45,3763
Male,40,No,Yes,0,5,72,Offer A,Yes,24.24,Yes,Yes,DSL,27,Yes,No,No,No,No,No,No,Yes,Two Year,No,Bank Withdrawal,55.3,3983.6,0.0,0,1745.28,4,2,55.327777777777776,6259
Male,76,Yes,No,0,0,12,No Offer,Yes,21.89,Yes,Yes,Fiber Optic,26,No,No,Yes,No,Yes,Yes,No,Yes,Month-to-Month,Yes,Bank Withdrawal,99.45,1200.15,0.0,0,262.68,3,4,100.0125,2819
Female,59,No,No,0,0,53,No Offer,Yes,33.88,No,Yes,Fiber Optic,6,No,Yes,Yes,Yes,No,Yes,Yes,Yes,One Year,Yes,Credit Card,94.45,5042.75,0.0,0,1795.64,4,6,95.14622641509433,5452
Male,61,No,Yes,1,4,66,No Offer,Yes,7.83,No,No,No Internet,0,No,No,No,No,No,No,No,No,Two Year,No,Credit Card,20.0,1374.2,0.0,0,516.78,3,0,20.82121212121212,5011
Male,49,No,Yes,0,7,25,Offer C,Yes,11.6,Yes,Yes,DSL,10,No,No,Yes,No,No,No,No,Yes,Month-to-Month,No,Credit Card,55.55,1405.3,0.0,0,290.0,5,2,56.211999999999996,2950
Female,19,No,Yes,2,10,8,No Offer,Yes,13.21,No,No,No Internet,0,No,No,No,No,No,No,No,No,Two Year,No,Credit Card,19.5,162.15,0.0,0,105.68,5,0,20.26875,3598
Male,52,No,No,0,0,22,No Offer,Yes,46.28,Yes,Yes,Fiber Optic,16,No,No,No,No,Yes,Yes,Yes,No,Month-to-Month,Yes,Credit Card,94.65,2104.55,0.0,40,1018.16,2,3,95.66136363636365,3665
Female,22,No,Yes,0,1,8,Offer E,Yes,38.83,No,Yes,Fiber Optic,76,No,No,Yes,No,Yes,Yes,Yes,Yes,Month-to-Month,Yes,Bank Withdrawal,94.2,777.3,0.0,0,310.64,1,5,97.1625,2939
Male,56,No,Yes,0,9,22,No Offer,Yes,48.68,No,Yes,Fiber Optic,18,No,No,Yes,No,Yes,No,No,Yes,Month-to-Month,Yes,Bank Withdrawal,87.0,1850.65,0.0,0,1070.96,4,3,84.12045454545455,5233
Female,21,No,Yes,0,6,24,No Offer,Yes,9.3,Yes,Yes,DSL,27,Yes,Yes,Yes,No,No,No,No,Yes,Month-to-Month,No,Credit Card,66.3,1559.45,32.59,0,223.2,3,4,64.97708333333334,2235
Female,52,No,Yes,0,6,69,No Offer,Yes,45.35,Yes,Yes,Fiber Optic,19,Yes,No,No,No,Yes,Yes,Yes,Yes,Two Year,No,Bank Withdrawal,99.15,6875.35,0.0,0,3129.15,3,5,99.64275362318841,5031
Male,50,No,No,0,0,1,Offer E,Yes,6.95,No,Yes,DSL,11,No,No,Yes,No,No,No,No,Yes,Month-to-Month,No,Credit Card,50.9,50.9,0.0,0,6.95,1,2,50.9,5111
Male,57,No,No,0,0,26,Offer C,Yes,13.34,No,No,No Internet,0,No,No,No,No,No,No,No,No,Month-to-Month,Yes,Bank Withdrawal,20.3,511.25,0.0,0,346.84,5,0,19.66346153846154,5712
Female,28,No,No,0,0,11,Offer D,Yes,10.06,Yes,Yes,Fiber Optic,48,Yes,No,No,No,No,No,No,Yes,Month-to-Month,Yes,Bank Withdrawal,79.0,929.3,0.0,0,110.66,3,2,84.48181818181818,3885
Female,65,Yes,No,0,0,57,Offer B,No,0.0,No,Yes,DSL,26,No,Yes,Yes,No,Yes,Yes,Yes,Yes,Two Year,Yes,Bank Withdrawal,55.0,3094.05,0.0,0,0.0,4,6,54.28157894736842,4622
Female,59,No,Yes,0,4,18,No Offer,Yes,25.54,No,No,No Internet,0,No,No,No,No,No,No,No,No,Two Year,No,Credit Card,20.1,370.5,0.0,0,459.72,4,0,20.583333333333332,4329
Female,48,No,Yes,0,3,71,No Offer,Yes,11.18,Yes,No,No Internet,0,No,No,No,No,No,No,No,No,Two Year,No,Credit Card,25.6,1888.25,0.0,0,793.78,5,0,26.595070422535212,5063
Male,55,No,Yes,0,3,1,Offer E,No,0.0,No,Yes,DSL,21,No,No,No,No,No,No,No,Yes,Month-to-Month,Yes,Bank Withdrawal,23.45,23.45,0.0,0,0.0,2,1,23.45,4517
Female,55,No,No,0,0,6,Offer E,Yes,20.36,Yes,Yes,Fiber Optic,10,No,Yes,Yes,Yes,Yes,Yes,Yes,Yes,Month-to-Month,Yes,Credit Card,109.9,669.45,0.0,0,122.16,1,7,111.575,5750
Male,75,Yes,Yes,0,1,7,No Offer,Yes,16.05,No,Yes,Fiber Optic,22,No,No,No,No,No,No,No,Yes,Month-to-Month,Yes,Credit Card,70.1,467.55,20.23,0,112.35,2,1,66.79285714285714,3669
Male,73,Yes,No,0,0,38,Offer C,Yes,5.75,No,Yes,Cable,30,No,Yes,Yes,Yes,Yes,No,No,Yes,One Year,Yes,Credit Card,70.15,2497.35,0.0,0,218.5,3,5,65.71973684210526,2645
Female,23,No,Yes,3,3,33,No Offer,Yes,28.4,No,No,No Internet,0,No,No,No,No,No,No,No,No,One Year,No,Credit Card,20.1,579.4,0.0,0,937.2,3,0,17.55757575757576,3342
Female,64,No,No,0,0,41,No Offer,Yes,10.26,No,Yes,Fiber Optic,2,No,Yes,No,Yes,Yes,Yes,Yes,Yes,Two Year,Yes,Bank Withdrawal,98.8,3959.15,27.09,0,420.66,4,6,96.56463414634146,5584
Male,30,No,Yes,0,2,65,Offer B,Yes,18.07,No,No,No Internet,0,No,No,No,No,No,No,No,No,Two Year,No,Credit Card,19.9,1292.6,0.0,0,1174.55,4,0,19.886153846153846,6312
Female,71,Yes,No,0,0,44,No Offer,Yes,49.75,Yes,Yes,Fiber Optic,2,Yes,Yes,Yes,No,Yes,Yes,No,Yes,One Year,Yes,Credit Card,109.8,4860.35,0.0,0,2189.0,3,6,110.4625,5720
Male,28,No,No,0,0,48,No Offer,Yes,4.15,Yes,Yes,Fiber Optic,46,Yes,No,No,Yes,No,Yes,Yes,Yes,Month-to-Month,Yes,Bank Withdrawal,95.4,4445.3,0.0,0,199.2,3,5,92.61041666666667,4334
Male,37,No,Yes,2,1,13,Offer D,Yes,29.68,No,Yes,DSL,22,Yes,No,No,No,No,No,No,No,Month-to-Month,Yes,Mailed Check,49.95,587.45,0.0,150,385.84,3,1,45.18846153846154,5764
Male,40,No,Yes,1,1,72,No Offer,Yes,11.67,Yes,Yes,Fiber Optic,26,Yes,No,Yes,No,Yes,Yes,Yes,Yes,One Year,Yes,Bank Withdrawal,106.1,7848.5,0.0,0,840.24,3,6,109.00694444444444,6283
Female,61,No,No,0,0,13,Offer D,Yes,33.13,No,No,No Internet,0,No,No,No,No,No,No,No,No,One Year,No,Bank Withdrawal,19.65,244.8,0.0,0,430.69,3,0,18.83076923076923,2024
Female,49,No,Yes,0,0,20,Offer D,Yes,48.03,No,No,No Internet,0,No,No,No,No,No,No,No,No,Month-to-Month,No,Bank Withdrawal,19.25,375.25,0.0,0,960.6,3,0,18.7625,4137
Female,40,No,No,0,0,1,Offer E,No,0.0,No,Yes,DSL,15,No,No,No,No,No,No,No,No,Month-to-Month,No,Bank Withdrawal,25.25,25.25,0.0,10,0.0,5,0,25.25,4831
Female,40,No,Yes,2,4,26,No Offer,Yes,12.71,No,No,No Internet,0,No,No,No,No,No,No,No,No,Two Year,No,Credit Card,19.65,494.9,0.0,0,330.46,4,0,19.034615384615385,4184
Male,67,Yes,Yes,2,4,72,No Offer,Yes,16.82,No,Yes,Fiber Optic,25,Yes,No,Yes,Yes,Yes,Yes,No,No,Two Year,Yes,Credit Card,104.1,7447.7,0.0,40,1211.04,3,5,103.44027777777778,5092
Male,25,No,Yes,1,2,70,Offer A,Yes,35.9,Yes,Yes,Cable,59,Yes,Yes,Yes,Yes,No,Yes,Yes,Yes,One Year,No,Bank Withdrawal,78.35,5445.95,0.0,0,2513.0,4,7,77.79928571428572,4422
Female,43,No,Yes,2,0,37,No Offer,Yes,1.6,Yes,Yes,Fiber Optic,11,No,No,No,No,Yes,Yes,Yes,Yes,Month-to-Month,Yes,Bank Withdrawal,95.25,3314.15,0.0,0,59.2,4,4,89.57162162162163,2969
Male,51,No,No,0,0,59,No Offer,Yes,26.63,No,No,No Internet,0,No,No,No,No,No,No,No,No,Two Year,No,Credit Card,19.35,1099.6,14.22,0,1571.17,3,0,18.63728813559322,5084
Male,43,No,Yes,0,5,66,No Offer,Yes,36.55,Yes,Yes,Fiber Optic,20,Yes,Yes,Yes,Yes,No,No,No,Yes,Two Year,No,Credit Card,96.6,6424.25,0.0,0,2412.3,3,5,97.33712121212122,4454
Female,45,No,Yes,0,10,68,Offer A,Yes,15.65,Yes,Yes,DSL,5,Yes,Yes,Yes,Yes,Yes,Yes,Yes,Yes,Two Year,Yes,Bank Withdrawal,91.7,6424.7,0.0,0,1064.2,3,8,94.48088235294118,4113
Female,64,No,Yes,0,1,1,Offer E,Yes,21.65,No,Yes,Fiber Optic,13,No,No,No,No,No,No,No,Yes,Month-to-Month,Yes,Bank Withdrawal,68.95,68.95,0.0,0,21.65,2,1,68.95,5644
Female,47,No,No,0,0,4,Offer E,No,0.0,No,Yes,DSL,4,Yes,Yes,No,No,No,No,No,Yes,Month-to-Month,Yes,Bank Withdrawal,33.65,137.85,0.0,0,0.0,2,3,34.4625,2563
Female,25,No,No,0,0,51,Offer B,Yes,19.23,No,No,No Internet,0,No,No,No,No,No,No,No,No,Two Year,No,Bank Withdrawal,20.65,1020.75,19.32,0,980.73,3,0,20.014705882352942,4725
Female,59,No,Yes,0,6,2,Offer E,Yes,48.39,No,Yes,Cable,24,Yes,No,No,No,No,Yes,Yes,Yes,Month-to-Month,Yes,Mailed Check,62.15,113.1,0.0,0,96.78,3,4,56.55,5766
Female,25,No,No,0,0,12,Offer D,Yes,8.82,No,No,No Internet,0,No,No,No,No,No,No,No,No,Month-to-Month,No,Credit Card,20.1,223.6,0.0,0,105.84,4,0,18.633333333333333,5179
Female,29,No,Yes,0,6,59,No Offer,Yes,31.43,No,No,No Internet,0,No,No,No,No,No,No,No,No,One Year,No,Credit Card,20.35,1267.0,0.0,0,1854.37,5,0,21.47457627118644,5757
Male,61,No,No,0,0,54,Offer B,Yes,27.62,No,Yes,Cable,24,Yes,Yes,No,Yes,Yes,No,No,Yes,Month-to-Month,Yes,Credit Card,69.9,3883.3,0.0,0,1491.48,4,5,71.91296296296296,6092
Female,44,No,No,0,0,33,No Offer,Yes,16.57,Yes,Yes,Fiber Optic,30,No,Yes,No,No,Yes,Yes,Yes,Yes,Month-to-Month,Yes,Bank Withdrawal,100.0,3320.6,0.0,0,546.81,5,5,100.62424242424242,4643
Male,47,No,Yes,1,0,25,No Offer,Yes,18.87,No,No,No Internet,0,No,No,No,No,No,No,No,No,One Year,No,Bank Withdrawal,19.9,505.45,0.0,0,471.75,5,0,20.218,4134
Female,46,No,Yes,0,7,70,No Offer,Yes,19.1,No,Yes,DSL,21,Yes,Yes,Yes,Yes,No,Yes,Yes,Yes,One Year,No,Credit Card,74.1,5222.3,0.0,0,1337.0,3,7,74.60428571428572,6325
Female,47,No,Yes,0,1,26,No Offer,Yes,15.37,No,Yes,Fiber Optic,11,No,No,No,No,Yes,Yes,Yes,Yes,Month-to-Month,Yes,Bank Withdrawal,90.8,2361.8,0.0,0,399.62,1,4,90.83846153846154,2641
Female,38,No,Yes,0,9,69,Offer A,Yes,5.27,No,No,No Internet,0,No,No,No,No,No,No,No,No,Two Year,No,Bank Withdrawal,19.75,1375.4,0.0,0,363.63,4,0,19.933333333333334,5325
Male,38,No,No,0,0,20,Offer D,Yes,49.81,No,Yes,DSL,4,No,No,No,Yes,No,No,No,Yes,Month-to-Month,No,Credit Card,50.0,1003.05,2.81,0,996.2,3,2,50.152499999999996,5741
Female,59,No,Yes,1,1,10,Offer D,Yes,25.89,No,Yes,DSL,22,No,Yes,No,Yes,No,Yes,Yes,Yes,Month-to-Month,Yes,Bank Withdrawal,65.5,616.9,0.0,0,258.9,5,5,61.69,3137
Male,38,No,No,0,0,14,Offer D,No,0.0,No,Yes,Cable,6,No,No,Yes,No,Yes,Yes,Yes,No,Month-to-Month,Yes,Bank Withdrawal,50.75,712.75,0.0,10,0.0,1,4,50.910714285714285,4883
Female,42,No,No,0,0,47,Offer B,Yes,35.97,Yes,Yes,Fiber Optic,25,No,Yes,Yes,No,Yes,Yes,Yes,No,Month-to-Month,Yes,Bank Withdrawal,106.4,5127.95,0.0,0,1690.59,1,5,109.10531914893616,4804
Female,71,Yes,Yes,0,5,46,No Offer,Yes,21.46,Yes,Yes,Fiber Optic,15,No,No,No,Yes,Yes,Yes,No,Yes,One Year,No,Bank Withdrawal,100.25,4753.85,0.0,0,987.16,5,4,103.3445652173913,5453
Female,57,No,Yes,3,1,48,Offer B,Yes,30.41,Yes,Yes,Fiber Optic,53,Yes,Yes,No,No,Yes,Yes,Yes,Yes,Month-to-Month,Yes,Credit Card,105.25,4997.5,1.66,0,1459.68,3,6,104.11458333333333,4275
Female,65,Yes,No,0,0,38,No Offer,Yes,4.09,No,No,No Internet,0,No,No,No,No,No,No,No,No,Two Year,No,Mailed Check,20.2,735.9,0.0,0,155.42,3,0,19.36578947368421,4947
Female,50,No,Yes,0,3,21,Offer D,Yes,42.22,Yes,Yes,Fiber Optic,29,No,No,No,No,No,Yes,Yes,Yes,Month-to-Month,Yes,Bank Withdrawal,86.5,1808.7,0.0,0,886.62,3,3,86.12857142857143,2036
Male,37,No,No,0,0,13,Offer D,No,0.0,No,Yes,Cable,16,No,No,No,No,No,No,No,Yes,Month-to-Month,Yes,Bank Withdrawal,25.15,331.85,48.59,0,0.0,5,1,25.52692307692308,4943
Female,60,No,No,0,0,11,Offer D,Yes,10.95,Yes,Yes,Fiber Optic,29,No,No,Yes,No,Yes,No,No,Yes,Month-to-Month,Yes,Bank Withdrawal,89.2,990.3,0.0,0,120.45,4,3,90.02727272727272,3734
Male,77,Yes,Yes,0,7,72,No Offer,Yes,5.51,No,Yes,Fiber Optic,2,Yes,Yes,No,Yes,No,No,No,Yes,Two Year,Yes,Credit Card,84.8,6141.65,0.0,0,396.72,4,4,85.30069444444445,4240
Male,61,No,Yes,0,2,72,Offer A,Yes,34.29,Yes,No,No Internet,0,No,No,No,No,No,No,No,No,Two Year,No,Credit Card,25.4,1710.9,0.0,0,2468.88,3,0,23.762500000000003,5512
Female,34,No,No,3,0,12,No Offer,Yes,25.34,Yes,Yes,Fiber Optic,56,Yes,No,No,No,No,No,No,No,Month-to-Month,Yes,Bank Withdrawal,78.95,927.35,0.0,80,304.08,1,1,77.27916666666667,5806
Male,54,No,Yes,0,1,55,No Offer,Yes,12.21,Yes,No,No Internet,0,No,No,No,No,No,No,No,No,Two Year,No,Bank Withdrawal,25.7,1443.65,0.0,0,671.55,4,0,26.24818181818182,6228
Female,54,No,Yes,0,4,24,No Offer,Yes,31.62,Yes,Yes,DSL,12,Yes,Yes,No,No,Yes,Yes,Yes,No,One Year,No,Bank Withdrawal,78.4,1832.4,0.0,130,758.88,3,5,76.35000000000001,2506
Female,35,No,No,0,0,28,No Offer,Yes,33.05,Yes,Yes,Cable,7,Yes,No,Yes,No,No,No,No,Yes,One Year,No,Credit Card,59.0,1654.45,0.0,0,925.4,4,3,59.0875,4891
Male,60,No,Yes,0,0,35,Offer C,Yes,5.06,Yes,Yes,Cable,20,Yes,Yes,Yes,Yes,No,No,No,Yes,Two Year,Yes,Credit Card,69.15,2490.15,0.0,0,177.1,3,5,71.14714285714285,3945
Male,63,No,No,0,0,7,No Offer,Yes,9.19,No,No,No Internet,0,No,No,No,No,No,No,No,No,Month-to-Month,Yes,Credit Card,19.4,168.65,0.0,0,64.33,5,0,24.092857142857145,5873
Female,30,No,Yes,0,10,6,Offer E,Yes,42.66,Yes,Yes,Cable,85,No,No,No,No,No,No,No,Yes,Month-to-Month,No,Bank Withdrawal,50.35,314.55,0.0,0,255.96,3,1,52.425000000000004,3442
Female,50,No,Yes,0,7,14,No Offer,Yes,4.45,No,Yes,Fiber Optic,16,No,No,No,No,No,Yes,Yes,Yes,Month-to-Month,Yes,Bank Withdrawal,78.1,1122.4,0.0,0,62.3,4,3,80.17142857142858,3157
Male,40,No,Yes,1,1,70,Offer A,Yes,40.28,Yes,Yes,Fiber Optic,13,Yes,Yes,No,No,Yes,Yes,Yes,Yes,Month-to-Month,Yes,Bank Withdrawal,106.05,7554.05,0.0,0,2819.6,4,6,107.915,4583
Female,33,No,Yes,2,6,21,Offer D,Yes,38.95,No,Yes,Cable,17,No,No,No,No,No,No,No,Yes,Month-to-Month,Yes,Bank Withdrawal,44.95,926.25,0.0,0,817.95,5,1,44.107142857142854,3752
Male,19,No,Yes,2,7,54,Offer B,Yes,41.58,Yes,No,No Internet,0,No,No,No,No,No,No,No,No,Two Year,Yes,Bank Withdrawal,24.05,1230.9,0.0,0,2245.32,4,0,22.794444444444448,4039
Male,44,No,No,1,0,62,Offer B,Yes,17.67,Yes,Yes,Fiber Optic,19,No,No,Yes,Yes,Yes,Yes,Yes,Yes,Two Year,Yes,Bank Withdrawal,104.05,6590.5,0.0,0,1095.54,4,6,106.29838709677419,5900
Female,60,No,No,0,0,2,Offer E,Yes,24.71,No,No,No Internet,0,No,No,No,No,No,No,No,No,Month-to-Month,No,Mailed Check,20.65,38.7,0.0,0,49.42,2,0,19.35,3845
Female,52,No,Yes,0,1,61,Offer B,Yes,40.37,Yes,No,No Internet,0,No,No,No,No,No,No,No,No,Two Year,No,Bank Withdrawal,25.3,1554.9,0.0,0,2462.57,4,0,25.49016393442623,4501
Female,74,Yes,No,0,0,60,Offer B,Yes,48.92,Yes,Yes,Fiber Optic,11,Yes,No,No,No,Yes,Yes,No,Yes,One Year,Yes,Bank Withdrawal,101.4,6176.6,0.0,0,2935.2,4,4,102.94333333333334,4483
Male,60,No,No,0,0,1,Offer E,No,0.0,No,Yes,Cable,29,No,No,No,No,No,No,No,Yes,Month-to-Month,No,Bank Withdrawal,24.8,24.8,0.0,0,0.0,2,1,24.8,5087
Male,66,Yes,No,0,0,49,Offer B,Yes,32.36,Yes,Yes,Fiber Optic,2,No,No,No,No,Yes,Yes,No,Yes,Month-to-Month,Yes,Bank Withdrawal,96.2,4718.25,0.0,0,1585.64,2,3,96.29081632653062,5904
Male,30,No,No,0,0,2,Offer E,Yes,17.22,Yes,Yes,Fiber Optic,30,No,No,No,No,No,No,No,Yes,Month-to-Month,Yes,Bank Withdrawal,76.5,162.45,0.0,0,34.44,1,1,81.225,5944
Female,54,No,No,0,0,1,No Offer,Yes,32.45,No,No,No Internet,0,No,No,No,No,No,No,No,No,Month-to-Month,No,Credit Card,19.5,19.5,0.0,0,32.45,2,0,19.5,5211
Male,31,No,Yes,0,9,58,No Offer,Yes,18.68,No,No,No Internet,0,No,No,No,No,No,No,No,No,Two Year,No,Credit Card,20.75,1185.95,0.0,0,1083.44,5,0,20.44741379310345,4927
Female,33,No,Yes,3,10,47,Offer B,Yes,41.54,No,No,No Internet,0,No,No,No,No,No,No,No,No,Two Year,No,Credit Card,19.75,948.9,0.0,0,1952.38,3,0,20.18936170212766,3843
Male,35,No,Yes,0,8,53,Offer B,Yes,34.46,No,No,No Internet,0,No,No,No,No,No,No,No,No,Two Year,No,Credit Card,19.9,1110.05,0.0,0,1826.38,3,0,20.944339622641508,4157
Male,28,No,No,0,0,63,Offer B,Yes,4.01,Yes,No,No Internet,0,No,No,No,No,No,No,No,No,Two Year,No,Mailed Check,25.25,1559.3,0.0,0,252.63,4,0,24.75079365079365,4530
Male,37,No,No,0,0,1,Offer E,Yes,45.77,No,Yes,DSL,20,Yes,No,No,No,No,No,No,Yes,Month-to-Month,Yes,Credit Card,50.75,50.75,0.0,0,45.77,3,2,50.75,2250
Female,27,No,No,0,0,18,No Offer,Yes,24.4,Yes,Yes,Fiber Optic,71,No,No,No,No,Yes,No,Yes,Yes,Month-to-Month,Yes,Bank Withdrawal,85.2,1553.9,0.0,0,439.2,3,3,86.32777777777778,3326
Male,59,No,No,0,0,33,Offer C,Yes,17.63,No,Yes,Fiber Optic,19,No,Yes,Yes,No,No,No,No,Yes,Month-to-Month,Yes,Credit Card,79.0,2576.8,0.0,0,581.79,3,3,78.0848484848485,4396
Female,63,No,No,0,0,9,Offer E,Yes,34.79,No,No,No Internet,0,No,No,No,No,No,No,No,No,Month-to-Month,No,Bank Withdrawal,20.15,238.15,0.0,0,313.11,4,0,26.461111111111112,3772
Female,31,No,No,3,0,43,No Offer,Yes,30.64,Yes,No,No Internet,0,No,No,No,No,No,No,No,No,Two Year,Yes,Bank Withdrawal,25.1,1070.15,0.0,0,1317.52,4,0,24.887209302325584,4797
Male,21,No,Yes,0,6,71,Offer A,Yes,28.02,No,Yes,DSL,27,No,Yes,Yes,Yes,Yes,Yes,Yes,Yes,Two Year,Yes,Credit Card,79.1,5564.85,0.0,0,1989.42,5,7,78.3781690140845,5872
Male,59,No,No,0,0,51,No Offer,Yes,9.85,Yes,Yes,Cable,3,Yes,No,No,Yes,No,No,No,Yes,One Year,No,Credit Card,59.9,3043.6,0.0,0,502.35,3,3,59.67843137254902,5233
Male,45,No,No,0,0,11,Offer D,Yes,17.12,No,No,No Internet,0,No,No,No,No,No,No,No,No,Two Year,No,Credit Card,19.55,223.15,26.32,0,188.32,3,0,20.286363636363635,5433
Female,43,No,No,0,0,11,No Offer,Yes,19.01,No,Yes,DSL,8,Yes,No,No,No,No,No,No,No,Month-to-Month,No,Credit Card,48.55,501.0,0.0,130,209.11,1,1,45.54545454545455,4444
Male,45,No,Yes,0,1,21,Offer D,Yes,42.65,Yes,Yes,Fiber Optic,3,No,Yes,Yes,No,Yes,Yes,Yes,Yes,Month-to-Month,No,Bank Withdrawal,104.4,2157.95,0.0,0,895.65,2,6,102.7595238095238,3796
Female,30,No,No,0,0,5,Offer E,Yes,10.11,No,Yes,Fiber Optic,69,No,Yes,No,Yes,No,Yes,Yes,Yes,Month-to-Month,Yes,Bank Withdrawal,89.35,461.7,0.0,0,50.55,3,5,92.34,4584
Female,20,No,Yes,0,2,7,Offer E,Yes,41.64,No,No,No Internet,0,No,No,No,No,No,No,No,No,One Year,No,Mailed Check,20.65,134.05,0.0,0,291.48,4,0,19.150000000000002,3575
Female,25,No,No,0,0,1,Offer E,Yes,1.23,Yes,Yes,Fiber Optic,69,No,Yes,No,No,No,No,No,Yes,Month-to-Month,Yes,Mailed Check,80.2,80.2,0.0,0,1.23,3,2,80.2,3056
Female,26,No,No,0,0,38,No Offer,Yes,17.66,No,Yes,Fiber Optic,41,No,Yes,Yes,Yes,No,No,Yes,Yes,Month-to-Month,Yes,Credit Card,84.25,3264.5,0.0,0,671.08,2,5,85.90789473684211,2885
Male,48,No,No,0,0,51,No Offer,Yes,36.59,No,Yes,DSL,20,No,No,No,Yes,No,No,No,Yes,One Year,No,Credit Card,47.85,2356.75,18.39,0,1866.09,4,2,46.21078431372549,4138
Female,65,Yes,Yes,0,5,72,Offer A,Yes,8.68,Yes,No,No Internet,0,No,No,No,No,No,No,No,No,Two Year,No,Bank Withdrawal,24.3,1778.7,0.0,0,624.96,5,0,24.704166666666666,4397
Female,58,No,No,0,0,1,No Offer,Yes,38.84,No,No,No Internet,0,No,No,No,No,No,No,No,No,Month-to-Month,No,Credit Card,19.95,19.95,0.0,0,38.84,5,0,19.95,2732
Female,80,Yes,No,0,0,33,No Offer,No,0.0,No,Yes,DSL,16,Yes,Yes,Yes,No,Yes,Yes,No,Yes,Two Year,Yes,Bank Withdrawal,59.45,1884.65,0.0,0,0.0,4,6,57.11060606060607,3116
Female,72,Yes,Yes,0,8,58,Offer B,Yes,47.34,Yes,Yes,Fiber Optic,28,No,No,No,Yes,Yes,Yes,Yes,Yes,Month-to-Month,Yes,Bank Withdrawal,100.4,5749.8,0.0,0,2745.72,5,5,99.13448275862069,4005
Female,54,No,No,0,0,25,Offer C,Yes,26.81,No,Yes,Fiber Optic,12,Yes,Yes,No,No,No,No,No,Yes,Month-to-Month,Yes,Bank Withdrawal,79.85,2015.35,0.0,0,670.25,2,3,80.61399999999999,4535
Female,19,No,Yes,0,0,61,No Offer,Yes,10.21,No,Yes,Fiber Optic,69,Yes,Yes,No,Yes,No,Yes,Yes,Yes,One Year,No,Bank Withdrawal,93.7,5860.7,0.0,0,622.81,3,6,96.07704918032786,4300
Female,74,Yes,Yes,0,7,43,Offer B,Yes,8.75,Yes,Yes,Fiber Optic,13,Yes,No,Yes,Yes,Yes,Yes,No,Yes,One Year,Yes,Credit Card,109.55,4830.25,0.0,0,376.25,2,6,112.3313953488372,5863
Male,25,No,Yes,0,3,27,No Offer,No,0.0,No,Yes,DSL,27,No,Yes,Yes,No,No,Yes,Yes,No,One Year,Yes,Credit Card,45.85,1246.4,0.0,30,0.0,4,4,46.162962962962965,2068
Male,51,No,No,0,0,1,Offer E,Yes,12.13,No,Yes,Fiber Optic,19,No,No,No,No,No,No,No,Yes,Month-to-Month,Yes,Bank Withdrawal,69.85,69.85,0.0,0,12.13,1,1,69.85,4548
Female,52,No,Yes,0,1,68,Offer A,Yes,7.87,Yes,Yes,Fiber Optic,4,Yes,Yes,No,No,No,No,No,Yes,Two Year,Yes,Bank Withdrawal,84.7,5711.05,0.0,0,535.16,3,3,83.9860294117647,5520
Female,76,Yes,No,0,0,3,No Offer,Yes,30.14,No,Yes,DSL,6,No,No,No,No,No,No,No,No,Month-to-Month,No,Bank Withdrawal,45.0,127.1,0.0,10,90.42,3,0,42.36666666666667,4145
Male,53,No,No,0,0,6,No Offer,Yes,21.97,No,Yes,Fiber Optic,9,No,Yes,No,No,No,Yes,Yes,Yes,Month-to-Month,Yes,Bank Withdrawal,84.4,556.35,0.0,0,131.82,3,4,92.72500000000001,4539
Female,48,No,Yes,0,5,68,Offer A,Yes,9.76,Yes,Yes,Fiber Optic,15,No,Yes,Yes,No,No,No,No,No,One Year,No,Credit Card,86.45,5762.95,0.0,150,663.68,5,2,84.74926470588235,4480
Male,27,No,Yes,2,1,5,No Offer,Yes,41.21,No,No,No Internet,0,No,No,No,No,No,No,No,No,One Year,No,Bank Withdrawal,20.55,99.45,0.0,0,206.05,3,0,19.89,3629
Female,25,No,No,0,0,66,Offer A,No,0.0,No,Yes,DSL,73,Yes,No,Yes,Yes,Yes,Yes,Yes,No,Two Year,Yes,Bank Withdrawal,61.35,4193.4,0.0,130,0.0,3,6,63.53636363636363,4824
Male,56,No,No,0,0,1,No Offer,Yes,4.8,No,Yes,Fiber Optic,11,No,Yes,No,No,No,No,No,Yes,Month-to-Month,Yes,Bank Withdrawal,74.35,74.35,0.0,0,4.8,3,2,74.35,5633
Female,38,No,Yes,0,4,7,No Offer,Yes,12.16,No,Yes,DSL,9,Yes,No,Yes,Yes,Yes,Yes,Yes,Yes,Month-to-Month,No,Bank Withdrawal,81.25,580.1,47.36,0,85.12,3,7,82.87142857142858,5928
Female,55,No,No,0,0,23,Offer D,Yes,9.04,No,Yes,DSL,8,No,Yes,Yes,No,No,No,No,Yes,One Year,No,Bank Withdrawal,55.8,1327.85,0.0,0,207.92,3,3,57.73260869565217,2499
Female,53,No,Yes,1,9,72,No Offer,Yes,48.04,No,No,No Internet,0,No,No,No,No,No,No,No,No,Two Year,No,Credit Card,19.7,1379.8,0.0,0,3458.88,3,0,19.163888888888888,5451
Male,34,No,Yes,0,1,70,Offer A,Yes,29.59,Yes,Yes,Fiber Optic,3,No,Yes,No,No,Yes,Yes,Yes,No,Two Year,No,Bank Withdrawal,98.3,6859.5,0.0,20,2071.3,2,4,97.99285714285715,4794
Female,33,No,No,0,0,7,Offer E,Yes,48.82,Yes,Yes,Cable,19,No,No,No,Yes,Yes,Yes,Yes,Yes,Month-to-Month,Yes,Bank Withdrawal,74.65,521.1,28.35,0,341.74,3,5,74.44285714285715,4612
Male,40,No,No,0,0,1,Offer E,No,0.0,No,Yes,DSL,6,No,No,No,No,No,No,No,Yes,Month-to-Month,Yes,Bank Withdrawal,24.4,24.4,0.0,0,0.0,5,1,24.4,3145
Female,41,No,No,0,0,1,Offer E,Yes,10.19,No,Yes,Fiber Optic,9,No,No,No,No,No,No,No,Yes,Month-to-Month,No,Mailed Check,71.1,71.1,0.0,0,10.19,2,1,71.1,5824
Male,58,No,No,0,0,3,Offer E,No,0.0,No,Yes,DSL,18,No,No,No,Yes,No,No,No,Yes,Month-to-Month,Yes,Bank Withdrawal,29.75,96.85,0.0,0,0.0,3,2,32.28333333333333,3425
Male,23,No,Yes,0,10,70,Offer A,Yes,21.68,Yes,Yes,Fiber Optic,30,Yes,Yes,Yes,Yes,Yes,Yes,Yes,Yes,Two Year,No,Credit Card,114.3,8244.3,0.0,0,1517.6,4,8,117.77571428571427,4280
Female,68,Yes,No,0,0,1,No Offer,Yes,43.61,No,Yes,Fiber Optic,2,No,No,No,No,Yes,Yes,Yes,Yes,Month-to-Month,Yes,Bank Withdrawal,91.3,91.3,0.0,0,43.61,3,4,91.3,2371
Female,52,No,No,0,0,61,No Offer,Yes,23.45,Yes,Yes,DSL,8,Yes,Yes,Yes,Yes,Yes,Yes,Yes,Yes,Two Year,No,Bank Withdrawal,89.65,5308.7,0.0,0,1430.45,3,8,87.02786885245901,6149
Male,34,No,Yes,1,3,50,No Offer,Yes,41.58,Yes,Yes,Fiber Optic,19,Yes,Yes,Yes,No,Yes,Yes,Yes,Yes,One Year,Yes,Bank Withdrawal,108.25,5431.4,0.0,0,2079.0,4,7,108.62799999999999,4972
Male,59,No,Yes,3,1,72,No Offer,Yes,44.61,Yes,Yes,DSL,53,Yes,Yes,Yes,Yes,Yes,Yes,Yes,Yes,Two Year,Yes,Bank Withdrawal,87.55,6463.15,0.0,0,3211.92,4,8,89.76597222222222,5341
Male,33,No,Yes,2,1,11,No Offer,Yes,15.73,No,No,No Internet,0,No,No,No,No,No,No,No,No,Month-to-Month,No,Bank Withdrawal,20.95,267.35,18.17,0,173.03,3,0,24.30454545454546,4075
Female,48,No,Yes,0,8,71,No Offer,Yes,43.61,No,Yes,Cable,27,No,Yes,Yes,Yes,Yes,Yes,Yes,Yes,Two Year,Yes,Credit Card,80.7,5705.05,0.0,0,3096.31,5,7,80.35281690140846,5617
Male,44,No,Yes,0,6,53,No Offer,Yes,32.94,Yes,Yes,Fiber Optic,17,No,Yes,No,Yes,No,Yes,Yes,Yes,One Year,No,Bank Withdrawal,97.75,5043.2,0.0,0,1745.82,3,5,95.15471698113207,4488
Female,34,No,Yes,0,7,59,No Offer,Yes,20.27,Yes,Yes,DSL,13,No,Yes,No,Yes,Yes,Yes,Yes,Yes,One Year,Yes,Bank Withdrawal,80.1,4693.2,0.0,0,1195.93,5,6,79.5457627118644,4093
Male,43,No,No,0,0,24,No Offer,Yes,8.99,Yes,Yes,DSL,5,Yes,No,No,No,No,No,No,No,Month-to-Month,Yes,Bank Withdrawal,55.65,1400.55,0.0,60,215.76,1,1,58.356249999999996,4126
Male,71,Yes,No,0,0,69,Offer A,Yes,13.36,Yes,Yes,Cable,10,Yes,No,Yes,Yes,No,Yes,Yes,Yes,Two Year,No,Credit Card,74.1,5031.0,0.0,0,921.84,3,6,72.91304347826087,4204
Female,74,Yes,No,0,0,2,Offer E,Yes,9.86,No,Yes,Fiber Optic,21,No,No,No,No,No,No,No,Yes,Month-to-Month,No,Bank Withdrawal,70.75,154.85,0.0,0,19.72,2,1,77.425,4407
Male,27,No,No,0,0,4,Offer E,Yes,43.06,No,Yes,Fiber Optic,46,No,No,No,No,No,Yes,Yes,Yes,Month-to-Month,Yes,Bank Withdrawal,79.9,324.3,0.0,0,172.24,1,3,81.075,4669
Female,50,No,Yes,0,1,70,Offer A,Yes,29.72,Yes,Yes,DSL,12,Yes,No,No,No,No,Yes,Yes,Yes,One Year,No,Bank Withdrawal,65.2,4543.15,0.0,0,2080.4,3,4,64.90214285714285,6316
Male,46,No,No,0,0,8,No Offer,No,0.0,No,Yes,Cable,4,Yes,No,No,Yes,No,Yes,Yes,Yes,Two Year,Yes,Mailed Check,44.55,343.45,0.0,0,0.0,3,5,42.93125,5489
Male,59,No,No,0,0,19,Offer D,Yes,20.26,No,Yes,Fiber Optic,25,No,Yes,Yes,No,No,No,No,Yes,Month-to-Month,Yes,Bank Withdrawal,78.25,1490.95,0.0,0,384.94,1,3,78.47105263157896,3666
Female,48,No,No,0,0,1,No Offer,Yes,27.12,No,Yes,Fiber Optic,23,No,No,No,No,No,No,No,Yes,Month-to-Month,Yes,Bank Withdrawal,70.6,70.6,0.0,0,27.12,3,1,70.6,4063
Female,38,No,No,0,0,68,Offer A,No,0.0,No,Yes,DSL,28,Yes,Yes,Yes,Yes,Yes,Yes,Yes,No,Two Year,No,Credit Card,64.35,4539.6,0.0,130,0.0,3,7,66.75882352941177,4146
Female,31,No,Yes,0,1,48,No Offer,No,0.0,No,Yes,DSL,22,No,Yes,Yes,No,No,No,No,Yes,One Year,No,Mailed Check,34.7,1604.5,0.0,0,0.0,2,3,33.427083333333336,5995
Male,51,No,Yes,0,2,62,No Offer,Yes,43.2,No,Yes,DSL,23,Yes,Yes,Yes,Yes,Yes,Yes,Yes,Yes,Two Year,No,Bank Withdrawal,86.1,5215.25,0.0,0,2678.4,4,8,84.11693548387096,5769
Male,35,No,No,7,0,1,No Offer,Yes,12.81,No,No,No Internet,0,No,No,No,No,No,No,No,No,Month-to-Month,No,Credit Card,19.25,19.25,0.0,0,12.81,3,0,19.25,5437
Female,43,No,No,0,0,2,Offer E,Yes,5.47,No,Yes,DSL,29,No,No,No,No,No,No,No,Yes,Month-to-Month,Yes,Credit Card,45.85,105.6,0.0,0,10.94,3,1,52.8,2245
Male,36,No,Yes,0,1,13,No Offer,Yes,30.55,Yes,Yes,Fiber Optic,28,No,No,Yes,No,Yes,Yes,Yes,Yes,Month-to-Month,Yes,Credit Card,102.25,1359.0,0.0,0,397.15,1,5,104.53846153846153,2003
Male,80,Yes,No,0,0,4,No Offer,Yes,19.0,No,Yes,Fiber Optic,17,No,No,Yes,No,Yes,Yes,Yes,Yes,Two Year,Yes,Bank Withdrawal,94.75,422.4,0.0,0,76.0,4,5,105.6,2757
Male,45,No,No,0,0,57,No Offer,Yes,19.69,No,No,No Internet,0,No,No,No,No,No,No,No,No,Two Year,No,Credit Card,18.8,1094.35,0.0,0,1122.33,5,0,19.19912280701754,6466
Female,34,No,Yes,0,0,4,Offer E,Yes,12.43,No,No,No Internet,0,No,No,No,No,No,No,No,No,Month-to-Month,No,Credit Card,20.35,76.35,0.0,0,49.72,1,0,19.0875,4133
Male,43,No,No,0,0,32,No Offer,Yes,15.52,No,Yes,DSL,12,No,No,No,No,Yes,Yes,Yes,Yes,One Year,Yes,Bank Withdrawal,64.85,2010.95,0.0,0,496.64,5,4,62.8421875,4895
Female,54,No,No,0,0,7,Offer E,Yes,2.24,No,Yes,DSL,22,No,No,No,Yes,Yes,No,No,Yes,Month-to-Month,Yes,Credit Card,59.5,415.95,0.0,0,15.68,3,3,59.42142857142857,4661
Male,41,No,Yes,2,3,68,No Offer,Yes,31.4,No,Yes,Fiber Optic,19,Yes,Yes,Yes,No,Yes,Yes,Yes,Yes,Two Year,Yes,Bank Withdrawal,105.25,7173.15,0.0,0,2135.2,3,7,105.4875,5795
Male,35,No,Yes,3,9,15,Offer D,Yes,49.36,No,No,No Internet,0,No,No,No,No,No,No,No,No,One Year,Yes,Credit Card,19.5,239.75,0.0,0,740.4,4,0,15.983333333333333,5471
Female,57,No,Yes,3,8,68,No Offer,Yes,7.47,Yes,Yes,DSL,29,Yes,Yes,Yes,Yes,No,Yes,Yes,Yes,One Year,Yes,Bank Withdrawal,78.45,5333.35,0.0,0,507.96,5,7,78.43161764705883,5071
Male,53,No,No,0,0,72,Offer A,Yes,3.66,Yes,Yes,DSL,13,Yes,Yes,Yes,Yes,No,No,No,Yes,Two Year,No,Bank Withdrawal,69.65,4908.25,0.0,0,263.52,5,5,68.17013888888889,4262
Male,62,No,Yes,0,5,72,Offer A,Yes,22.01,Yes,Yes,DSL,5,No,Yes,Yes,No,Yes,Yes,Yes,Yes,Two Year,No,Bank Withdrawal,82.15,5784.3,0.0,0,1584.72,5,6,80.3375,4552
Female,63,No,Yes,0,1,56,No Offer,Yes,2.8,Yes,Yes,Fiber Optic,20,No,Yes,Yes,Yes,No,No,No,No,Month-to-Month,No,Bank Withdrawal,90.55,5116.6,0.0,40,156.8,4,3,91.36785714285715,6161
Male,19,No,Yes,2,1,44,No Offer,No,0.0,No,Yes,Cable,59,Yes,Yes,Yes,Yes,No,Yes,Yes,Yes,Two Year,Yes,Credit Card,54.05,2375.2,47.45,0,0.0,4,7,53.98181818181818,4896
Female,31,No,Yes,1,4,55,Offer B,Yes,31.3,No,No,No Internet,0,No,No,No,No,No,No,No,No,Month-to-Month,No,Credit Card,20.0,1087.25,0.0,0,1721.5,4,0,19.76818181818182,4277
Male,25,No,Yes,1,1,44,No Offer,No,0.0,No,Yes,DSL,69,No,No,Yes,Yes,Yes,Yes,Yes,No,One Year,Yes,Bank Withdrawal,54.3,2317.1,0.0,10,0.0,5,5,52.66136363636363,3423
Male,21,No,No,0,0,4,No Offer,Yes,8.38,No,No,No Internet,0,No,No,No,No,No,No,No,No,Month-to-Month,No,Credit Card,19.0,73.45,0.0,0,33.52,5,0,18.3625,4345
Female,26,No,Yes,0,3,71,Offer A,Yes,9.5,Yes,Yes,Cable,76,Yes,Yes,Yes,Yes,Yes,Yes,Yes,Yes,Two Year,No,Credit Card,91.05,6293.75,0.0,0,674.5,3,8,88.6443661971831,4644
Male,37,No,No,0,0,10,Offer D,Yes,46.33,No,Yes,Fiber Optic,26,Yes,No,Yes,No,Yes,Yes,Yes,Yes,One Year,Yes,Bank Withdrawal,98.9,1064.95,0.0,0,463.3,3,6,106.495,4614
Male,45,No,Yes,0,3,20,Offer D,Yes,33.78,No,Yes,DSL,18,Yes,No,No,Yes,No,Yes,Yes,No,One Year,Yes,Credit Card,64.15,1274.45,0.0,100,675.6,4,4,63.722500000000004,5969
Female,74,Yes,No,0,0,4,Offer E,Yes,31.61,Yes,Yes,Fiber Optic,2,No,No,No,No,Yes,Yes,No,Yes,Month-to-Month,Yes,Bank Withdrawal,95.45,396.1,0.0,0,126.44,3,3,99.025,3677
Female,22,No,No,0,0,30,No Offer,Yes,42.49,Yes,Yes,Fiber Optic,73,Yes,No,No,Yes,Yes,Yes,Yes,No,Month-to-Month,No,Bank Withdrawal,106.4,3211.9,0.0,60,1274.7,4,5,107.06333333333333,5503
Female,54,No,No,0,0,11,No Offer,Yes,9.52,No,Yes,Fiber Optic,4,No,Yes,Yes,Yes,No,Yes,Yes,Yes,Month-to-Month,Yes,Bank Withdrawal,94.2,999.9,0.0,0,104.72,3,6,90.89999999999999,2405
Female,72,Yes,No,0,0,8,No Offer,Yes,2.18,No,Yes,Fiber Optic,13,No,No,Yes,No,No,No,No,Yes,Two Year,Yes,Bank Withdrawal,74.05,600.15,0.0,0,17.44,3,2,75.01875,4899
Female,31,No,Yes,2,1,39,No Offer,Yes,5.88,Yes,No,No Internet,0,No,No,No,No,No,No,No,No,One Year,Yes,Credit Card,24.2,914.6,0.0,0,229.32,3,0,23.451282051282053,3109
Female,71,Yes,Yes,0,1,60,Offer B,Yes,36.71,Yes,Yes,Fiber Optic,25,No,Yes,Yes,No,Yes,Yes,Yes,No,Month-to-Month,Yes,Bank Withdrawal,105.9,6401.25,0.0,110,2202.6,5,5,106.6875,5084
Female,80,Yes,No,0,0,45,Offer B,Yes,18.46,Yes,Yes,Cable,3,Yes,No,No,Yes,No,Yes,Yes,Yes,Two Year,Yes,Bank Withdrawal,70.05,3062.45,0.0,0,830.7,3,5,68.05444444444444,4223
Male,40,No,No,0,0,5,No Offer,Yes,39.13,Yes,Yes,Fiber Optic,20,No,Yes,Yes,No,No,Yes,Yes,Yes,Month-to-Month,No,Bank Withdrawal,96.55,500.1,0.0,0,195.65,3,5,100.02000000000001,3787
Female,53,No,No,0,0,34,Offer C,Yes,34.41,Yes,Yes,DSL,4,Yes,Yes,No,Yes,No,No,No,Yes,One Year,Yes,Mailed Check,64.4,2088.75,0.0,0,1169.94,2,4,61.43382352941177,5189
Male,46,No,No,0,0,50,Offer B,Yes,19.8,Yes,Yes,Fiber Optic,21,Yes,Yes,Yes,Yes,Yes,Yes,Yes,No,One Year,No,Credit Card,114.35,5791.1,0.0,10,990.0,3,7,115.822,5068
Female,25,No,Yes,0,2,57,No Offer,Yes,6.63,Yes,Yes,Cable,27,No,Yes,Yes,Yes,Yes,No,No,Yes,One Year,No,Bank Withdrawal,74.6,4368.95,0.0,0,377.91,4,5,76.64824561403509,4546
Male,39,No,Yes,0,9,72,No Offer,Yes,33.22,No,Yes,Fiber Optic,23,No,No,Yes,No,Yes,Yes,Yes,Yes,Month-to-Month,Yes,Bank Withdrawal,94.65,6747.35,0.0,0,2391.84,3,5,93.71319444444445,5943
Male,51,No,Yes,3,3,24,Offer C,Yes,45.68,Yes,Yes,Cable,26,Yes,No,No,Yes,Yes,Yes,Yes,Yes,Month-to-Month,No,Bank Withdrawal,81.0,1923.85,0.0,0,1096.32,3,6,80.16041666666666,3019
Female,70,Yes,Yes,0,1,18,No Offer,No,0.0,No,Yes,DSL,12,No,No,Yes,No,Yes,Yes,Yes,Yes,Month-to-Month,Yes,Bank Withdrawal,48.35,810.7,0.0,0,0.0,2,5,45.03888888888889,2167
Male,42,No,Yes,3,2,72,Offer A,Yes,11.66,Yes,Yes,Fiber Optic,28,No,Yes,Yes,Yes,Yes,Yes,Yes,Yes,Two Year,Yes,Bank Withdrawal,112.25,8041.65,0.0,0,839.52,4,7,111.68958333333333,4099
Male,71,Yes,Yes,0,3,65,Offer B,Yes,27.14,Yes,Yes,Fiber Optic,26,Yes,Yes,No,No,Yes,No,No,Yes,Two Year,Yes,Credit Card,92.7,5968.4,0.0,0,1764.1,3,4,91.82153846153845,5205
Male,68,Yes,Yes,0,6,55,No Offer,Yes,42.9,Yes,Yes,Fiber Optic,27,No,No,No,No,No,No,No,Yes,Two Year,Yes,Bank Withdrawal,74.0,4052.4,0.0,0,2359.5,5,1,73.68,4958
Male,79,Yes,Yes,0,8,13,Offer D,Yes,48.15,Yes,Yes,Fiber Optic,6,Yes,Yes,No,No,No,Yes,Yes,Yes,Two Year,No,Credit Card,93.8,1261.0,0.0,0,625.95,4,5,97.0,5870
Female,36,No,Yes,1,1,4,No Offer,Yes,12.88,Yes,Yes,Cable,22,No,No,No,No,No,No,No,Yes,Month-to-Month,No,Credit Card,50.85,239.55,0.0,0,51.52,1,1,59.8875,5386
Male,24,No,Yes,0,1,33,Offer C,Yes,41.8,No,Yes,Fiber Optic,41,No,No,Yes,No,Yes,Yes,Yes,No,One Year,Yes,Bank Withdrawal,95.8,3036.75,0.0,60,1379.4,2,4,92.02272727272727,4161
Male,66,Yes,Yes,0,1,41,Offer B,Yes,45.04,Yes,Yes,Cable,29,No,Yes,Yes,Yes,Yes,Yes,No,Yes,One Year,Yes,Bank Withdrawal,111.95,4534.9,0.0,0,1846.64,2,6,110.60731707317072,3711
Male,34,No,No,0,0,1,Offer E,Yes,29.15,No,No,No Internet,0,No,No,No,No,No,No,No,No,Month-to-Month,No,Credit Card,19.45,19.45,0.0,0,29.15,3,0,19.45,2133
Female,31,No,No,0,0,7,No Offer,Yes,28.92,No,Yes,Fiber Optic,16,No,No,No,No,Yes,No,No,Yes,Month-to-Month,Yes,Bank Withdrawal,79.7,586.05,0.0,0,202.44,2,2,83.72142857142856,3109
Male,48,No,Yes,3,1,15,Offer D,Yes,17.28,No,No,No Internet,0,No,No,No,No,No,No,No,No,One Year,No,Credit Card,19.65,332.65,0.0,0,259.2,5,0,22.176666666666666,5928
Female,33,No,Yes,0,2,23,Offer D,Yes,22.17,Yes,Yes,Fiber Optic,15,No,No,Yes,No,No,Yes,Yes,Yes,Month-to-Month,No,Credit Card,90.15,2044.95,0.0,0,509.91,4,4,88.9108695652174,5110
Male,40,No,Yes,0,10,65,Offer B,Yes,17.43,Yes,Yes,DSL,30,Yes,Yes,No,No,No,Yes,Yes,Yes,Two Year,Yes,Mailed Check,69.55,4459.15,23.61,0,1132.95,3,5,68.60230769230769,5420
Female,20,No,Yes,2,3,48,Offer B,Yes,13.26,No,No,No Internet,0,No,No,No,No,No,No,No,No,Two Year,No,Credit Card,19.55,883.35,0.0,0,636.48,5,0,18.403125,5461
Male,35,No,Yes,0,4,60,Offer B,Yes,43.57,No,Yes,DSL,30,Yes,Yes,Yes,Yes,No,No,No,Yes,One Year,Yes,Bank Withdrawal,65.85,3928.3,0.0,0,2614.2,3,5,65.47166666666666,4053
Female,64,No,No,0,0,11,No Offer,Yes,2.95,No,Yes,DSL,21,No,Yes,No,No,No,No,No,Yes,Month-to-Month,No,Bank Withdrawal,51.1,531.15,0.0,0,32.45,4,2,48.28636363636363,4467
Female,57,No,No,0,0,47,No Offer,Yes,3.49,No,No,No Internet,0,No,No,No,No,No,No,No,No,Two Year,No,Credit Card,20.15,1046.2,0.0,0,164.03,3,0,22.25957446808511,2618
Male,51,No,Yes,3,0,8,Offer E,Yes,34.87,No,No,No Internet,0,No,No,No,No,No,No,No,No,Month-to-Month,Yes,Mailed Check,19.35,152.6,0.0,0,278.96,3,0,19.075,5416
Male,56,No,No,0,0,10,No Offer,Yes,4.42,No,No,No Internet,0,No,No,No,No,No,No,No,No,Month-to-Month,No,Credit Card,20.0,198.7,0.0,0,44.2,5,0,19.869999999999997,2411
Female,42,No,Yes,3,5,62,Offer B,Yes,13.25,Yes,Yes,Fiber Optic,57,No,Yes,Yes,Yes,Yes,Yes,Yes,Yes,One Year,Yes,Bank Withdrawal,110.8,6840.95,0.0,0,821.5,4,7,110.33790322580644,4306
Female,47,No,No,0,0,19,No Offer,Yes,32.03,No,No,No Internet,0,No,No,No,No,No,No,No,No,Month-to-Month,No,Credit Card,19.9,367.55,0.0,0,608.57,5,0,19.344736842105263,3245
Female,49,No,No,0,0,60,No Offer,Yes,38.88,No,Yes,DSL,2,No,Yes,Yes,Yes,Yes,No,No,Yes,One Year,Yes,Credit Card,70.15,4224.7,0.0,0,2332.8,3,5,70.41166666666666,4260
Female,68,Yes,No,0,0,1,No Offer,Yes,45.81,Yes,Yes,Fiber Optic,21,No,No,No,No,Yes,No,No,Yes,Month-to-Month,Yes,Bank Withdrawal,85.7,85.7,0.0,0,45.81,1,2,85.7,4880
Female,26,No,No,3,0,8,No Offer,Yes,45.87,No,No,No Internet,0,No,No,No,No,No,No,No,No,Month-to-Month,No,Mailed Check,19.95,170.9,0.0,0,366.96,4,0,21.3625,5919
Male,67,Yes,Yes,0,1,72,No Offer,Yes,17.71,Yes,Yes,Fiber Optic,4,Yes,Yes,Yes,No,Yes,Yes,Yes,Yes,Two Year,Yes,Bank Withdrawal,109.55,7920.7,0.0,0,1275.12,3,7,110.00972222222222,4086
Female,69,Yes,No,0,0,62,No Offer,Yes,19.52,Yes,Yes,Fiber Optic,3,No,No,No,No,Yes,No,No,Yes,One Year,No,Bank Withdrawal,84.45,4959.15,0.0,0,1210.24,4,2,79.98629032258064,4166
Female,29,No,No,0,0,1,No Offer,Yes,6.67,No,Yes,Fiber Optic,27,Yes,No,No,No,Yes,Yes,Yes,Yes,Month-to-Month,Yes,Bank Withdrawal,95.6,95.6,0.0,0,6.67,2,5,95.6,4091
Female,25,No,No,0,0,7,No Offer,Yes,30.99,No,Yes,Fiber Optic,42,No,No,No,No,No,No,No,Yes,Month-to-Month,Yes,Credit Card,69.9,497.3,0.0,0,216.93,4,1,71.04285714285714,4562
Female,30,No,Yes,0,1,71,No Offer,Yes,8.21,Yes,No,No Internet,0,No,No,No,No,No,No,No,No,Two Year,Yes,Credit Card,24.25,1732.95,0.0,0,582.91,5,0,24.40774647887324,5409
Male,39,No,Yes,1,0,27,No Offer,Yes,14.07,Yes,Yes,Fiber Optic,15,Yes,Yes,No,Yes,Yes,No,No,Yes,Month-to-Month,No,Bank Withdrawal,100.75,2793.55,0.0,0,379.89,3,5,103.46481481481482,3160
Female,46,No,No,0,0,7,Offer E,Yes,40.42,Yes,Yes,Cable,17,Yes,No,No,No,No,No,No,Yes,Month-to-Month,Yes,Bank Withdrawal,53.65,404.35,0.0,0,282.94,4,2,57.76428571428572,4389
Male,48,No,Yes,2,6,67,No Offer,Yes,8.82,No,No,No Internet,0,No,No,No,No,No,No,No,No,Two Year,Yes,Credit Card,20.8,1411.9,0.0,0,590.94,4,0,21.07313432835821,5626
Male,34,No,No,0,0,2,No Offer,Yes,19.52,No,Yes,Cable,16,No,No,No,No,No,No,No,Yes,Month-to-Month,No,Credit Card,45.85,81.0,0.0,0,39.04,1,1,40.5,3843
Female,32,No,Yes,0,10,59,Offer B,Yes,45.75,No,Yes,Fiber Optic,11,No,Yes,No,Yes,Yes,Yes,Yes,Yes,Two Year,Yes,Credit Card,100.05,6034.85,0.0,0,2699.25,3,6,102.285593220339,4521
Female,50,No,No,0,0,5,No Offer,Yes,19.3,Yes,Yes,Fiber Optic,25,No,No,No,No,No,No,No,No,Month-to-Month,No,Bank Withdrawal,75.6,402.5,0.0,10,96.5,3,0,80.5,3469
Male,37,No,Yes,0,4,6,No Offer,Yes,47.29,Yes,No,No Internet,0,No,No,No,No,No,No,No,No,One Year,No,Mailed Check,25.1,171.0,0.0,0,283.74,4,0,28.5,5161
Female,65,Yes,No,0,0,35,No Offer,Yes,16.91,No,Yes,Fiber Optic,30,No,No,No,No,No,No,No,Yes,Month-to-Month,No,Bank Withdrawal,70.55,2419.0,0.0,0,591.85,4,1,69.11428571428571,5873
Male,23,No,No,0,0,1,Offer E,Yes,33.32,No,Yes,DSL,48,No,No,No,No,No,Yes,Yes,No,Month-to-Month,No,Mailed Check,55.55,55.55,0.0,30,33.32,5,2,55.55,2207
Female,30,No,No,0,0,13,No Offer,Yes,37.03,Yes,Yes,DSL,52,Yes,Yes,Yes,Yes,Yes,Yes,Yes,Yes,Two Year,No,Credit Card,88.95,1161.75,0.0,0,481.39,3,8,89.36538461538461,5407
Female,62,No,No,0,0,5,Offer E,Yes,43.51,No,Yes,Fiber Optic,17,No,No,No,Yes,No,Yes,Yes,Yes,Month-to-Month,Yes,Credit Card,85.4,425.9,0.0,0,217.55,2,4,85.17999999999999,3716
Male,52,No,No,0,0,58,No Offer,Yes,44.67,Yes,Yes,Fiber Optic,8,No,No,No,Yes,No,No,No,Yes,Month-to-Month,No,Bank Withdrawal,80.65,4807.35,0.0,0,2590.86,5,2,82.88534482758621,6043
Male,20,No,No,0,0,68,No Offer,Yes,5.84,Yes,No,No Internet,0,No,No,No,No,No,No,No,No,Two Year,No,Credit Card,24.55,1657.4,0.0,0,397.12,3,0,24.373529411764707,6042
Male,61,No,Yes,0,10,24,Offer C,Yes,32.86,No,Yes,Cable,30,Yes,No,No,Yes,Yes,Yes,Yes,Yes,One Year,No,Bank Withdrawal,74.4,1712.9,0.0,0,788.64,3,6,71.37083333333334,4310
Male,45,No,No,0,0,9,Offer E,Yes,32.31,No,Yes,Cable,24,Yes,No,Yes,Yes,No,Yes,Yes,Yes,Month-to-Month,Yes,Bank Withdrawal,68.25,576.95,0.0,0,290.79,3,6,64.10555555555555,4366
Male,37,No,Yes,3,2,1,No Offer,Yes,34.28,No,No,No Internet,0,No,No,No,No,No,No,No,No,Month-to-Month,No,Credit Card,19.7,19.7,0.0,0,34.28,5,0,19.7,2004
Female,36,No,No,0,0,1,No Offer,Yes,5.94,Yes,Yes,Fiber Optic,8,No,No,No,No,No,No,No,Yes,Month-to-Month,Yes,Bank Withdrawal,75.1,75.1,0.0,0,5.94,2,1,75.1,4335
Female,70,Yes,No,0,0,1,No Offer,Yes,22.92,No,No,No Internet,0,No,No,No,No,No,No,No,No,Month-to-Month,Yes,Bank Withdrawal,19.45,19.45,0.0,0,22.92,1,0,19.45,3848
Female,46,No,Yes,0,1,18,No Offer,No,0.0,No,Yes,Cable,30,No,No,Yes,No,Yes,No,No,Yes,Month-to-Month,Yes,Bank Withdrawal,39.05,669.85,0.0,0,0.0,3,3,37.21388888888889,2601
Female,48,No,No,0,0,3,No Offer,Yes,26.86,No,Yes,Fiber Optic,5,No,No,No,No,Yes,No,No,No,Month-to-Month,Yes,Bank Withdrawal,80.5,232.35,0.0,0,80.58,5,1,77.45,2032
Male,34,No,Yes,0,3,72,Offer A,Yes,45.05,Yes,Yes,Cable,9,Yes,Yes,Yes,Yes,No,Yes,Yes,Yes,Two Year,No,Credit Card,79.55,5810.9,0.0,0,3243.6,3,7,80.70694444444445,4766
Female,59,No,Yes,2,3,39,No Offer,Yes,15.06,No,Yes,DSL,11,Yes,No,No,No,No,No,No,Yes,Month-to-Month,No,Credit Card,51.05,2066.0,0.0,0,587.34,3,2,52.97435897435897,3154
Male,41,No,Yes,0,1,3,Offer E,Yes,37.61,No,No,No Internet,0,No,No,No,No,No,No,No,No,Month-to-Month,Yes,Credit Card,20.55,51.15,0.0,0,112.83,1,0,17.05,4115
Male,73,Yes,Yes,0,1,57,Offer B,Yes,42.1,Yes,Yes,Fiber Optic,3,No,No,Yes,No,Yes,Yes,No,Yes,Month-to-Month,No,Bank Withdrawal,100.6,5746.15,0.0,0,2399.7,1,4,100.80964912280702,5247
Female,68,Yes,No,0,0,11,No Offer,Yes,3.96,No,Yes,Fiber Optic,27,No,No,No,No,Yes,Yes,No,Yes,Month-to-Month,No,Bank Withdrawal,89.7,1047.7,0.0,0,43.56,2,3,95.24545454545455,2202
Male,36,No,Yes,0,1,13,No Offer,Yes,2.92,Yes,Yes,Fiber Optic,21,No,No,No,No,No,No,No,Yes,Month-to-Month,Yes,Credit Card,74.4,896.75,0.0,0,37.96,1,1,68.98076923076923,3687
Male,61,No,Yes,0,6,62,No Offer,No,0.0,No,Yes,Cable,4,No,No,No,Yes,Yes,No,No,Yes,Two Year,Yes,Bank Withdrawal,39.0,2337.45,0.0,0,0.0,4,3,37.7008064516129,4987
Male,55,No,No,0,0,56,Offer B,Yes,49.36,No,Yes,DSL,21,No,Yes,Yes,Yes,Yes,Yes,Yes,Yes,Two Year,Yes,Credit Card,81.8,4534.45,0.0,0,2764.16,5,7,80.97232142857142,4399
Male,42,No,No,0,0,58,Offer B,Yes,2.38,Yes,No,No Internet,0,No,No,No,No,No,No,No,No,Two Year,Yes,Credit Card,24.45,1513.6,0.0,0,138.04,4,0,26.096551724137928,6490
Male,24,No,No,0,0,1,Offer E,Yes,49.51,No,No,No Internet,0,No,No,No,No,No,No,No,No,Month-to-Month,No,Credit Card,18.9,18.9,0.0,0,49.51,4,0,18.9,4480
Male,38,No,Yes,0,1,72,No Offer,Yes,13.72,Yes,No,No Internet,0,No,No,No,No,No,No,No,No,Two Year,No,Credit Card,24.8,1874.3,16.26,0,987.84,3,0,26.031944444444445,6251
Female,26,No,Yes,0,2,71,No Offer,Yes,39.44,No,No,No Internet,0,No,No,No,No,No,No,No,No,Two Year,No,Credit Card,19.1,1372.45,0.0,0,2800.24,4,0,19.330281690140847,4241
Female,63,No,Yes,0,1,61,No Offer,Yes,49.33,Yes,Yes,Fiber Optic,7,No,Yes,No,No,Yes,Yes,Yes,Yes,Month-to-Month,Yes,Bank Withdrawal,99.15,6010.05,0.0,0,3009.13,3,5,98.52540983606558,5612
Male,42,No,No,0,0,18,Offer D,Yes,33.16,No,No,No Internet,0,No,No,No,No,No,No,No,No,Month-to-Month,No,Bank Withdrawal,19.0,348.8,0.0,0,596.88,5,0,19.37777777777778,5379
Female,68,Yes,No,0,0,16,Offer D,Yes,9.43,No,Yes,Fiber Optic,9,No,No,No,Yes,Yes,Yes,Yes,Yes,Month-to-Month,Yes,Bank Withdrawal,94.45,1511.2,0.0,0,150.88,1,5,94.45,3810
Male,63,No,Yes,1,6,70,Offer A,Yes,10.46,Yes,No,No Internet,0,No,No,No,No,No,No,No,No,Two Year,No,Credit Card,25.35,1715.15,0.0,0,732.2,3,0,24.502142857142857,6059
Female,53,No,Yes,0,7,70,No Offer,Yes,9.28,Yes,Yes,DSL,24,No,Yes,Yes,Yes,Yes,Yes,Yes,No,Two Year,Yes,Bank Withdrawal,84.8,5917.55,0.0,120,649.6,4,6,84.53642857142857,4032
Male,19,No,No,0,0,2,No Offer,Yes,40.28,No,No,No Internet,0,No,No,No,No,No,No,No,No,Month-to-Month,No,Credit Card,20.05,42.7,0.0,0,80.56,5,0,21.35,4394
Female,60,No,Yes,0,1,15,No Offer,Yes,31.13,Yes,Yes,DSL,5,No,No,No,No,No,No,No,Yes,Month-to-Month,Yes,Bank Withdrawal,51.1,711.15,0.0,0,466.95,5,1,47.41,4858
Male,28,No,No,0,0,42,Offer B,Yes,6.42,Yes,Yes,Fiber Optic,48,Yes,Yes,Yes,No,No,Yes,Yes,Yes,One Year,Yes,Bank Withdrawal,99.0,4298.45,0.0,0,269.64,3,6,102.34404761904761,2887
Female,37,No,Yes,0,4,72,No Offer,Yes,12.58,Yes,No,No Internet,0,No,No,No,No,No,No,No,No,Two Year,No,Bank Withdrawal,25.65,1887.0,0.0,0,905.76,5,0,26.208333333333332,5613
Female,53,No,Yes,0,1,42,No Offer,Yes,34.02,No,Yes,Fiber Optic,18,No,No,No,No,Yes,No,No,Yes,Month-to-Month,Yes,Credit Card,77.95,3384.0,0.0,0,1428.84,1,2,80.57142857142857,5396
Male,76,Yes,No,0,0,1,No Offer,Yes,21.85,Yes,Yes,Fiber Optic,29,No,No,No,No,Yes,Yes,No,Yes,Month-to-Month,Yes,Bank Withdrawal,94.0,94.0,0.0,0,21.85,1,3,94.0,4176
Male,31,No,Yes,1,10,70,Offer A,Yes,9.33,Yes,No,No Internet,0,No,No,No,No,No,No,No,No,Two Year,No,Credit Card,25.4,1782.05,0.0,0,653.1,4,0,25.457857142857144,4954
Female,44,No,Yes,1,3,70,Offer A,Yes,8.36,Yes,Yes,DSL,19,Yes,Yes,Yes,Yes,Yes,No,No,Yes,Two Year,No,Bank Withdrawal,79.7,5743.3,0.0,0,585.2,3,6,82.04714285714286,4848
Male,21,No,Yes,0,1,55,Offer B,Yes,10.61,Yes,Yes,Fiber Optic,76,No,No,Yes,Yes,Yes,Yes,Yes,Yes,One Year,Yes,Bank Withdrawal,104.15,5743.05,0.0,0,583.55,1,6,104.41909090909091,4369
Male,37,No,Yes,1,1,46,No Offer,Yes,45.95,No,Yes,Cable,10,Yes,No,Yes,Yes,Yes,Yes,Yes,Yes,Two Year,No,Mailed Check,81.0,3846.35,0.0,0,2113.7,4,7,83.61630434782609,4280
Male,71,Yes,No,0,0,11,No Offer,Yes,41.58,No,Yes,Fiber Optic,3,No,No,No,No,No,Yes,Yes,Yes,Two Year,Yes,Bank Withdrawal,78.5,874.2,0.0,0,457.38,3,3,79.47272727272728,4333
Male,60,No,No,0,0,21,Offer D,Yes,15.89,Yes,Yes,Fiber Optic,3,Yes,No,Yes,No,Yes,Yes,Yes,Yes,Month-to-Month,No,Credit Card,103.85,2215.0,0.0,0,333.69,3,6,105.47619047619048,4520
Female,49,No,Yes,0,6,62,Offer B,Yes,13.32,No,Yes,Cable,22,Yes,No,Yes,Yes,Yes,Yes,Yes,Yes,Two Year,No,Mailed Check,81.0,4985.9,0.0,0,825.84,4,7,80.41774193548386,4684
Male,79,Yes,Yes,0,10,69,Offer A,No,0.0,No,Yes,DSL,12,Yes,Yes,No,No,Yes,Yes,Yes,No,Two Year,No,Credit Card,56.55,3952.65,0.0,40,0.0,3,5,57.28478260869565,4162
Female,48,No,No,0,0,20,No Offer,Yes,30.52,No,Yes,Fiber Optic,21,Yes,No,Yes,No,Yes,No,No,Yes,Month-to-Month,Yes,Bank Withdrawal,89.4,1871.15,0.0,0,610.4,4,4,93.5575,2098
Male,44,No,No,0,0,6,Offer E,Yes,46.59,No,Yes,DSL,7,Yes,No,Yes,Yes,Yes,Yes,Yes,No,Month-to-Month,No,Credit Card,78.65,483.3,0.0,10,279.54,3,6,80.55,2724
Female,49,No,No,1,0,11,No Offer,No,0.0,No,Yes,DSL,19,No,No,No,No,No,No,No,Yes,Month-to-Month,No,Bank Withdrawal,25.2,321.05,0.0,0,0.0,3,1,29.186363636363637,5916
Male,48,No,Yes,3,5,6,Offer E,Yes,36.54,No,No,No Internet,0,No,No,No,No,No,No,No,No,Month-to-Month,No,Credit Card,19.55,122.9,0.0,0,219.24,3,0,20.483333333333334,3072
Female,77,Yes,Yes,0,6,39,No Offer,Yes,9.13,No,Yes,Fiber Optic,18,Yes,Yes,No,No,Yes,Yes,No,Yes,One Year,No,Mailed Check,99.1,3877.95,0.0,0,356.07,3,5,99.43461538461538,4599
Male,50,No,Yes,0,6,65,Offer B,Yes,39.49,Yes,Yes,DSL,18,Yes,Yes,Yes,No,No,No,No,Yes,One Year,No,Credit Card,67.05,4309.55,0.0,0,2566.85,3,4,66.30076923076923,5224
Male,25,No,No,0,0,3,Offer E,Yes,22.77,No,Yes,DSL,51,No,No,No,No,Yes,No,Yes,Yes,Month-to-Month,No,Credit Card,55.15,159.15,0.0,0,68.31,2,3,53.050000000000004,5698
Male,57,No,Yes,1,9,24,No Offer,Yes,8.67,Yes,Yes,Cable,10,Yes,No,No,No,Yes,Yes,Yes,Yes,One Year,No,Credit Card,74.8,1821.2,0.0,0,208.08,4,5,75.88333333333334,5535
Male,37,No,Yes,0,3,22,No Offer,Yes,48.06,No,No,No Internet,0,No,No,No,No,No,No,No,No,One Year,No,Credit Card,20.15,419.9,0.0,0,1057.32,5,0,19.086363636363636,2173
Male,24,No,No,0,0,10,Offer D,Yes,20.29,No,No,No Internet,0,No,No,No,No,No,No,No,No,Month-to-Month,No,Credit Card,19.75,208.25,0.0,0,202.9,3,0,20.825,3926
Female,40,No,No,3,0,1,No Offer,Yes,13.58,No,Yes,DSL,24,No,No,Yes,No,No,Yes,Yes,Yes,Month-to-Month,No,Bank Withdrawal,59.2,59.2,0.0,0,13.58,1,4,59.2,5020
Male,29,No,No,0,0,7,No Offer,Yes,9.43,No,No,No Internet,0,No,No,No,No,No,No,No,No,Two Year,No,Credit Card,19.45,165.35,0.0,0,66.01,5,0,23.62142857142857,2600
Female,43,No,No,0,0,6,Offer E,No,0.0,No,Yes,Cable,23,Yes,Yes,No,Yes,No,Yes,Yes,Yes,Month-to-Month,No,Credit Card,50.95,307.6,0.0,0,0.0,3,6,51.26666666666667,3474
Female,51,No,Yes,0,5,67,No Offer,Yes,22.83,Yes,Yes,Cable,22,Yes,Yes,Yes,No,No,No,No,Yes,Two Year,No,Credit Card,65.65,4322.85,0.0,0,1529.61,3,4,64.52014925373135,5441
Male,28,No,No,0,0,9,Offer E,Yes,49.14,Yes,Yes,Fiber Optic,58,No,No,No,No,Yes,No,No,Yes,Month-to-Month,Yes,Bank Withdrawal,85.35,758.6,0.0,0,442.26,2,2,84.28888888888889,2752
Female,24,No,No,0,0,8,No Offer,Yes,39.92,No,Yes,Fiber Optic,73,No,No,No,No,Yes,No,No,Yes,Month-to-Month,Yes,Bank Withdrawal,80.0,624.6,0.0,0,319.36,4,2,78.075,2165
Female,49,No,No,0,0,29,Offer C,Yes,27.75,Yes,Yes,Fiber Optic,2,No,No,Yes,No,Yes,Yes,Yes,Yes,Month-to-Month,Yes,Credit Card,98.6,2933.2,0.0,0,804.75,1,5,101.14482758620689,5144
Male,21,No,No,0,0,24,Offer C,Yes,3.72,No,Yes,Cable,59,No,Yes,No,No,No,No,No,Yes,Month-to-Month,Yes,Mailed Check,49.7,1218.25,0.0,0,89.28,3,2,50.760416666666664,2911
Male,24,No,No,0,0,61,Offer B,Yes,45.69,Yes,Yes,Fiber Optic,48,Yes,No,Yes,No,Yes,Yes,Yes,Yes,One Year,No,Bank Withdrawal,104.0,6363.45,0.0,0,2787.09,3,6,104.31885245901638,4344
Male,54,No,No,0,0,11,No Offer,Yes,30.57,No,Yes,Fiber Optic,15,No,No,Yes,No,No,Yes,Yes,Yes,Month-to-Month,No,Bank Withdrawal,84.8,888.75,0.0,0,336.27,4,4,80.79545454545455,4924
Female,72,Yes,No,0,0,39,No Offer,Yes,10.03,Yes,Yes,Fiber Optic,13,No,No,Yes,No,Yes,Yes,No,Yes,Two Year,Yes,Bank Withdrawal,99.75,4036.0,0.0,0,391.17,3,4,103.48717948717949,3860
Female,21,No,No,0,0,24,No Offer,Yes,18.07,Yes,Yes,Fiber Optic,52,No,No,No,Yes,No,Yes,Yes,Yes,Month-to-Month,Yes,Bank Withdrawal,89.55,2259.35,0.0,0,433.68,4,4,94.13958333333333,5352
Female,49,No,Yes,0,1,14,No Offer,Yes,29.18,Yes,Yes,Fiber Optic,19,No,No,Yes,No,No,Yes,Yes,Yes,Month-to-Month,Yes,Bank Withdrawal,87.25,1258.6,0.0,0,408.52,2,4,89.89999999999999,4786
Female,65,Yes,Yes,1,4,68,No Offer,No,0.0,No,Yes,DSL,23,No,Yes,Yes,No,Yes,Yes,Yes,Yes,Two Year,Yes,Bank Withdrawal,53.0,3656.25,0.0,0,0.0,4,6,53.768382352941174,5583
Female,46,No,No,0,0,69,Offer A,Yes,25.73,No,Yes,DSL,22,Yes,No,Yes,Yes,Yes,Yes,Yes,Yes,Two Year,Yes,Credit Card,82.45,5555.3,15.38,0,1775.37,3,7,80.51159420289855,4631
Male,56,No,Yes,0,1,13,Offer D,Yes,14.32,Yes,Yes,DSL,4,Yes,No,No,No,No,Yes,Yes,Yes,Month-to-Month,Yes,Bank Withdrawal,65.85,902.25,0.0,0,186.16,3,4,69.40384615384616,2731
Male,62,No,No,0,0,1,No Offer,Yes,17.61,No,No,No Internet,0,No,No,No,No,No,No,No,No,Month-to-Month,No,Bank Withdrawal,19.95,19.95,0.0,0,17.61,2,0,19.95,2051
Male,64,No,No,0,0,42,No Offer,Yes,18.79,Yes,Yes,Fiber Optic,16,No,Yes,No,No,Yes,Yes,Yes,Yes,Month-to-Month,Yes,Bank Withdrawal,101.75,4273.45,0.0,0,789.18,2,5,101.74880952380951,5545
Male,56,No,Yes,0,9,24,Offer C,Yes,35.8,No,No,No Internet,0,No,No,No,No,No,No,No,No,One Year,No,Credit Card,20.1,533.9,0.0,0,859.2,3,0,22.245833333333334,5689
Female,68,Yes,Yes,0,4,31,Offer C,Yes,5.3,Yes,Yes,Fiber Optic,3,No,No,No,No,No,Yes,Yes,Yes,Two Year,Yes,Bank Withdrawal,84.85,2633.4,0.0,0,164.3,3,3,84.9483870967742,5603
Female,61,No,Yes,3,3,1,No Offer,Yes,16.02,No,No,No Internet,0,No,No,No,No,No,No,No,No,Month-to-Month,No,Credit Card,20.05,20.05,0.0,0,16.02,5,0,20.05,5811
Male,45,No,No,0,0,2,No Offer,Yes,1.87,No,Yes,DSL,12,No,No,No,No,No,No,No,Yes,Month-to-Month,Yes,Bank Withdrawal,46.6,87.9,0.0,0,3.74,4,1,43.95,5096
Male,79,Yes,No,0,0,45,No Offer,Yes,10.67,No,Yes,DSL,17,Yes,No,Yes,No,No,Yes,No,Yes,One Year,No,Credit Card,62.7,2791.5,0.0,0,480.15,1,4,62.03333333333333,2654
Female,27,No,No,0,0,13,Offer D,No,0.0,No,Yes,DSL,27,No,Yes,No,No,No,No,No,Yes,Month-to-Month,Yes,Bank Withdrawal,31.65,389.95,0.0,0,0.0,3,2,29.996153846153845,4959
Male,54,No,Yes,0,1,33,No Offer,Yes,19.11,Yes,Yes,DSL,21,Yes,Yes,Yes,No,Yes,No,No,Yes,Month-to-Month,Yes,Bank Withdrawal,72.75,2447.45,0.0,0,630.63,3,5,74.1651515151515,4959
Female,41,No,Yes,0,4,64,No Offer,Yes,8.6,Yes,Yes,Fiber Optic,21,No,Yes,Yes,Yes,Yes,Yes,Yes,Yes,Month-to-Month,Yes,Bank Withdrawal,111.15,6953.4,0.0,0,550.4,4,7,108.646875,5455
Male,66,Yes,Yes,0,1,12,No Offer,Yes,48.5,Yes,Yes,Fiber Optic,4,No,Yes,No,No,Yes,Yes,No,Yes,Month-to-Month,Yes,Bank Withdrawal,101.35,1218.55,0.0,0,582.0,1,4,101.54583333333333,3967
Male,60,No,No,0,0,35,No Offer,Yes,48.93,No,Yes,Cable,14,No,No,No,No,Yes,No,No,Yes,Month-to-Month,No,Credit Card,55.0,2010.55,0.0,0,1712.55,1,2,57.44428571428571,2220
Female,76,Yes,Yes,0,5,27,Offer C,Yes,3.43,Yes,Yes,DSL,21,No,Yes,Yes,Yes,Yes,Yes,Yes,Yes,Month-to-Month,No,Bank Withdrawal,83.85,2310.2,0.0,0,92.61,5,7,85.56296296296296,5907
Female,62,No,Yes,0,0,37,No Offer,Yes,37.49,Yes,Yes,Fiber Optic,29,No,No,Yes,No,No,No,No,Yes,Month-to-Month,Yes,Credit Card,78.95,2839.65,0.0,0,1387.13,3,2,76.7472972972973,3982
Female,39,No,No,0,0,1,No Offer,Yes,33.88,No,Yes,Fiber Optic,26,No,No,No,No,No,Yes,Yes,Yes,Month-to-Month,Yes,Bank Withdrawal,79.7,79.7,0.0,0,33.88,3,3,79.7,2066
Female,27,No,Yes,2,9,46,No Offer,No,0.0,No,Yes,DSL,52,Yes,Yes,No,No,No,No,Yes,Yes,Month-to-Month,No,Bank Withdrawal,35.05,1620.25,0.0,0,0.0,3,4,35.22282608695652,4829
Male,49,No,Yes,2,5,25,No Offer,Yes,19.09,No,No,No Internet,0,No,No,No,No,No,No,No,No,Month-to-Month,Yes,Credit Card,19.15,477.6,0.0,0,477.25,4,0,19.104,3829
Female,27,No,Yes,2,2,40,Offer B,Yes,33.44,Yes,No,No Internet,0,No,No,No,No,No,No,No,No,Two Year,Yes,Credit Card,24.8,1024.7,0.0,0,1337.6,5,0,25.6175,3021
Female,56,No,Yes,2,6,28,Offer C,Yes,12.94,No,Yes,Fiber Optic,24,No,No,No,No,No,No,No,Yes,One Year,Yes,Bank Withdrawal,70.4,1992.2,0.0,0,362.32,3,1,71.15,5195
Female,45,No,No,2,0,18,Offer D,Yes,30.22,Yes,No,No Internet,0,No,No,No,No,No,No,No,No,Two Year,No,Credit Card,25.3,454.65,0.0,0,543.96,4,0,25.258333333333333,3416
Male,22,No,Yes,2,9,72,No Offer,Yes,41.18,Yes,Yes,Fiber Optic,52,Yes,Yes,Yes,Yes,No,Yes,Yes,Yes,One Year,Yes,Credit Card,104.9,7537.5,0.0,0,2964.96,3,7,104.6875,4927
Female,67,Yes,Yes,0,1,70,Offer A,Yes,18.67,Yes,Yes,DSL,21,Yes,Yes,Yes,Yes,Yes,Yes,Yes,Yes,Two Year,Yes,Bank Withdrawal,92.2,6474.45,0.0,0,1306.9,4,8,92.49214285714285,5264
Male,41,No,Yes,0,1,17,No Offer,Yes,16.61,No,Yes,Fiber Optic,3,No,No,No,No,Yes,No,No,Yes,Month-to-Month,No,Bank Withdrawal,80.85,1400.85,0.0,0,282.37,1,2,82.40294117647058,5174
Male,39,No,Yes,2,5,6,No Offer,Yes,42.08,No,Yes,Fiber Optic,29,No,Yes,Yes,No,No,Yes,Yes,Yes,Month-to-Month,Yes,Bank Withdrawal,91.0,531.0,0.0,0,252.48,2,5,88.5,2283
Female,33,No,No,0,0,10,No Offer,No,0.0,No,Yes,DSL,23,No,Yes,No,Yes,No,No,No,Yes,Month-to-Month,No,Bank Withdrawal,36.25,374.0,0.0,0,0.0,3,3,37.4,4571
Male,33,No,Yes,1,1,9,No Offer,Yes,36.94,No,Yes,Fiber Optic,16,No,Yes,No,Yes,Yes,Yes,Yes,Yes,Month-to-Month,Yes,Bank Withdrawal,101.5,906.85,0.0,0,332.46,3,6,100.76111111111112,2757
Female,64,No,No,0,0,22,Offer D,Yes,31.53,No,Yes,Cable,11,Yes,No,No,No,No,No,No,Yes,Month-to-Month,Yes,Bank Withdrawal,49.8,1049.05,0.0,0,693.66,3,2,47.684090909090905,4667
Male,41,No,No,0,0,69,Offer A,Yes,49.35,Yes,Yes,Fiber Optic,30,No,Yes,Yes,Yes,Yes,No,No,Yes,Two Year,Yes,Credit Card,97.65,6743.55,0.0,0,3405.15,3,5,97.73260869565217,5709
Female,39,No,No,0,0,1,Offer E,Yes,37.5,No,Yes,DSL,3,No,No,No,No,No,No,No,Yes,Month-to-Month,No,Bank Withdrawal,43.8,43.8,0.0,0,37.5,5,1,43.8,4633
Female,49,No,Yes,0,1,47,No Offer,Yes,6.56,No,Yes,DSL,11,Yes,No,Yes,No,Yes,No,No,No,One Year,Yes,Credit Card,66.05,3021.45,0.0,40,308.32,4,3,64.28617021276595,3404
Female,56,No,Yes,2,6,27,Offer C,Yes,46.66,No,Yes,Fiber Optic,28,Yes,No,No,No,No,No,No,Yes,Month-to-Month,No,Credit Card,74.4,1972.35,0.0,0,1259.82,3,2,73.05,4331
Female,43,No,Yes,0,1,53,No Offer,Yes,6.68,No,Yes,Fiber Optic,25,Yes,Yes,Yes,Yes,Yes,Yes,Yes,Yes,One Year,No,Bank Withdrawal,110.5,5835.5,0.0,0,354.04,3,8,110.10377358490567,4135
Male,30,No,Yes,3,4,16,Offer D,Yes,38.55,No,No,No Internet,0,No,No,No,No,No,No,No,No,Month-to-Month,No,Bank Withdrawal,20.15,341.35,0.0,0,616.8,4,0,21.334375,5271
Female,74,Yes,Yes,0,1,38,No Offer,Yes,49.82,Yes,Yes,Fiber Optic,27,Yes,Yes,No,No,No,Yes,Yes,No,One Year,No,Credit Card,95.0,3591.25,0.0,70,1893.16,4,4,94.50657894736842,5148
Female,21,No,Yes,2,1,44,No Offer,Yes,4.17,No,No,No Internet,0,No,No,No,No,No,No,No,No,Month-to-Month,No,Credit Card,19.6,780.25,0.0,0,183.48,5,0,17.732954545454547,5584
Female,79,Yes,No,0,0,17,No Offer,Yes,32.19,Yes,Yes,Fiber Optic,11,No,No,No,No,Yes,Yes,Yes,Yes,Two Year,Yes,Bank Withdrawal,94.2,1608.15,36.4,0,547.23,4,4,94.59705882352942,4425
Male,58,No,No,3,0,40,Offer B,Yes,26.41,No,No,No Internet,0,No,No,No,No,No,No,No,No,One Year,Yes,Bank Withdrawal,20.4,854.9,32.55,0,1056.4,5,0,21.3725,3200
Male,34,No,No,0,0,1,No Offer,No,0.0,No,Yes,DSL,18,No,No,No,No,Yes,Yes,Yes,Yes,Month-to-Month,Yes,Mailed Check,45.3,45.3,0.0,0,0.0,1,4,45.3,4954
Female,64,No,No,0,0,33,Offer C,Yes,42.29,No,Yes,Fiber Optic,13,No,Yes,No,Yes,No,No,No,Yes,One Year,Yes,Bank Withdrawal,79.95,2684.85,0.0,0,1395.57,3,3,81.35909090909091,3118
Male,55,No,No,0,0,1,No Offer,Yes,42.19,No,Yes,Cable,29,No,No,No,No,Yes,Yes,Yes,Yes,Month-to-Month,Yes,Credit Card,62.8,62.8,0.0,0,42.19,5,4,62.8,2438
Female,59,No,Yes,3,7,56,No Offer,Yes,18.99,No,Yes,Cable,53,Yes,Yes,Yes,No,No,No,No,Yes,Two Year,Yes,Credit Card,61.3,3346.8,0.0,0,1063.44,3,4,59.76428571428572,4173
Male,23,No,Yes,0,1,59,Offer B,No,0.0,No,Yes,DSL,69,No,Yes,No,No,No,Yes,Yes,Yes,Month-to-Month,Yes,Bank Withdrawal,41.05,2452.7,0.0,0,0.0,2,4,41.57118644067796,4324
Female,41,No,No,3,0,25,Offer C,Yes,12.87,No,No,No Internet,0,No,No,No,No,No,No,No,No,Month-to-Month,No,Credit Card,20.05,471.7,0.0,0,321.75,5,0,18.868,2192
Male,55,No,Yes,0,8,72,No Offer,Yes,5.32,Yes,Yes,DSL,5,Yes,Yes,Yes,Yes,Yes,Yes,Yes,No,Two Year,Yes,Credit Card,92.0,6782.15,0.0,10,383.04,3,7,94.19652777777777,5883
Female,49,No,No,0,0,63,No Offer,Yes,23.62,Yes,Yes,Fiber Optic,21,Yes,Yes,Yes,No,Yes,No,No,Yes,Two Year,No,Credit Card,98.0,6218.45,0.0,0,1488.06,4,5,98.70555555555555,5989
Female,49,No,Yes,1,4,15,Offer D,Yes,17.43,No,No,No Internet,0,No,No,No,No,No,No,No,No,Month-to-Month,No,Mailed Check,19.8,272.95,18.55,0,261.45,4,0,18.196666666666665,4167
Female,64,No,Yes,0,1,11,Offer D,Yes,25.67,Yes,Yes,Fiber Optic,18,No,No,No,No,Yes,Yes,Yes,Yes,Month-to-Month,Yes,Bank Withdrawal,94.0,1078.9,0.0,0,282.37,1,4,98.08181818181819,2120
Male,43,No,Yes,2,2,9,No Offer,Yes,44.46,No,Yes,DSL,24,No,Yes,No,Yes,No,No,No,Yes,Month-to-Month,No,Credit Card,54.8,452.8,0.0,0,400.14,4,3,50.31111111111111,2848
Male,37,No,No,0,0,1,Offer E,Yes,18.57,No,Yes,DSL,26,No,No,No,No,No,No,No,No,Month-to-Month,Yes,Bank Withdrawal,44.75,44.75,0.0,10,18.57,4,0,44.75,5479
Male,35,No,No,1,0,34,Offer C,Yes,4.28,Yes,Yes,Fiber Optic,16,Yes,Yes,No,No,Yes,Yes,Yes,Yes,One Year,Yes,Bank Withdrawal,103.8,3470.8,0.0,0,145.52,4,6,102.08235294117648,5382
Male,34,No,Yes,0,9,63,No Offer,Yes,34.02,Yes,Yes,DSL,18,Yes,Yes,Yes,Yes,No,Yes,Yes,Yes,One Year,No,Credit Card,80.0,5040.2,0.0,0,2143.26,3,7,80.0031746031746,5540
Male,60,No,Yes,1,1,62,No Offer,Yes,16.48,Yes,No,No Internet,0,No,No,No,No,No,No,No,No,One Year,No,Bank Withdrawal,24.8,1476.25,0.0,0,1021.76,5,0,23.81048387096774,5105
Male,79,Yes,Yes,0,1,11,No Offer,Yes,29.54,No,No,No Internet,0,No,No,No,No,No,No,No,No,Month-to-Month,No,Mailed Check,19.95,214.75,0.0,0,324.94,1,0,19.522727272727273,5888
Male,35,No,Yes,0,0,9,Offer E,Yes,19.18,No,Yes,Fiber Optic,27,No,Yes,Yes,No,No,No,No,Yes,Month-to-Month,Yes,Bank Withdrawal,79.9,741.7,0.0,0,172.62,2,3,82.41111111111111,4748
Male,34,No,No,0,0,5,Offer E,Yes,44.65,Yes,Yes,Fiber Optic,30,No,Yes,Yes,No,Yes,Yes,Yes,Yes,Month-to-Month,No,Bank Withdrawal,105.3,550.6,0.0,0,223.25,3,6,110.12,4024
Female,38,No,No,0,0,18,Offer D,Yes,18.8,No,No,No Internet,0,No,No,No,No,No,No,No,No,One Year,No,Mailed Check,20.1,407.05,0.0,0,338.4,4,0,22.61388888888889,2910
Male,24,No,Yes,3,9,72,Offer A,No,0.0,No,Yes,DSL,51,Yes,Yes,Yes,Yes,Yes,Yes,Yes,No,Two Year,Yes,Credit Card,65.25,4478.85,0.0,80,0.0,4,7,62.206250000000004,6412
Male,71,Yes,No,0,0,1,Offer E,Yes,11.51,No,Yes,DSL,21,No,No,No,No,No,No,No,Yes,Two Year,No,Bank Withdrawal,46.3,46.3,0.0,0,11.51,4,1,46.3,2546
Male,63,No,Yes,0,1,68,Offer A,Yes,29.18,Yes,Yes,DSL,18,No,Yes,Yes,Yes,No,Yes,Yes,No,One Year,Yes,Bank Withdrawal,75.8,5293.95,0.0,90,1984.24,3,5,77.85220588235293,4903
Male,51,No,No,0,0,10,Offer D,Yes,27.57,Yes,Yes,Fiber Optic,13,Yes,No,No,No,Yes,Yes,Yes,Yes,Month-to-Month,No,Bank Withdrawal,98.55,1008.55,0.0,0,275.7,1,5,100.85499999999999,3658
Male,33,No,No,0,0,10,Offer D,Yes,5.92,Yes,Yes,Fiber Optic,11,No,No,No,No,Yes,No,No,Yes,Month-to-Month,Yes,Bank Withdrawal,86.05,834.1,0.0,0,59.2,3,2,83.41,2966
Male,28,No,No,0,0,10,Offer D,Yes,34.44,No,Yes,Cable,69,No,No,No,No,No,No,Yes,Yes,Month-to-Month,Yes,Bank Withdrawal,45.55,402.6,0.0,0,344.4,1,2,40.260000000000005,4097
Male,62,No,No,0,0,69,No Offer,No,0.0,No,Yes,Cable,18,Yes,Yes,No,Yes,Yes,Yes,Yes,Yes,Two Year,Yes,Bank Withdrawal,60.05,4176.7,41.21,0,0.0,3,7,60.53188405797101,5388
Male,76,Yes,Yes,0,9,65,Offer B,Yes,8.59,Yes,Yes,Fiber Optic,7,No,Yes,Yes,No,Yes,Yes,No,Yes,Month-to-Month,Yes,Bank Withdrawal,104.35,6578.55,0.0,0,558.35,5,5,101.20846153846153,4073
Female,27,No,No,0,0,7,Offer E,Yes,16.04,No,No,No Internet,0,No,No,No,No,No,No,No,No,Month-to-Month,No,Bank Withdrawal,20.0,137.6,0.0,0,112.28,3,0,19.657142857142855,4479
Male,41,No,Yes,3,1,44,No Offer,Yes,37.68,No,Yes,DSL,24,No,Yes,Yes,Yes,No,No,No,Yes,Month-to-Month,Yes,Credit Card,61.9,2924.05,0.0,0,1657.92,4,4,66.45568181818182,4388
Male,42,No,No,0,0,39,No Offer,Yes,48.61,No,No,No Internet,0,No,No,No,No,No,No,No,No,One Year,No,Bank Withdrawal,19.35,779.2,0.0,0,1895.79,3,0,19.97948717948718,2607
Female,61,No,Yes,3,8,72,No Offer,No,0.0,No,Yes,DSL,22,Yes,Yes,Yes,Yes,Yes,Yes,Yes,Yes,Two Year,Yes,Bank Withdrawal,63.8,4684.3,0.0,0,0.0,4,8,65.05972222222222,6107
Male,47,No,Yes,0,1,31,No Offer,Yes,3.12,Yes,Yes,DSL,6,No,No,Yes,Yes,Yes,Yes,Yes,Yes,One Year,Yes,Credit Card,79.3,2484.0,0.0,0,96.72,5,6,80.12903225806451,5238
Female,51,No,Yes,2,5,43,No Offer,Yes,35.2,No,No,No Internet,0,No,No,No,No,No,No,No,No,One Year,No,Credit Card,20.0,817.95,0.0,0,1513.6,5,0,19.022093023255817,4882
Male,58,No,No,0,0,19,No Offer,Yes,19.1,No,No,No Internet,0,No,No,No,No,No,No,No,No,Two Year,Yes,Credit Card,19.95,373.5,0.0,0,362.9,4,0,19.657894736842106,2831
Female,78,Yes,Yes,0,4,1,No Offer,Yes,17.35,Yes,Yes,Fiber Optic,23,No,No,Yes,No,Yes,Yes,No,Yes,Month-to-Month,Yes,Bank Withdrawal,100.8,100.8,0.0,0,17.35,1,4,100.8,3128
Male,36,No,No,0,0,26,Offer C,Yes,44.11,No,Yes,DSL,8,No,No,No,Yes,No,No,No,Yes,Month-to-Month,No,Bank Withdrawal,49.15,1237.3,0.0,0,1146.86,4,2,47.58846153846154,2752
Female,31,No,No,0,0,10,Offer D,No,0.0,No,Yes,DSL,24,Yes,Yes,Yes,No,No,No,No,Yes,Month-to-Month,No,Bank Withdrawal,40.7,449.3,0.0,0,0.0,5,4,44.93,2164
Male,24,No,No,0,0,9,No Offer,Yes,34.43,No,Yes,DSL,51,Yes,No,Yes,Yes,Yes,No,Yes,Yes,Month-to-Month,Yes,Credit Card,69.5,653.25,0.0,0,309.87,3,6,72.58333333333333,3628
Male,31,No,No,0,0,34,Offer C,Yes,36.52,No,No,No Internet,0,No,No,No,No,No,No,No,No,Month-to-Month,No,Credit Card,19.7,675.6,0.0,0,1241.68,3,0,19.870588235294118,4136
Male,40,No,Yes,0,1,22,Offer D,Yes,16.2,Yes,Yes,Fiber Optic,17,No,No,No,No,No,Yes,Yes,Yes,Month-to-Month,Yes,Bank Withdrawal,85.1,1873.7,0.0,0,356.4,1,3,85.16818181818182,5248
Male,29,No,No,0,0,53,Offer B,Yes,24.17,No,No,No Internet,0,No,No,No,No,No,No,No,No,Two Year,No,Credit Card,19.5,1050.5,0.0,0,1281.01,5,0,19.82075471698113,5625
Male,61,No,No,0,0,22,Offer D,Yes,4.79,Yes,No,No Internet,0,No,No,No,No,No,No,No,No,Two Year,No,Credit Card,25.25,566.5,0.0,0,105.38,4,0,25.75,3403
Female,33,No,Yes,3,5,57,Offer B,Yes,42.14,No,No,No Internet,0,No,No,No,No,No,No,No,No,Two Year,No,Bank Withdrawal,19.5,1167.6,19.89,0,2401.98,3,0,20.48421052631579,5864
Male,44,No,No,0,0,11,Offer D,Yes,40.59,No,Yes,DSL,22,No,No,No,No,No,No,No,No,Month-to-Month,No,Credit Card,45.2,492.0,0.0,150,446.49,5,0,44.72727272727273,5253
Male,40,No,Yes,2,9,50,No Offer,Yes,26.98,No,No,No Internet,0,No,No,No,No,No,No,No,No,One Year,Yes,Credit Card,20.35,938.95,0.0,0,1349.0,5,0,18.779,6391
Female,32,No,No,0,0,40,No Offer,Yes,11.56,No,Yes,DSL,26,Yes,Yes,No,No,Yes,No,No,Yes,Month-to-Month,No,Credit Card,65.1,2586.0,0.0,0,462.4,3,4,64.65,3885
Male,31,No,No,0,0,27,No Offer,Yes,33.4,No,No,No Internet,0,No,No,No,No,No,No,No,No,One Year,No,Bank Withdrawal,20.1,562.6,0.0,0,901.8,5,0,20.83703703703704,3428
Female,70,Yes,Yes,0,3,67,No Offer,Yes,2.67,Yes,Yes,Fiber Optic,25,Yes,Yes,Yes,Yes,No,Yes,No,Yes,One Year,Yes,Credit Card,105.4,7035.6,0.0,0,178.89,4,6,105.0089552238806,5703
Male,40,No,Yes,1,10,2,Offer E,Yes,39.35,No,Yes,Fiber Optic,24,Yes,No,No,No,Yes,Yes,Yes,Yes,Month-to-Month,No,Bank Withdrawal,97.1,184.15,0.0,0,78.7,3,5,92.075,5745
Female,61,No,Yes,3,0,23,No Offer,Yes,7.11,Yes,No,No Internet,0,No,No,No,No,No,No,No,No,Two Year,No,Credit Card,23.85,625.65,0.0,0,163.53,5,0,27.202173913043477,5945
Male,33,No,No,0,0,3,Offer E,Yes,49.4,No,Yes,Fiber Optic,10,No,No,Yes,Yes,Yes,No,No,Yes,Month-to-Month,Yes,Credit Card,88.35,262.05,0.0,0,148.2,2,4,87.35000000000001,5202
Male,79,Yes,No,0,0,12,No Offer,No,0.0,No,Yes,DSL,4,No,Yes,No,No,No,No,No,Yes,Two Year,Yes,Credit Card,29.35,381.2,38.98,0,0.0,3,2,31.766666666666666,3606
Male,24,No,No,0,0,9,Offer E,No,0.0,No,Yes,DSL,52,No,No,No,No,No,No,No,Yes,Month-to-Month,Yes,Mailed Check,24.6,190.1,0.0,0,0.0,5,1,21.12222222222222,2323
Female,62,No,No,0,0,41,No Offer,Yes,12.42,No,Yes,Cable,12,No,No,No,Yes,No,No,No,Yes,One Year,No,Bank Withdrawal,50.05,2029.05,0.0,0,509.22,5,2,49.4890243902439,2157
Female,35,No,No,0,0,48,No Offer,Yes,10.5,Yes,Yes,Fiber Optic,12,No,No,Yes,Yes,Yes,Yes,Yes,Yes,Month-to-Month,Yes,Bank Withdrawal,103.85,4946.05,0.0,0,504.0,5,6,103.04270833333334,4304
Male,59,No,Yes,3,0,66,Offer A,Yes,29.5,No,Yes,DSL,76,Yes,Yes,Yes,Yes,Yes,No,No,Yes,One Year,Yes,Bank Withdrawal,75.1,5013.0,0.0,0,1947.0,4,6,75.95454545454545,6123
Male,65,Yes,No,0,0,50,No Offer,Yes,18.92,Yes,Yes,Fiber Optic,11,No,No,No,No,Yes,Yes,Yes,Yes,Month-to-Month,Yes,Bank Withdrawal,95.7,4816.7,0.0,0,946.0,3,4,96.334,4287
Male,20,No,No,0,0,4,Offer E,Yes,29.98,Yes,Yes,Fiber Optic,71,No,No,No,No,No,No,Yes,Yes,Month-to-Month,Yes,Bank Withdrawal,72.2,305.55,0.0,0,119.92,2,2,76.3875,5668
Female,58,No,Yes,0,3,48,Offer B,Yes,1.02,No,Yes,Fiber Optic,2,No,No,Yes,Yes,Yes,Yes,Yes,Yes,Month-to-Month,Yes,Credit Card,100.05,4834.0,37.45,0,48.96,5,6,100.70833333333333,3468
Male,30,No,No,0,0,11,No Offer,Yes,38.88,No,Yes,Fiber Optic,30,Yes,No,No,No,No,No,No,Yes,Month-to-Month,Yes,Bank Withdrawal,73.5,791.75,0.0,0,427.68,1,2,71.97727272727273,4509
Female,37,No,Yes,0,2,55,Offer B,Yes,5.08,Yes,Yes,Fiber Optic,9,Yes,No,No,No,Yes,No,No,Yes,Month-to-Month,Yes,Bank Withdrawal,89.8,4959.6,0.0,0,279.4,3,3,90.17454545454547,5875
Male,38,No,Yes,2,1,3,Offer E,Yes,33.3,No,Yes,Fiber Optic,12,Yes,Yes,No,No,Yes,No,No,Yes,Month-to-Month,No,Bank Withdrawal,89.85,248.4,0.0,0,99.9,3,4,82.8,4648
Male,51,No,No,0,0,4,No Offer,Yes,17.7,No,Yes,DSL,22,No,No,No,No,No,Yes,Yes,Yes,Month-to-Month,Yes,Bank Withdrawal,55.9,238.5,0.0,0,70.8,3,3,59.625,3545
Female,68,Yes,No,0,0,1,No Offer,No,0.0,No,Yes,Cable,9,No,No,No,No,No,No,No,Yes,Month-to-Month,Yes,Mailed Check,25.7,25.7,0.0,0,0.0,1,1,25.7,4095
Female,21,No,Yes,0,1,15,No Offer,Yes,12.27,No,Yes,Fiber Optic,76,No,No,No,No,Yes,Yes,Yes,Yes,Month-to-Month,No,Bank Withdrawal,88.15,1390.6,0.0,0,184.05,1,4,92.70666666666666,2524
Male,23,No,No,0,0,8,Offer E,Yes,35.21,No,No,No Internet,0,No,No,No,No,No,No,No,No,Month-to-Month,Yes,Credit Card,20.45,162.3,0.0,0,281.68,3,0,20.2875,5624
Male,20,No,Yes,0,5,51,Offer B,Yes,6.89,No,Yes,Cable,41,Yes,Yes,Yes,Yes,Yes,Yes,Yes,Yes,Two Year,Yes,Credit Card,83.85,4307.1,0.0,0,351.39,3,8,84.45294117647059,5703
Male,62,No,No,0,0,68,No Offer,Yes,11.5,Yes,Yes,DSL,29,Yes,Yes,No,Yes,Yes,Yes,Yes,Yes,Two Year,Yes,Bank Withdrawal,86.5,5882.75,0.0,0,782.0,4,7,86.51102941176471,4280
Male,34,No,Yes,0,1,67,Offer A,Yes,28.4,Yes,Yes,Cable,10,No,Yes,Yes,No,No,No,No,Yes,One Year,No,Bank Withdrawal,87.4,5918.8,0.0,0,1902.8,2,3,88.34029850746269,4421
Female,55,No,No,0,0,11,No Offer,Yes,5.0,No,Yes,Cable,23,No,No,Yes,Yes,No,Yes,Yes,Yes,One Year,No,Credit Card,64.9,697.25,0.0,0,55.0,3,5,63.38636363636363,3206
Male,52,No,Yes,2,9,71,Offer A,Yes,23.34,No,No,No Internet,0,No,No,No,No,No,No,No,No,Two Year,No,Credit Card,19.8,1396.25,0.0,0,1657.14,4,0,19.66549295774648,5406
Male,35,No,Yes,0,1,10,Offer D,Yes,1.09,Yes,Yes,Fiber Optic,18,No,No,Yes,No,Yes,Yes,Yes,Yes,Month-to-Month,Yes,Bank Withdrawal,98.5,1037.75,0.0,0,10.9,2,5,103.775,4501
Female,20,No,Yes,0,7,47,No Offer,Yes,11.68,Yes,No,No Internet,0,No,No,No,No,No,No,No,No,One Year,No,Bank Withdrawal,26.9,1250.85,0.0,0,548.96,4,0,26.613829787234042,2382
Female,21,No,Yes,1,4,19,Offer D,No,0.0,No,Yes,Cable,85,No,No,No,No,No,No,No,Yes,Month-to-Month,Yes,Credit Card,24.85,434.8,0.0,0,0.0,5,1,22.88421052631579,2958
Female,45,No,No,3,0,18,Offer D,Yes,42.45,Yes,Yes,DSL,28,Yes,No,No,No,No,Yes,Yes,Yes,Month-to-Month,No,Bank Withdrawal,64.8,1166.7,0.0,0,764.1,4,4,64.81666666666666,2466
Male,39,No,Yes,0,7,71,Offer A,Yes,5.51,No,Yes,Cable,6,Yes,Yes,Yes,Yes,Yes,Yes,Yes,Yes,Two Year,Yes,Bank Withdrawal,86.1,6045.9,0.0,0,391.21,4,8,85.15352112676055,6286
Female,33,No,No,0,0,40,No Offer,Yes,8.36,No,No,No Internet,0,No,No,No,No,No,No,No,No,Two Year,No,Mailed Check,20.15,804.85,0.0,0,334.4,5,0,20.12125,3915
Male,59,No,Yes,0,1,19,No Offer,Yes,14.09,Yes,Yes,Fiber Optic,25,No,No,No,No,No,Yes,Yes,No,Month-to-Month,Yes,Bank Withdrawal,83.65,1465.75,0.0,130,267.71,2,2,77.14473684210526,3427
Male,35,No,No,0,0,17,No Offer,Yes,27.66,No,No,No Internet,0,No,No,No,No,No,No,No,No,Two Year,No,Credit Card,19.15,343.45,28.63,0,470.22,3,0,20.20294117647059,2717
Male,44,No,No,0,0,12,No Offer,Yes,25.19,Yes,Yes,Fiber Optic,12,No,Yes,Yes,No,Yes,Yes,Yes,Yes,Month-to-Month,Yes,Bank Withdrawal,106.7,1253.9,0.0,0,302.28,2,6,104.49166666666667,2406
Male,55,No,No,0,0,8,Offer E,No,0.0,No,Yes,Cable,4,Yes,No,No,No,No,No,No,No,Month-to-Month,Yes,Bank Withdrawal,30.45,226.45,0.0,0,0.0,1,1,28.30625,4549
Male,76,Yes,No,0,0,16,No Offer,Yes,19.18,Yes,Yes,Fiber Optic,22,No,No,No,No,Yes,No,No,Yes,Month-to-Month,Yes,Bank Withdrawal,86.6,1281.0,0.0,0,306.88,3,2,80.0625,2508
Female,52,No,No,5,0,10,Offer D,No,0.0,No,Yes,DSL,57,Yes,Yes,No,Yes,No,No,No,No,One Year,No,Credit Card,40.25,411.45,17.96,30,0.0,3,3,41.144999999999996,2876
Male,50,No,Yes,1,1,15,No Offer,Yes,8.44,No,Yes,Cable,21,No,Yes,Yes,Yes,No,Yes,Yes,Yes,Month-to-Month,Yes,Credit Card,69.5,1071.4,0.0,0,126.6,4,6,71.42666666666668,3128
Female,71,Yes,Yes,0,1,72,Offer A,Yes,20.48,Yes,Yes,DSL,6,Yes,Yes,Yes,Yes,Yes,Yes,Yes,Yes,Two Year,Yes,Credit Card,88.05,6425.65,0.0,0,1474.56,3,8,89.24513888888889,6102
Male,69,Yes,Yes,0,0,71,Offer A,Yes,22.19,Yes,No,No Internet,0,No,No,No,No,No,No,No,No,Two Year,No,Bank Withdrawal,24.85,1901.0,0.0,0,1575.49,5,0,26.774647887323944,4367
Male,36,No,Yes,1,10,68,Offer A,Yes,34.62,Yes,Yes,Fiber Optic,18,No,Yes,No,No,Yes,Yes,Yes,Yes,One Year,Yes,Credit Card,101.05,6770.5,0.0,0,2354.16,4,5,99.56617647058823,5570
Female,24,No,No,0,0,4,No Offer,Yes,22.07,No,Yes,DSL,41,Yes,No,No,No,No,No,No,Yes,Month-to-Month,Yes,Bank Withdrawal,50.55,235.65,0.0,0,88.28,4,2,58.9125,4164
Female,48,No,Yes,1,0,12,Offer D,Yes,8.25,No,No,No Internet,0,No,No,No,No,No,No,No,No,Month-to-Month,No,Bank Withdrawal,19.4,198.1,0.0,0,99.0,3,0,16.508333333333333,3713
Male,49,No,Yes,0,0,1,No Offer,Yes,4.99,No,Yes,Fiber Optic,28,No,No,No,No,No,No,No,Yes,Month-to-Month,Yes,Mailed Check,69.9,69.9,0.0,0,4.99,1,1,69.9,2100
Male,49,No,No,0,0,1,No Offer,Yes,34.37,No,Yes,DSL,28,No,No,No,No,No,No,No,Yes,Month-to-Month,No,Bank Withdrawal,45.3,45.3,0.0,0,34.37,3,1,45.3,4568
Male,25,No,Yes,0,1,29,No Offer,Yes,4.0,Yes,Yes,Fiber Optic,48,No,No,Yes,No,No,Yes,Yes,Yes,Month-to-Month,Yes,Bank Withdrawal,89.2,2698.35,0.0,0,116.0,1,4,93.04655172413793,5292
Male,21,No,No,0,0,2,No Offer,Yes,36.06,No,Yes,Fiber Optic,85,No,No,No,No,No,No,No,Yes,Month-to-Month,No,Credit Card,70.7,140.7,0.0,0,72.12,1,1,70.35,5317
Female,26,No,Yes,0,7,25,No Offer,Yes,37.1,No,Yes,Fiber Optic,82,No,No,Yes,No,No,No,No,Yes,Month-to-Month,Yes,Bank Withdrawal,74.6,1797.75,0.0,0,927.5,5,2,71.91,4591
Female,80,Yes,No,0,0,2,Offer E,Yes,31.91,No,Yes,Cable,30,No,No,No,No,No,Yes,No,Yes,Month-to-Month,Yes,Bank Withdrawal,79.6,195.05,0.0,0,63.82,3,2,97.525,4322
Male,30,No,No,0,0,9,Offer E,Yes,4.81,Yes,Yes,Fiber Optic,69,No,Yes,No,No,Yes,Yes,Yes,Yes,Month-to-Month,Yes,Credit Card,99.3,918.75,0.0,0,43.29,3,5,102.08333333333333,3540
Male,26,No,Yes,0,5,7,No Offer,No,0.0,No,Yes,Cable,58,Yes,Yes,Yes,No,No,No,No,Yes,Two Year,No,Credit Card,38.55,280.0,0.0,0,0.0,4,4,40.0,3345
Female,27,No,Yes,0,6,48,Offer B,Yes,49.88,No,Yes,DSL,42,No,Yes,Yes,No,No,Yes,Yes,Yes,One Year,Yes,Bank Withdrawal,65.65,3094.65,0.0,0,2394.24,3,5,64.471875,5427
Female,57,No,No,0,0,1,No Offer,Yes,40.63,No,No,No Internet,0,No,No,No,No,No,No,No,No,Month-to-Month,No,Credit Card,19.55,19.55,0.0,0,40.63,4,0,19.55,3968
Female,24,No,Yes,0,5,72,Offer A,Yes,41.21,Yes,Yes,Fiber Optic,73,Yes,Yes,Yes,No,Yes,Yes,Yes,Yes,Two Year,Yes,Credit Card,110.65,8065.65,0.0,0,2967.12,4,7,112.02291666666666,4259
Female,46,No,No,0,0,2,No Offer,Yes,26.44,No,Yes,Fiber Optic,24,No,No,No,No,No,No,No,Yes,Month-to-Month,No,Bank Withdrawal,69.75,144.55,0.0,0,52.88,1,1,72.275,5667
Male,59,No,No,0,0,1,Offer E,Yes,30.07,Yes,Yes,Fiber Optic,26,No,No,No,No,No,No,No,Yes,Month-to-Month,Yes,Bank Withdrawal,74.95,74.95,0.0,0,30.07,1,1,74.95,2591
Female,64,No,Yes,3,5,67,No Offer,Yes,3.47,No,Yes,Fiber Optic,21,Yes,Yes,Yes,No,No,No,No,Yes,One Year,No,Bank Withdrawal,84.8,5598.3,0.0,0,232.49,4,4,83.55671641791045,6072
Male,31,No,Yes,1,9,53,Offer B,Yes,2.11,No,Yes,DSL,19,No,Yes,No,Yes,Yes,No,No,Yes,Month-to-Month,No,Credit Card,65.0,3363.8,0.0,0,111.83,3,4,63.46792452830189,5534
Female,38,No,Yes,0,1,63,Offer B,Yes,49.08,Yes,Yes,Cable,24,Yes,Yes,No,No,Yes,Yes,Yes,No,One Year,Yes,Credit Card,79.7,4786.15,0.0,30,3092.04,3,5,75.97063492063492,4010
Female,62,No,Yes,0,1,61,Offer B,Yes,47.19,Yes,Yes,DSL,28,Yes,Yes,Yes,Yes,Yes,Yes,Yes,Yes,Two Year,No,Mailed Check,88.1,5526.75,0.0,0,2878.59,4,8,90.60245901639344,5152
Female,27,No,Yes,0,5,72,Offer A,Yes,7.29,Yes,Yes,Fiber Optic,53,Yes,No,No,No,No,No,No,No,Two Year,No,Bank Withdrawal,79.05,5730.7,0.0,80,524.88,3,1,79.59305555555555,4689
Male,51,No,No,0,0,40,No Offer,Yes,37.69,Yes,Yes,Fiber Optic,15,No,Yes,Yes,No,Yes,Yes,Yes,Yes,Month-to-Month,Yes,Credit Card,104.5,4036.85,0.0,0,1507.6,1,6,100.92125,2832
Female,53,No,Yes,3,0,30,Offer C,Yes,48.43,No,Yes,Fiber Optic,58,No,No,Yes,No,No,Yes,Yes,Yes,One Year,No,Bank Withdrawal,86.45,2538.05,0.0,0,1452.9,3,4,84.60166666666667,2923
Female,44,No,No,0,0,6,Offer E,Yes,17.18,No,Yes,DSL,22,Yes,Yes,No,No,No,No,No,Yes,Month-to-Month,No,Bank Withdrawal,56.25,389.1,0.0,0,103.08,1,3,64.85000000000001,4110
Female,23,No,Yes,0,7,69,Offer A,Yes,22.08,Yes,No,No Internet,0,No,No,No,No,No,No,No,No,One Year,Yes,Bank Withdrawal,26.3,1763.55,0.0,0,1523.52,4,0,25.558695652173913,5418
Female,52,No,No,0,0,11,No Offer,Yes,26.85,No,No,No Internet,0,No,No,No,No,No,No,No,No,One Year,No,Credit Card,20.05,237.7,0.0,0,295.35,4,0,21.60909090909091,5355
Male,64,No,Yes,2,6,22,No Offer,Yes,36.15,Yes,Yes,DSL,11,No,No,Yes,Yes,Yes,Yes,Yes,Yes,One Year,Yes,Credit Card,78.65,1663.75,0.0,0,795.3,3,6,75.625,3571
Female,69,Yes,No,0,0,1,No Offer,Yes,20.06,No,Yes,Fiber Optic,24,No,No,No,No,Yes,No,No,Yes,Month-to-Month,Yes,Bank Withdrawal,79.2,79.2,0.0,0,20.06,3,2,79.2,4363
Female,64,No,No,0,0,4,Offer E,Yes,7.49,No,Yes,Cable,17,Yes,Yes,No,No,No,No,No,Yes,Month-to-Month,No,Bank Withdrawal,55.2,220.65,0.0,0,29.96,3,3,55.1625,4042
Female,39,No,Yes,0,1,40,No Offer,Yes,31.37,No,No,No Internet,0,No,No,No,No,No,No,No,No,Two Year,No,Credit Card,19.1,780.1,45.6,0,1254.8,3,0,19.5025,2056
Female,45,No,No,0,0,24,No Offer,Yes,30.18,No,Yes,DSL,4,Yes,No,No,Yes,No,No,No,Yes,Month-to-Month,No,Credit Card,56.35,1381.2,0.0,0,724.32,4,3,57.550000000000004,5128
Female,77,Yes,Yes,0,9,17,No Offer,Yes,3.83,Yes,Yes,Fiber Optic,20,No,No,No,No,Yes,Yes,No,Yes,Month-to-Month,Yes,Bank Withdrawal,92.55,1614.7,0.0,0,65.11,3,3,94.98235294117647,3689
Female,20,No,No,0,0,5,No Offer,Yes,35.22,Yes,Yes,Fiber Optic,58,No,No,No,No,No,No,Yes,Yes,Month-to-Month,No,Bank Withdrawal,75.55,413.65,0.0,0,176.1,2,2,82.72999999999999,4600
Male,23,No,Yes,2,2,61,No Offer,Yes,42.31,No,Yes,DSL,59,Yes,Yes,Yes,Yes,No,No,No,Yes,Two Year,Yes,Bank Withdrawal,68.05,4158.25,0.0,0,2580.91,4,5,68.16803278688525,4436
Male,72,Yes,Yes,0,7,55,Offer B,Yes,12.91,Yes,Yes,Fiber Optic,21,No,Yes,Yes,Yes,Yes,Yes,No,Yes,Two Year,Yes,Bank Withdrawal,113.6,6292.7,0.0,0,710.05,5,6,114.41272727272727,5754
Male,25,No,No,0,0,59,No Offer,Yes,25.89,Yes,No,No Internet,0,No,No,No,No,No,No,No,No,Two Year,No,Credit Card,25.0,1510.5,0.0,0,1527.51,4,0,25.60169491525424,5537
Female,35,No,No,0,0,16,No Offer,Yes,13.04,Yes,Yes,Fiber Optic,16,No,No,No,No,No,No,No,Yes,Month-to-Month,Yes,Credit Card,74.75,1129.35,39.99,0,208.64,5,1,70.584375,3574
Female,74,Yes,No,0,0,2,Offer E,Yes,39.63,No,Yes,Fiber Optic,23,No,No,No,No,No,Yes,No,No,Month-to-Month,Yes,Bank Withdrawal,79.75,159.4,0.0,10,79.26,3,1,79.7,4038
Female,36,No,Yes,0,1,53,Offer B,Yes,18.0,Yes,Yes,Fiber Optic,20,No,Yes,Yes,Yes,Yes,Yes,Yes,Yes,One Year,Yes,Bank Withdrawal,108.95,5718.2,0.0,0,954.0,4,7,107.89056603773585,4163
Female,39,No,No,0,0,61,No Offer,Yes,41.23,Yes,Yes,Fiber Optic,28,No,No,Yes,Yes,Yes,Yes,Yes,Yes,Two Year,Yes,Bank Withdrawal,106.6,6428.4,0.0,0,2515.03,3,6,105.38360655737705,4183
Male,26,No,No,0,0,37,No Offer,No,0.0,No,Yes,DSL,69,Yes,Yes,No,Yes,No,No,Yes,No,Two Year,Yes,Credit Card,40.55,1390.85,0.0,50,0.0,3,4,37.59054054054054,4050
Male,79,Yes,No,0,0,64,No Offer,Yes,4.99,No,No,No Internet,0,No,No,No,No,No,No,No,No,Two Year,Yes,Bank Withdrawal,20.05,1198.05,0.0,0,319.36,4,0,18.71953125,4309
Male,54,No,Yes,3,10,70,No Offer,Yes,39.06,Yes,Yes,Fiber Optic,75,Yes,Yes,Yes,Yes,Yes,Yes,Yes,Yes,Two Year,No,Credit Card,114.75,7842.3,0.0,0,2734.2,3,8,112.03285714285714,5035
Female,76,Yes,Yes,0,10,42,No Offer,Yes,42.29,Yes,Yes,Fiber Optic,10,No,No,No,No,Yes,Yes,No,No,One Year,Yes,Bank Withdrawal,95.05,3944.5,0.0,100,1776.18,4,2,93.91666666666667,2677
Female,40,No,No,0,0,3,Offer E,Yes,15.37,No,No,No Internet,0,No,No,No,No,No,No,No,No,Month-to-Month,Yes,Credit Card,20.0,61.7,0.0,0,46.11,3,0,20.566666666666666,5575
Male,61,No,Yes,2,5,52,No Offer,Yes,16.53,No,Yes,DSL,12,Yes,Yes,Yes,No,Yes,Yes,Yes,Yes,Two Year,No,Bank Withdrawal,79.2,4016.3,0.0,0,859.56,4,7,77.23653846153846,4509
Male,51,No,Yes,2,2,68,No Offer,Yes,21.86,No,Yes,Fiber Optic,29,Yes,Yes,Yes,No,Yes,Yes,Yes,Yes,Two Year,Yes,Credit Card,103.25,7074.4,0.0,0,1486.48,4,7,104.03529411764706,4751
Male,58,No,No,0,0,66,No Offer,Yes,21.23,No,No,No Internet,0,No,No,No,No,No,No,No,No,Two Year,No,Bank Withdrawal,19.35,1240.8,0.0,0,1401.18,3,0,18.8,5637
Male,31,No,No,0,0,1,No Offer,Yes,17.81,No,No,No Internet,0,No,No,No,No,No,No,No,No,Month-to-Month,No,Mailed Check,20.4,20.4,0.0,0,17.81,5,0,20.4,2968
Male,73,Yes,Yes,0,4,72,Offer A,Yes,33.68,Yes,Yes,DSL,10,No,Yes,Yes,Yes,Yes,No,No,Yes,Two Year,No,Credit Card,77.35,5396.25,0.0,0,2424.96,4,5,74.94791666666667,6202
Male,40,No,No,0,0,14,No Offer,Yes,33.5,Yes,No,No Internet,0,No,No,No,No,No,No,No,No,One Year,Yes,Credit Card,24.8,321.7,0.0,0,469.0,4,0,22.978571428571428,4527
Female,53,No,No,1,0,14,Offer D,Yes,47.72,Yes,Yes,Fiber Optic,22,Yes,No,No,Yes,No,No,No,Yes,Month-to-Month,Yes,Mailed Check,86.0,1164.05,0.0,0,668.08,3,3,83.14642857142857,5494
Female,68,Yes,No,0,0,54,Offer B,Yes,45.43,Yes,Yes,Cable,2,No,Yes,No,Yes,Yes,No,No,Yes,One Year,No,Credit Card,72.1,3886.05,0.0,0,2453.22,5,4,71.96388888888889,4277
Male,30,No,No,0,0,67,Offer A,No,0.0,No,Yes,Cable,85,Yes,No,Yes,Yes,Yes,No,No,Yes,One Year,Yes,Bank Withdrawal,49.35,3321.35,0.0,0,0.0,3,5,49.57238805970149,5905
Male,22,No,No,0,0,1,No Offer,Yes,29.19,No,No,No Internet,0,No,No,No,No,No,No,No,No,Month-to-Month,No,Credit Card,20.3,20.3,0.0,0,29.19,5,0,20.3,5203
Male,28,No,No,0,0,1,No Offer,Yes,21.8,Yes,Yes,Fiber Optic,42,No,No,No,No,No,No,No,Yes,Month-to-Month,Yes,Mailed Check,74.25,74.25,0.0,0,21.8,1,1,74.25,4750
Female,74,Yes,Yes,0,4,72,Offer A,Yes,5.77,Yes,Yes,DSL,24,Yes,Yes,Yes,Yes,Yes,Yes,No,Yes,Two Year,Yes,Credit Card,89.55,6448.85,0.0,0,415.44,3,7,89.56736111111111,4993
Male,26,No,Yes,2,2,36,No Offer,Yes,32.3,No,No,No Internet,0,No,No,No,No,No,No,No,No,Two Year,No,Credit Card,19.45,754.5,0.0,0,1162.8,5,0,20.958333333333332,5745
Male,32,No,No,0,0,67,Offer A,Yes,15.32,No,No,No Internet,0,No,No,No,No,No,No,No,No,Two Year,No,Bank Withdrawal,19.95,1311.75,0.0,0,1026.44,5,0,19.578358208955223,6212
Male,50,No,No,0,0,3,Offer E,Yes,13.83,Yes,Yes,Fiber Optic,14,No,Yes,Yes,No,Yes,Yes,Yes,Yes,Month-to-Month,Yes,Bank Withdrawal,105.35,323.25,0.0,0,41.49,3,6,107.75,3662
Male,71,Yes,No,3,0,18,Offer D,Yes,11.33,Yes,Yes,Fiber Optic,52,No,No,No,No,Yes,Yes,Yes,Yes,Month-to-Month,Yes,Bank Withdrawal,95.45,1752.55,45.61,0,203.94,2,4,97.36388888888888,3179
Male,54,No,Yes,0,9,15,Offer D,Yes,24.17,No,Yes,Fiber Optic,10,No,No,No,No,No,No,No,No,Month-to-Month,Yes,Bank Withdrawal,68.6,1108.6,0.0,90,362.55,4,0,73.90666666666667,3351
Male,41,No,No,2,0,43,No Offer,No,0.0,No,Yes,DSL,25,Yes,Yes,Yes,No,No,No,No,Yes,Month-to-Month,Yes,Bank Withdrawal,40.45,1912.85,0.0,0,0.0,3,4,44.48488372093023,3176
Male,54,No,No,0,0,2,No Offer,Yes,3.76,No,Yes,Fiber Optic,16,No,Yes,No,No,No,No,No,Yes,Month-to-Month,No,Bank Withdrawal,74.95,151.75,0.0,0,7.52,4,2,75.875,3969
Male,41,No,Yes,0,8,40,Offer B,Yes,39.22,No,Yes,Fiber Optic,27,No,Yes,Yes,No,No,No,No,Yes,Month-to-Month,Yes,Bank Withdrawal,80.0,3168.75,41.74,0,1568.8,3,3,79.21875,2478
Male,35,No,No,0,0,9,Offer E,Yes,11.5,Yes,Yes,Fiber Optic,14,No,No,No,No,Yes,No,No,Yes,Month-to-Month,Yes,Bank Withdrawal,85.5,791.7,0.0,0,103.5,5,2,87.96666666666667,4867
Female,42,No,No,0,0,29,No Offer,Yes,14.46,No,Yes,DSL,25,Yes,No,Yes,Yes,No,No,No,Yes,One Year,No,Credit Card,58.0,1734.5,0.0,0,419.34,3,4,59.810344827586206,2810
Male,52,No,Yes,0,8,63,Offer B,Yes,12.96,Yes,Yes,Fiber Optic,7,Yes,No,No,Yes,No,No,No,No,Two Year,Yes,Credit Card,84.65,5377.8,0.0,20,816.48,4,2,85.36190476190477,4604
Male,30,No,No,0,0,5,No Offer,Yes,36.52,Yes,Yes,Fiber Optic,27,No,Yes,Yes,No,No,No,No,Yes,Month-to-Month,Yes,Bank Withdrawal,85.3,424.15,0.0,0,182.6,1,3,84.83,2264
Male,67,Yes,Yes,0,1,13,No Offer,Yes,31.7,Yes,Yes,Cable,6,No,No,No,No,Yes,Yes,Yes,Yes,Month-to-Month,Yes,Bank Withdrawal,95.25,1233.65,48.09,0,412.1,1,4,94.89615384615385,2982
Male,72,Yes,Yes,0,7,27,No Offer,Yes,41.11,Yes,Yes,Fiber Optic,14,Yes,No,Yes,No,No,No,No,Yes,One Year,Yes,Bank Withdrawal,85.9,2220.1,0.0,0,1109.97,3,3,82.22592592592592,5755
Male,50,No,No,0,0,48,Offer B,Yes,44.76,Yes,Yes,DSL,18,Yes,No,No,Yes,No,Yes,Yes,Yes,One Year,Yes,Bank Withdrawal,70.95,3629.2,0.0,0,2148.48,3,5,75.60833333333333,2667
Female,33,No,No,0,0,3,Offer E,Yes,25.4,No,Yes,Fiber Optic,10,No,No,No,No,No,No,No,Yes,Month-to-Month,Yes,Bank Withdrawal,70.25,229.7,0.0,0,76.2,4,1,76.56666666666666,2156
Male,58,No,No,0,0,9,No Offer,Yes,21.11,No,Yes,Fiber Optic,6,Yes,No,No,No,No,No,No,Yes,Month-to-Month,No,Bank Withdrawal,75.6,661.55,0.0,0,189.99,3,2,73.50555555555555,4990
Male,55,No,Yes,1,5,65,Offer B,Yes,33.47,No,No,No Internet,0,No,No,No,No,No,No,No,No,Two Year,Yes,Credit Card,19.85,1267.05,0.0,0,2175.55,3,0,19.493076923076924,6009
Female,32,No,Yes,0,1,21,No Offer,Yes,5.07,No,Yes,Fiber Optic,26,No,Yes,No,No,No,No,No,Yes,Month-to-Month,Yes,Bank Withdrawal,74.05,1565.7,0.0,0,106.47,3,2,74.55714285714286,5630
Male,74,Yes,Yes,0,4,44,No Offer,Yes,1.89,No,No,No Internet,0,No,No,No,No,No,No,No,No,Two Year,Yes,Credit Card,19.35,847.25,0.0,0,83.16,5,0,19.255681818181817,4975
Male,41,No,No,0,0,54,Offer B,Yes,30.66,No,Yes,Fiber Optic,18,Yes,No,Yes,Yes,No,No,No,Yes,One Year,No,Bank Withdrawal,84.4,4484.05,0.0,0,1655.64,3,4,83.03796296296296,4154
Male,19,No,Yes,3,1,24,Offer C,Yes,1.14,Yes,No,No Internet,0,No,No,No,No,No,No,No,No,Two Year,Yes,Bank Withdrawal,24.1,587.4,0.0,0,27.36,3,0,24.474999999999998,4634
Male,37,No,Yes,3,7,70,No Offer,Yes,3.67,No,Yes,Fiber Optic,28,No,Yes,Yes,Yes,Yes,Yes,Yes,Yes,One Year,Yes,Bank Withdrawal,106.15,7475.1,0.0,0,256.9,4,7,106.78714285714287,4649
Male,64,No,Yes,0,1,7,No Offer,Yes,21.09,No,No,No Internet,0,No,No,No,No,No,No,No,No,One Year,No,Mailed Check,20.65,150.0,0.0,0,147.63,5,0,21.428571428571427,2874
Female,36,No,No,0,0,64,Offer B,Yes,15.93,Yes,No,No Internet,0,No,No,No,No,No,No,No,No,One Year,Yes,Bank Withdrawal,24.4,1601.2,0.0,0,1019.52,5,0,25.01875,5887
Female,47,No,Yes,0,8,72,Offer A,Yes,43.29,Yes,Yes,DSL,16,Yes,Yes,Yes,Yes,Yes,Yes,Yes,No,Two Year,No,Bank Withdrawal,92.0,6474.4,0.0,110,3116.88,3,7,89.92222222222222,6434
Male,28,No,No,0,0,37,No Offer,Yes,21.84,No,Yes,Fiber Optic,41,No,Yes,No,No,Yes,Yes,Yes,Yes,Month-to-Month,Yes,Credit Card,96.1,3646.8,0.0,0,808.08,4,5,98.56216216216217,2640
Male,47,No,No,0,0,26,Offer C,Yes,3.26,No,Yes,DSL,6,No,No,No,Yes,Yes,No,No,Yes,One Year,No,Credit Card,59.45,1507.0,0.0,0,84.76,4,3,57.96153846153846,2074
Male,45,No,No,1,0,37,No Offer,Yes,49.99,No,Yes,Cable,27,Yes,Yes,No,Yes,No,No,No,No,Two Year,No,Credit Card,61.45,2302.35,48.79,110,1849.63,3,3,62.225675675675674,5447
Female,31,No,Yes,0,3,71,Offer A,No,0.0,No,Yes,Cable,8,Yes,Yes,No,Yes,Yes,Yes,Yes,Yes,Two Year,No,Credit Card,58.65,4145.25,0.0,0,0.0,4,7,58.38380281690141,4151
Male,40,No,No,0,0,55,Offer B,Yes,47.38,Yes,Yes,Fiber Optic,29,No,No,No,No,Yes,Yes,Yes,Yes,Month-to-Month,Yes,Bank Withdrawal,96.8,5283.95,0.0,0,2605.9,1,4,96.07181818181817,4089
Male,42,No,Yes,0,1,10,No Offer,Yes,22.03,No,Yes,Fiber Optic,19,No,No,No,No,No,No,No,Yes,Month-to-Month,Yes,Bank Withdrawal,70.1,659.65,34.69,0,220.3,2,1,65.965,2457
Male,31,No,Yes,0,1,58,Offer B,Yes,17.22,No,Yes,Cable,21,Yes,Yes,Yes,No,No,No,No,Yes,One Year,No,Credit Card,60.3,3563.8,0.0,0,998.76,2,4,61.4448275862069,4026
Female,31,No,No,0,0,8,Offer E,Yes,31.02,No,No,No Internet,0,No,No,No,No,No,No,No,No,One Year,Yes,Credit Card,19.2,161.95,0.0,0,248.16,4,0,20.24375,5272
Male,48,No,No,0,0,15,No Offer,Yes,7.96,Yes,No,No Internet,0,No,No,No,No,No,No,No,No,Month-to-Month,Yes,Bank Withdrawal,26.35,378.6,0.0,0,119.4,3,0,25.240000000000002,2723
Female,51,No,No,0,0,2,Offer E,Yes,49.79,No,Yes,Fiber Optic,22,No,No,No,No,Yes,No,No,No,Month-to-Month,Yes,Bank Withdrawal,80.2,146.05,0.0,10,99.58,2,1,73.025,4381
Male,52,No,No,0,0,24,Offer C,Yes,49.3,Yes,Yes,Fiber Optic,20,No,Yes,No,No,No,No,No,Yes,Month-to-Month,Yes,Bank Withdrawal,80.25,1861.5,0.0,0,1183.2,1,2,77.5625,4418
Female,62,No,Yes,2,9,30,No Offer,Yes,24.56,Yes,Yes,Fiber Optic,18,No,Yes,Yes,Yes,Yes,Yes,Yes,Yes,Month-to-Month,Yes,Bank Withdrawal,107.5,3242.5,0.0,0,736.8,4,7,108.08333333333333,3094
Female,64,No,No,0,0,2,No Offer,Yes,26.93,No,Yes,DSL,10,Yes,No,No,No,Yes,Yes,Yes,Yes,Month-to-Month,Yes,Bank Withdrawal,70.75,146.9,0.0,0,53.86,1,5,73.45,3257
Female,42,No,No,0,0,8,No Offer,Yes,14.32,No,No,No Internet,0,No,No,No,No,No,No,No,No,Month-to-Month,No,Credit Card,19.2,156.85,0.0,0,114.56,3,0,19.60625,2879
Male,38,No,Yes,0,8,72,No Offer,No,0.0,No,Yes,Cable,15,Yes,No,Yes,Yes,Yes,Yes,Yes,Yes,Two Year,No,Bank Withdrawal,60.95,4549.05,0.0,0,0.0,4,7,63.181250000000006,4147
Male,26,No,No,0,0,72,Offer A,Yes,44.46,Yes,Yes,DSL,48,No,Yes,Yes,Yes,Yes,Yes,Yes,Yes,Two Year,Yes,Bank Withdrawal,88.6,6201.95,0.0,0,3201.12,3,7,86.13819444444444,5842
Male,61,No,Yes,0,10,58,No Offer,Yes,18.37,No,Yes,DSL,18,No,No,Yes,No,No,No,No,Yes,One Year,No,Credit Card,50.3,2878.55,10.23,0,1065.46,5,2,49.630172413793105,5232
Male,62,No,No,0,0,33,No Offer,No,0.0,No,Yes,DSL,30,No,Yes,No,No,Yes,No,No,Yes,One Year,Yes,Bank Withdrawal,39.1,1309.0,0.0,0,0.0,4,3,39.666666666666664,2855
Male,37,No,No,0,0,9,No Offer,Yes,8.91,No,No,No Internet,0,No,No,No,No,No,No,No,No,Month-to-Month,No,Credit Card,20.25,178.5,0.0,0,80.19,1,0,19.833333333333332,3361
Male,51,No,Yes,2,5,53,No Offer,Yes,26.84,Yes,Yes,Cable,12,Yes,No,Yes,Yes,Yes,Yes,Yes,Yes,Month-to-Month,No,Bank Withdrawal,85.7,4616.1,0.0,0,1422.52,5,7,87.09622641509435,5957
Male,32,No,No,0,0,1,Offer E,Yes,31.77,No,No,No Internet,0,No,No,No,No,No,No,No,No,Month-to-Month,Yes,Bank Withdrawal,19.85,19.85,0.0,0,31.77,2,0,19.85,3874
Male,50,No,No,0,0,6,Offer E,Yes,22.95,No,Yes,Cable,10,Yes,No,Yes,Yes,Yes,Yes,Yes,Yes,Two Year,Yes,Credit Card,80.25,493.4,0.0,0,137.7,5,7,82.23333333333333,2706
Female,42,No,Yes,3,8,72,No Offer,Yes,47.6,Yes,No,No Internet,0,No,No,No,No,No,No,No,No,Two Year,No,Credit Card,24.25,1784.5,49.76,0,3427.2,4,0,24.78472222222222,5897
Female,43,No,No,0,0,38,No Offer,Yes,43.19,No,No,No Internet,0,No,No,No,No,No,No,No,No,Two Year,No,Credit Card,20.3,743.05,0.0,0,1641.22,5,0,19.553947368421053,5919
Male,23,No,No,0,0,5,No Offer,Yes,26.86,No,Yes,DSL,71,No,No,Yes,Yes,No,No,No,Yes,Month-to-Month,No,Bank Withdrawal,56.15,291.45,0.0,0,134.3,4,3,58.29,5232
Male,20,No,Yes,0,1,47,No Offer,Yes,10.07,Yes,No,No Internet,0,No,No,No,No,No,No,No,No,Month-to-Month,No,Bank Withdrawal,25.4,1139.2,0.0,0,473.29,3,0,24.238297872340425,3159
Female,39,No,No,0,0,1,No Offer,No,0.0,No,Yes,DSL,12,No,No,No,No,No,No,No,Yes,Month-to-Month,No,Bank Withdrawal,24.6,24.6,0.0,0,0.0,2,1,24.6,5768
Male,37,No,No,0,0,1,No Offer,Yes,39.55,No,Yes,Fiber Optic,21,No,No,No,Yes,No,No,No,Yes,Month-to-Month,Yes,Mailed Check,74.3,74.3,0.0,0,39.55,5,2,74.3,3063
Male,33,No,Yes,1,3,50,No Offer,Yes,22.3,Yes,No,No Internet,0,No,No,No,No,No,No,No,No,Two Year,No,Credit Card,24.95,1261.45,0.0,0,1115.0,5,0,25.229,6019
Male,31,No,No,0,0,21,Offer D,Yes,32.89,No,No,No Internet,0,No,No,No,No,No,No,No,No,Month-to-Month,No,Credit Card,20.5,402.85,0.0,0,690.69,4,0,19.183333333333334,5654
Female,20,No,Yes,0,8,55,Offer B,Yes,47.46,Yes,Yes,DSL,53,Yes,Yes,Yes,Yes,Yes,Yes,Yes,Yes,One Year,Yes,Bank Withdrawal,90.15,4916.95,0.0,0,2610.3,3,8,89.3990909090909,4712
Female,19,No,No,0,0,39,Offer C,No,0.0,No,Yes,DSL,73,Yes,Yes,No,Yes,No,No,No,Yes,One Year,No,Bank Withdrawal,41.15,1700.9,0.0,0,0.0,4,4,43.61282051282051,3445
Male,63,No,No,0,0,43,Offer B,No,0.0,No,Yes,DSL,11,No,No,Yes,Yes,No,Yes,Yes,Yes,One Year,No,Bank Withdrawal,44.15,1931.3,0.0,0,0.0,4,5,44.913953488372094,2522
Female,25,No,Yes,3,1,17,No Offer,Yes,20.23,No,Yes,DSL,69,Yes,No,No,Yes,No,No,No,Yes,Month-to-Month,Yes,Credit Card,55.35,920.5,0.0,0,343.91,4,3,54.14705882352941,5465
Female,41,No,Yes,0,1,41,No Offer,Yes,5.01,Yes,Yes,Fiber Optic,10,Yes,Yes,Yes,Yes,Yes,Yes,Yes,Yes,Month-to-Month,Yes,Bank Withdrawal,113.6,4594.95,0.0,0,205.41,1,8,112.07195121951219,4963
Male,34,No,No,0,0,9,Offer E,No,0.0,No,Yes,Cable,19,Yes,Yes,Yes,No,No,No,No,Yes,One Year,No,Credit Card,39.55,373.0,0.0,0,0.0,3,4,41.44444444444444,3755
Female,45,No,No,0,0,2,Offer E,Yes,25.56,Yes,Yes,Fiber Optic,6,No,Yes,No,No,No,No,No,Yes,Month-to-Month,No,Bank Withdrawal,79.55,151.75,0.0,0,51.12,4,2,75.875,5965
Male,26,No,Yes,2,1,72,Offer A,Yes,45.93,Yes,Yes,Fiber Optic,30,Yes,Yes,Yes,Yes,No,Yes,Yes,Yes,Two Year,No,Credit Card,103.95,7517.7,0.0,0,3306.96,3,7,104.4125,4495
Male,73,Yes,Yes,0,10,71,No Offer,No,0.0,No,Yes,Cable,28,No,Yes,Yes,No,Yes,Yes,Yes,No,Month-to-Month,Yes,Bank Withdrawal,52.3,3765.05,0.0,40,0.0,5,5,53.02887323943662,5491
Male,31,No,Yes,1,5,72,Offer A,Yes,45.32,Yes,Yes,Fiber Optic,11,No,Yes,Yes,Yes,Yes,Yes,Yes,No,Two Year,No,Credit Card,110.9,7922.75,0.0,130,3263.04,4,6,110.03819444444444,6444
Female,60,No,Yes,1,5,61,Offer B,Yes,18.26,Yes,Yes,Fiber Optic,19,Yes,Yes,Yes,No,No,Yes,Yes,No,One Year,Yes,Credit Card,100.7,6018.65,0.0,90,1113.86,3,5,98.66639344262295,4804
Female,42,No,Yes,1,7,46,No Offer,Yes,27.65,No,No,No Internet,0,No,No,No,No,No,No,No,No,Two Year,No,Bank Withdrawal,20.25,890.35,0.0,0,1271.9,3,0,19.355434782608697,3879
Male,48,No,Yes,0,5,70,No Offer,Yes,31.13,Yes,Yes,Fiber Optic,16,No,Yes,Yes,No,Yes,No,No,Yes,One Year,Yes,Bank Withdrawal,95.0,6602.9,0.0,0,2179.1,4,4,94.32714285714285,6259
Male,36,No,Yes,0,10,8,Offer E,Yes,19.0,No,Yes,Cable,8,No,Yes,Yes,No,No,No,No,Yes,Month-to-Month,Yes,Credit Card,54.75,445.85,0.0,0,152.0,3,3,55.73125,4099
Female,63,No,Yes,1,1,59,Offer B,Yes,35.23,Yes,Yes,Fiber Optic,19,No,Yes,Yes,No,Yes,Yes,Yes,Yes,One Year,Yes,Bank Withdrawal,106.15,6256.2,0.0,0,2078.57,5,6,106.03728813559322,5096
Male,56,No,Yes,0,1,42,Offer B,Yes,20.65,Yes,Yes,DSL,25,Yes,No,No,No,No,No,No,Yes,One Year,No,Credit Card,56.1,2386.85,28.83,0,867.3,4,2,56.8297619047619,5904
Female,33,No,Yes,2,1,65,Offer B,Yes,45.21,Yes,Yes,Fiber Optic,19,No,Yes,Yes,Yes,Yes,Yes,Yes,Yes,Two Year,Yes,Credit Card,110.8,7245.9,0.0,0,2938.65,3,7,111.47538461538461,6332
Male,42,No,Yes,3,1,32,No Offer,Yes,43.37,No,Yes,Fiber Optic,76,Yes,Yes,Yes,No,No,Yes,Yes,No,One Year,No,Credit Card,94.8,3131.55,0.0,40,1387.84,4,5,97.8609375,5288
Male,47,No,No,0,0,4,No Offer,Yes,6.86,No,No,No Internet,0,No,No,No,No,No,No,No,No,One Year,No,Credit Card,19.95,68.2,0.0,0,27.44,4,0,17.05,2195
Female,45,No,Yes,0,7,72,No Offer,Yes,15.23,Yes,Yes,DSL,26,Yes,Yes,No,Yes,No,No,No,Yes,Two Year,No,Bank Withdrawal,64.75,4804.75,0.0,0,1096.56,3,4,66.73263888888889,4675
Female,29,No,No,0,0,60,Offer B,No,0.0,No,Yes,DSL,73,Yes,No,Yes,No,No,Yes,Yes,Yes,One Year,Yes,Bank Withdrawal,44.45,2773.9,0.0,0,0.0,4,5,46.23166666666667,4928
Female,49,No,No,0,0,13,No Offer,Yes,29.21,Yes,Yes,Fiber Optic,22,No,No,No,No,No,Yes,Yes,Yes,Month-to-Month,Yes,Bank Withdrawal,85.95,1215.65,0.0,0,379.73,5,3,93.51153846153846,5886
Male,61,No,Yes,0,3,52,Offer B,Yes,18.02,Yes,Yes,Fiber Optic,3,Yes,No,Yes,Yes,No,No,No,No,Two Year,Yes,Credit Card,91.6,4627.8,0.0,60,937.04,3,3,88.99615384615385,6069
Female,51,No,No,0,0,1,Offer E,Yes,7.99,No,Yes,Cable,11,No,Yes,No,No,No,No,No,Yes,Month-to-Month,Yes,Bank Withdrawal,48.6,48.6,0.0,0,7.99,5,2,48.6,3704
Male,30,No,Yes,0,5,72,Offer A,No,0.0,No,Yes,Cable,47,Yes,Yes,Yes,Yes,No,Yes,Yes,Yes,Two Year,Yes,Credit Card,55.45,4179.2,0.0,0,0.0,3,7,58.044444444444444,4556
Male,64,No,Yes,0,2,35,No Offer,Yes,23.85,Yes,Yes,Fiber Optic,10,No,No,No,Yes,Yes,No,No,No,Month-to-Month,Yes,Credit Card,91.5,3236.35,40.79,90,834.75,4,2,92.46714285714286,3617
Male,40,No,Yes,0,0,64,Offer B,Yes,48.41,No,Yes,Fiber Optic,22,Yes,No,No,No,No,No,No,Yes,Month-to-Month,Yes,Credit Card,73.55,4764.0,21.9,0,3098.24,3,2,74.4375,5018
Male,37,No,Yes,0,1,40,Offer B,Yes,29.46,Yes,Yes,Fiber Optic,28,No,Yes,Yes,No,Yes,Yes,Yes,Yes,One Year,Yes,Bank Withdrawal,106.0,4178.65,47.02,0,1178.4,5,6,104.46624999999999,5118
Male,56,No,No,0,0,7,No Offer,Yes,34.49,No,Yes,Cable,22,Yes,No,No,No,No,No,No,Yes,Month-to-Month,Yes,Mailed Check,51.0,354.05,0.0,0,241.43,1,2,50.57857142857143,3736
Female,59,No,Yes,0,10,71,No Offer,Yes,33.0,Yes,No,No Internet,0,No,No,No,No,No,No,No,No,Two Year,Yes,Credit Card,24.45,1681.6,0.0,0,2343.0,5,0,23.68450704225352,4742
Male,63,No,Yes,3,1,25,No Offer,Yes,36.17,No,Yes,DSL,53,No,Yes,Yes,No,No,No,No,Yes,One Year,No,Credit Card,53.65,1355.45,0.0,0,904.25,5,3,54.218,5854
Female,43,No,No,0,0,1,No Offer,Yes,24.41,No,Yes,Fiber Optic,4,No,Yes,No,No,No,No,No,Yes,Month-to-Month,No,Bank Withdrawal,74.35,74.35,0.0,0,24.41,4,2,74.35,4237
Female,54,No,No,0,0,1,No Offer,Yes,36.05,No,Yes,DSL,30,No,No,Yes,Yes,Yes,Yes,Yes,Yes,One Year,No,Credit Card,74.1,74.1,0.0,0,36.05,5,6,74.1,2900
Female,64,No,No,0,0,19,Offer D,Yes,32.87,Yes,Yes,Fiber Optic,17,Yes,Yes,No,No,No,Yes,Yes,No,Month-to-Month,Yes,Bank Withdrawal,95.15,1789.25,0.0,120,624.53,3,4,94.17105263157895,5830
Female,47,No,No,0,0,2,Offer E,Yes,21.3,Yes,Yes,DSL,7,No,Yes,No,No,No,No,No,No,Month-to-Month,No,Credit Card,54.15,101.65,0.0,10,42.6,5,1,50.825,3527
Male,64,No,No,0,0,43,No Offer,Yes,21.64,No,Yes,DSL,13,No,Yes,No,No,No,Yes,Yes,Yes,Two Year,Yes,Bank Withdrawal,60.0,2548.55,0.0,0,930.52,5,4,59.268604651162796,4614
Female,45,No,No,0,0,6,No Offer,Yes,27.69,Yes,Yes,Fiber Optic,9,No,No,No,No,No,No,No,Yes,Month-to-Month,Yes,Credit Card,73.85,401.3,0.0,0,166.14,4,1,66.88333333333334,4220
Female,32,No,No,2,0,2,No Offer,Yes,5.85,No,Yes,Fiber Optic,19,No,No,No,No,Yes,No,No,No,Month-to-Month,Yes,Bank Withdrawal,80.65,144.15,0.0,20,11.7,1,1,72.075,5586
Male,54,No,Yes,6,5,27,No Offer,Yes,36.19,No,Yes,DSL,53,Yes,Yes,No,No,No,No,No,Yes,Month-to-Month,Yes,Credit Card,54.75,1510.3,0.0,0,977.13,3,3,55.93703703703704,3519
Female,58,No,Yes,2,6,1,No Offer,Yes,48.79,No,No,No Internet,0,No,No,No,No,No,No,No,No,Month-to-Month,Yes,Credit Card,19.4,19.4,0.0,0,48.79,5,0,19.4,3160
Male,32,No,Yes,3,10,9,Offer E,Yes,44.37,No,Yes,Fiber Optic,57,No,No,Yes,Yes,Yes,Yes,Yes,Yes,Month-to-Month,No,Bank Withdrawal,103.1,970.45,18.62,0,399.33,4,6,107.82777777777778,4171
Female,75,Yes,No,0,0,3,No Offer,Yes,41.9,Yes,Yes,Fiber Optic,11,No,Yes,No,No,No,No,No,Yes,Month-to-Month,Yes,Bank Withdrawal,79.4,205.05,0.0,0,125.7,1,2,68.35000000000001,3501
Male,49,No,Yes,4,8,2,Offer E,Yes,42.55,No,Yes,DSL,53,Yes,Yes,No,Yes,No,No,No,Yes,Two Year,No,Mailed Check,59.5,130.5,0.0,0,85.1,4,4,65.25,5613
Male,20,No,Yes,2,0,43,No Offer,Yes,22.83,Yes,Yes,Fiber Optic,47,No,No,Yes,Yes,Yes,Yes,Yes,Yes,One Year,Yes,Credit Card,104.3,4451.85,0.0,0,981.69,5,6,103.53139534883722,3927
Female,56,No,Yes,0,7,72,No Offer,Yes,39.98,Yes,No,No Internet,0,No,No,No,No,No,No,No,No,Two Year,No,Credit Card,25.0,1849.2,0.0,0,2878.56,4,0,25.683333333333334,6126
Female,60,No,Yes,0,1,38,No Offer,Yes,19.08,Yes,Yes,Fiber Optic,4,No,No,Yes,Yes,Yes,Yes,Yes,Yes,Month-to-Month,Yes,Bank Withdrawal,105.0,4026.4,0.0,0,725.04,1,6,105.9578947368421,2341
Male,53,No,No,0,0,19,No Offer,Yes,29.52,No,Yes,DSL,5,No,No,No,No,No,No,No,Yes,Month-to-Month,Yes,Bank Withdrawal,45.0,865.85,22.55,0,560.88,3,1,45.57105263157895,4519
Male,36,No,Yes,3,10,22,No Offer,Yes,9.05,No,Yes,Fiber Optic,57,No,Yes,Yes,No,Yes,Yes,Yes,Yes,One Year,Yes,Credit Card,100.05,2090.25,0.0,0,199.1,4,6,95.01136363636364,3274
Female,77,Yes,No,0,0,27,No Offer,Yes,2.97,Yes,Yes,Fiber Optic,4,No,Yes,Yes,No,No,No,No,Yes,Two Year,Yes,Bank Withdrawal,86.45,2401.05,0.0,0,80.19,4,3,88.92777777777779,5990
Male,42,No,No,0,0,13,No Offer,Yes,16.35,No,No,No Internet,0,No,No,No,No,No,No,No,No,One Year,Yes,Credit Card,19.95,257.0,0.0,0,212.55,3,0,19.76923076923077,5221
Female,34,No,Yes,2,1,66,Offer A,Yes,48.11,No,Yes,Cable,27,No,No,No,Yes,No,No,No,Yes,One Year,Yes,Credit Card,49.4,3251.85,0.0,0,3175.26,3,2,49.27045454545454,5232
Male,51,No,Yes,3,4,25,No Offer,Yes,4.46,No,Yes,Fiber Optic,58,No,Yes,No,No,No,No,No,Yes,Month-to-Month,Yes,Bank Withdrawal,75.5,1901.05,0.0,0,111.5,3,2,76.042,5985
Male,59,No,Yes,0,1,65,No Offer,Yes,23.46,No,No,No Internet,0,No,No,No,No,No,No,No,No,Two Year,Yes,Credit Card,20.4,1414.45,0.0,0,1524.9,3,0,21.76076923076923,5368
Male,73,Yes,Yes,0,5,69,No Offer,Yes,49.91,Yes,Yes,Fiber Optic,13,No,Yes,Yes,No,No,Yes,Yes,Yes,Two Year,Yes,Bank Withdrawal,95.35,6382.0,0.0,0,3443.79,3,5,92.4927536231884,6132
Female,31,No,No,0,0,52,No Offer,Yes,21.38,Yes,Yes,Cable,21,Yes,No,Yes,Yes,Yes,No,No,Yes,One Year,No,Credit Card,74.0,3877.65,0.0,0,1111.76,3,5,74.57019230769231,5806
Male,51,No,Yes,0,7,25,No Offer,Yes,3.81,No,Yes,Fiber Optic,8,No,No,No,Yes,Yes,Yes,Yes,Yes,Month-to-Month,Yes,Credit Card,95.7,2338.35,0.0,0,95.25,5,5,93.53399999999999,4535
Male,44,No,No,0,0,30,No Offer,Yes,12.17,No,Yes,Fiber Optic,16,No,Yes,No,No,Yes,Yes,Yes,Yes,One Year,Yes,Bank Withdrawal,97.0,3021.3,0.0,0,365.1,5,5,100.71000000000001,4126
Male,24,No,No,0,0,15,No Offer,Yes,9.97,Yes,Yes,Fiber Optic,47,No,Yes,No,Yes,No,Yes,Yes,Yes,Month-to-Month,No,Bank Withdrawal,95.7,1451.1,0.0,0,149.55,5,5,96.74,4999
Female,63,No,No,0,0,35,Offer C,Yes,13.14,Yes,Yes,Fiber Optic,6,No,No,No,Yes,No,No,No,Yes,Month-to-Month,No,Credit Card,80.05,2835.9,0.0,0,459.9,5,2,81.02571428571429,3999
Female,36,No,No,0,0,4,No Offer,Yes,24.09,No,Yes,Fiber Optic,17,No,Yes,No,No,No,No,No,Yes,Month-to-Month,Yes,Bank Withdrawal,76.65,333.6,0.0,0,96.36,1,2,83.4,4580
Male,55,No,No,0,0,1,Offer E,Yes,25.99,No,No,No Internet,0,No,No,No,No,No,No,No,No,Month-to-Month,No,Credit Card,20.0,20.0,0.0,0,25.99,4,0,20.0,5650
Female,41,No,Yes,1,1,6,No Offer,Yes,29.41,No,Yes,DSL,29,No,No,No,No,No,No,No,Yes,Month-to-Month,No,Credit Card,45.5,285.2,0.0,0,176.46,4,1,47.53333333333333,5450
Female,46,No,Yes,0,7,71,No Offer,Yes,9.06,Yes,Yes,DSL,30,Yes,Yes,Yes,Yes,Yes,Yes,Yes,Yes,Two Year,No,Bank Withdrawal,87.95,6365.35,0.0,0,643.26,4,8,89.65281690140846,4278
Female,39,No,Yes,2,10,72,No Offer,Yes,14.17,No,No,No Internet,0,No,No,No,No,No,No,No,No,Two Year,No,Bank Withdrawal,20.1,1460.85,0.0,0,1020.24,5,0,20.289583333333333,4598
Male,19,No,No,1,0,5,Offer E,Yes,29.15,No,No,No Internet,0,No,No,No,No,No,No,No,No,Two Year,No,Credit Card,20.45,106.9,0.0,0,145.75,3,0,21.380000000000003,3353
Male,75,Yes,No,0,0,52,No Offer,Yes,23.04,Yes,Yes,Fiber Optic,25,No,Yes,Yes,Yes,Yes,Yes,Yes,Yes,Two Year,Yes,Bank Withdrawal,110.75,5832.0,6.26,0,1198.08,5,7,112.15384615384616,4993
Male,23,No,No,2,0,35,No Offer,Yes,10.11,No,Yes,DSL,73,No,No,No,Yes,Yes,Yes,Yes,Yes,One Year,Yes,Credit Card,72.1,2495.15,0.0,0,353.85,4,5,71.29,5510
Male,23,No,Yes,0,8,72,No Offer,Yes,6.09,Yes,Yes,DSL,41,Yes,No,Yes,Yes,No,No,No,Yes,Two Year,Yes,Credit Card,66.5,4811.6,45.61,0,438.48,3,4,66.82777777777778,4397
Female,63,No,No,0,0,1,No Offer,Yes,16.42,No,Yes,Cable,21,Yes,No,No,No,No,No,No,Yes,Month-to-Month,Yes,Bank Withdrawal,48.45,48.45,0.0,0,16.42,3,2,48.45,5838
Female,79,Yes,No,0,0,9,No Offer,Yes,43.34,No,Yes,Fiber Optic,2,No,No,No,No,Yes,No,No,Yes,Month-to-Month,Yes,Bank Withdrawal,80.85,751.65,0.0,0,390.06,2,2,83.51666666666667,5242
Male,44,No,No,0,0,12,Offer D,Yes,9.6,No,Yes,Cable,23,No,No,No,Yes,Yes,No,No,Yes,One Year,Yes,Bank Withdrawal,59.8,727.8,0.0,0,115.2,3,3,60.65,4581
Male,49,No,No,0,0,71,No Offer,Yes,22.22,No,No,No Internet,0,No,No,No,No,No,No,No,No,Two Year,Yes,Credit Card,19.9,1355.1,42.18,0,1577.62,3,0,19.085915492957746,5308
Female,54,No,No,0,0,26,Offer C,Yes,25.4,Yes,Yes,DSL,10,Yes,Yes,No,No,Yes,No,No,Yes,Month-to-Month,Yes,Bank Withdrawal,69.5,1800.05,0.0,0,660.4,4,4,69.2326923076923,3866
Female,21,No,Yes,1,5,45,No Offer,Yes,37.57,Yes,No,No Internet,0,No,No,No,No,No,No,No,No,Two Year,Yes,Credit Card,24.65,1171.3,0.0,0,1690.65,3,0,26.028888888888886,2194
Female,72,Yes,No,0,0,34,No Offer,No,0.0,No,Yes,DSL,28,No,Yes,Yes,No,Yes,Yes,No,Yes,Two Year,Yes,Bank Withdrawal,56.25,1765.95,0.0,0,0.0,3,5,51.93970588235294,5597
Male,68,Yes,No,0,0,16,No Offer,No,0.0,No,Yes,DSL,24,No,Yes,No,No,Yes,No,No,Yes,Month-to-Month,Yes,Mailed Check,39.0,679.85,0.0,0,0.0,1,3,42.490625,5692
Male,55,No,No,0,0,1,Offer E,Yes,1.48,No,No,No Internet,0,No,No,No,No,No,No,No,No,Month-to-Month,No,Credit Card,20.6,20.6,0.0,0,1.48,3,0,20.6,5370
Female,62,No,No,0,0,48,No Offer,No,0.0,No,Yes,Cable,23,Yes,Yes,No,No,Yes,No,No,Yes,Month-to-Month,Yes,Bank Withdrawal,44.8,2104.55,0.0,0,0.0,3,4,43.84479166666667,2469
Female,27,No,No,0,0,17,Offer D,Yes,22.26,No,No,No Internet,0,No,No,No,No,No,No,No,No,Month-to-Month,No,Credit Card,19.7,340.35,0.0,0,378.42,4,0,20.02058823529412,4222
Male,28,No,Yes,0,10,70,Offer A,Yes,24.08,No,Yes,DSL,46,Yes,Yes,Yes,No,Yes,Yes,Yes,Yes,Two Year,Yes,Credit Card,80.15,5600.15,0.0,0,1685.6,3,7,80.00214285714286,5715
Male,60,No,No,0,0,11,Offer D,No,0.0,No,Yes,DSL,22,No,Yes,Yes,No,No,No,No,No,Month-to-Month,No,Credit Card,34.7,383.55,22.53,150,0.0,5,2,34.86818181818182,4310
Female,48,No,Yes,0,1,16,No Offer,Yes,46.86,No,No,No Internet,0,No,No,No,No,No,No,No,No,Month-to-Month,No,Credit Card,19.6,314.45,26.83,0,749.76,3,0,19.653125,4298
Male,40,No,No,0,0,32,No Offer,Yes,47.3,No,Yes,Fiber Optic,24,No,No,No,No,Yes,Yes,Yes,Yes,Month-to-Month,No,Bank Withdrawal,91.05,2871.5,0.0,0,1513.6,4,4,89.734375,2716
Male,32,No,No,4,0,7,Offer E,Yes,20.52,Yes,Yes,Cable,28,No,No,No,No,Yes,Yes,Yes,No,Month-to-Month,No,Credit Card,95.0,655.5,36.6,10,143.64,1,3,93.64285714285714,2786
Male,62,No,Yes,0,1,8,Offer E,Yes,39.59,Yes,Yes,Fiber Optic,16,No,No,No,No,No,Yes,Yes,No,Month-to-Month,Yes,Bank Withdrawal,85.65,659.45,0.0,70,316.72,4,2,82.43125,2512
Male,58,No,No,0,0,2,No Offer,Yes,11.75,No,Yes,Fiber Optic,4,No,No,No,No,No,No,No,Yes,Month-to-Month,Yes,Bank Withdrawal,67.75,116.65,0.0,0,23.5,2,1,58.325,2299
Male,53,No,Yes,0,0,65,No Offer,Yes,41.88,Yes,Yes,Fiber Optic,7,Yes,No,Yes,Yes,Yes,Yes,Yes,Yes,Two Year,No,Bank Withdrawal,108.65,6937.95,0.0,0,2722.2,1,7,106.7376923076923,6120
Male,37,No,Yes,3,1,28,No Offer,Yes,13.19,Yes,Yes,Fiber Optic,30,No,No,No,No,Yes,Yes,Yes,Yes,One Year,No,Bank Withdrawal,92.2,2568.15,0.0,0,369.32,4,4,91.71964285714286,5116
Male,47,No,No,0,0,14,Offer D,Yes,27.8,No,Yes,Fiber Optic,17,No,No,No,No,Yes,Yes,Yes,Yes,Month-to-Month,Yes,Bank Withdrawal,92.9,1337.45,0.0,0,389.2,3,4,95.53214285714286,4296
Female,79,Yes,No,0,0,21,No Offer,Yes,21.15,Yes,Yes,Fiber Optic,9,No,No,No,No,Yes,Yes,No,Yes,Month-to-Month,Yes,Bank Withdrawal,94.25,1973.75,0.0,0,444.15,2,3,93.98809523809524,4819
Male,47,No,No,0,0,8,Offer E,No,0.0,No,Yes,Cable,8,Yes,No,No,No,No,No,No,No,Month-to-Month,No,Credit Card,29.35,216.45,0.0,10,0.0,4,1,27.05625,5369
Male,19,No,No,0,0,3,No Offer,Yes,1.57,No,No,No Internet,0,No,No,No,No,No,No,No,No,Month-to-Month,Yes,Bank Withdrawal,20.25,61.45,0.0,0,4.71,5,0,20.483333333333334,4050
Male,25,No,No,0,0,21,Offer D,Yes,12.76,Yes,Yes,Fiber Optic,48,No,Yes,No,No,No,No,Yes,Yes,Month-to-Month,Yes,Bank Withdrawal,82.35,1852.85,0.0,0,267.96,1,3,88.23095238095237,2902
Male,50,No,No,0,0,4,Offer E,Yes,33.65,No,Yes,Fiber Optic,30,No,No,Yes,No,No,No,No,Yes,Month-to-Month,Yes,Bank Withdrawal,73.9,280.85,0.0,0,134.6,1,2,70.2125,4479
Female,55,No,No,0,0,7,No Offer,Yes,15.54,No,No,No Internet,0,No,No,No,No,No,No,No,No,Month-to-Month,No,Credit Card,20.65,155.9,0.0,0,108.78,5,0,22.271428571428572,2100
Female,35,No,No,0,0,7,Offer E,Yes,18.99,Yes,Yes,Fiber Optic,23,No,No,No,No,No,No,No,Yes,Month-to-Month,Yes,Bank Withdrawal,75.1,552.95,0.0,0,132.93,2,1,78.99285714285715,5514
Male,69,Yes,Yes,0,6,16,Offer D,Yes,48.41,Yes,Yes,Fiber Optic,6,No,No,No,No,Yes,No,No,Yes,Two Year,Yes,Credit Card,85.05,1391.15,0.0,0,774.56,4,2,86.946875,3739
Male,48,No,No,0,0,26,No Offer,Yes,40.35,No,Yes,Fiber Optic,13,No,Yes,No,No,Yes,No,No,Yes,Month-to-Month,Yes,Bank Withdrawal,85.75,2146.5,0.0,0,1049.1,3,3,82.5576923076923,3178
Male,44,No,No,0,0,1,Offer E,Yes,27.08,No,No,No Internet,0,No,No,No,No,No,No,No,No,Month-to-Month,No,Credit Card,19.95,19.95,0.0,0,27.08,4,0,19.95,5916
Female,26,No,No,0,0,5,Offer E,Yes,34.49,Yes,Yes,Fiber Optic,46,No,No,No,No,Yes,No,Yes,Yes,Month-to-Month,Yes,Bank Withdrawal,85.2,474.8,0.0,0,172.45,3,3,94.96000000000001,4109
Male,64,No,No,0,0,35,No Offer,Yes,42.8,No,No,No Internet,0,No,No,No,No,No,No,No,No,Two Year,Yes,Credit Card,20.2,684.4,0.0,0,1498.0,3,0,19.554285714285715,3481
Male,54,No,No,0,0,7,Offer E,Yes,1.41,Yes,No,No Internet,0,No,No,No,No,No,No,No,No,Month-to-Month,No,Credit Card,23.5,173.0,0.0,0,9.87,4,0,24.714285714285715,5508
Female,76,Yes,No,0,0,10,No Offer,No,0.0,No,Yes,Cable,20,No,No,No,Yes,No,No,No,No,Month-to-Month,Yes,Bank Withdrawal,29.65,291.4,0.0,110,0.0,2,1,29.139999999999997,5702
Female,63,No,Yes,0,1,9,Offer E,Yes,14.21,Yes,Yes,Fiber Optic,5,No,No,No,No,Yes,No,No,No,Month-to-Month,Yes,Bank Withdrawal,85.35,754.65,0.0,50,127.89,3,1,83.85,2445
Male,21,No,Yes,0,1,60,Offer B,Yes,33.25,No,Yes,Fiber Optic,52,No,Yes,Yes,No,Yes,No,Yes,Yes,One Year,No,Bank Withdrawal,90.95,5453.4,0.0,0,1995.0,3,5,90.89,4111
Male,33,No,No,0,0,1,Offer E,Yes,16.81,No,No,No Internet,0,No,No,No,No,No,No,No,No,Month-to-Month,No,Credit Card,20.1,20.1,0.0,0,16.81,1,0,20.1,5747
Male,53,No,Yes,0,1,61,No Offer,Yes,43.48,Yes,Yes,DSL,20,Yes,Yes,Yes,Yes,No,Yes,Yes,Yes,Two Year,Yes,Bank Withdrawal,80.8,4860.85,17.17,0,2652.28,4,7,79.68606557377049,4302
Male,52,No,Yes,2,2,28,No Offer,Yes,9.31,Yes,Yes,DSL,19,No,Yes,No,No,No,Yes,Yes,Yes,Month-to-Month,No,Bank Withdrawal,64.4,1802.15,0.0,0,260.68,3,4,64.3625,2434
Male,30,No,Yes,0,1,49,Offer B,Yes,47.17,Yes,Yes,Fiber Optic,26,Yes,Yes,No,No,Yes,No,No,No,Month-to-Month,Yes,Bank Withdrawal,93.85,4733.1,0.0,30,2311.33,3,3,96.59387755102041,5698
Male,59,No,Yes,1,10,42,Offer B,Yes,32.02,No,No,No Internet,0,No,No,No,No,No,No,No,No,Two Year,No,Mailed Check,20.7,828.85,0.0,0,1344.84,5,0,19.73452380952381,5320
Male,62,No,No,0,0,56,Offer B,Yes,10.99,Yes,Yes,Fiber Optic,28,No,Yes,No,No,Yes,Yes,Yes,Yes,Month-to-Month,No,Bank Withdrawal,98.6,5581.05,0.0,0,615.44,3,5,99.66160714285715,5601
Male,76,Yes,Yes,0,1,32,No Offer,Yes,49.6,Yes,Yes,Fiber Optic,10,No,No,No,No,No,Yes,Yes,Yes,Month-to-Month,No,Bank Withdrawal,85.3,2661.1,0.0,0,1587.2,1,3,83.159375,2712
Male,53,No,Yes,0,5,35,No Offer,No,0.0,No,Yes,DSL,30,Yes,No,Yes,No,Yes,Yes,Yes,Yes,One Year,No,Credit Card,53.15,1930.9,0.0,0,0.0,3,6,55.16857142857143,5638
Female,60,No,No,0,0,10,No Offer,Yes,49.7,Yes,Yes,Fiber Optic,10,No,Yes,No,No,No,No,No,Yes,Month-to-Month,Yes,Bank Withdrawal,80.05,830.7,0.0,0,497.0,1,2,83.07000000000001,3740
Female,52,No,No,0,0,12,Offer D,Yes,36.24,Yes,Yes,DSL,30,Yes,No,Yes,Yes,No,No,No,Yes,Month-to-Month,Yes,Mailed Check,61.65,713.75,0.0,0,434.88,1,4,59.479166666666664,5670
Female,62,No,No,0,0,51,No Offer,Yes,7.54,Yes,Yes,Fiber Optic,6,Yes,Yes,Yes,No,Yes,Yes,Yes,Yes,One Year,No,Bank Withdrawal,107.45,5680.9,14.76,0,384.54,3,7,111.39019607843136,5446
Male,48,No,Yes,2,6,67,No Offer,Yes,5.48,No,No,No Internet,0,No,No,No,No,No,No,No,No,Two Year,Yes,Credit Card,19.4,1284.2,0.0,0,367.16,5,0,19.16716417910448,4890
Female,54,No,No,0,0,59,Offer B,Yes,39.42,Yes,Yes,Fiber Optic,12,Yes,Yes,Yes,No,No,Yes,Yes,No,Month-to-Month,Yes,Bank Withdrawal,99.45,5623.7,0.0,30,2325.78,3,5,95.31694915254236,5247
Female,51,No,No,3,0,4,Offer E,Yes,30.79,No,No,No Internet,0,No,No,No,No,No,No,No,No,Month-to-Month,No,Credit Card,20.4,94.5,0.0,0,123.16,3,0,23.625,4929
Male,73,Yes,Yes,0,3,2,No Offer,Yes,4.19,Yes,Yes,Fiber Optic,11,No,No,No,No,Yes,No,No,No,Month-to-Month,Yes,Credit Card,86.85,156.35,0.0,40,8.38,1,1,78.175,5204
Female,36,No,No,0,0,4,No Offer,Yes,2.01,No,No,No Internet,0,No,No,No,No,No,No,No,No,Month-to-Month,No,Bank Withdrawal,20.95,85.5,0.0,0,8.04,1,0,21.375,5822
Female,79,Yes,No,0,0,70,Offer A,Yes,47.27,Yes,Yes,Cable,3,No,Yes,Yes,Yes,Yes,No,No,Yes,Two Year,Yes,Bank Withdrawal,75.5,5212.65,0.0,0,3308.9,4,5,74.46642857142857,6024
Female,30,No,No,0,0,13,No Offer,No,0.0,No,Yes,DSL,53,No,No,No,No,No,No,No,Yes,Month-to-Month,Yes,Bank Withdrawal,23.9,300.8,0.0,0,0.0,3,1,23.138461538461538,2967
Female,69,Yes,No,0,0,18,No Offer,Yes,41.13,No,Yes,Cable,23,No,Yes,No,No,No,No,No,Yes,One Year,Yes,Credit Card,49.85,865.75,0.0,0,740.34,3,2,48.09722222222222,3283
Female,19,No,No,0,0,1,No Offer,Yes,29.13,Yes,Yes,Cable,51,No,No,No,No,No,No,No,Yes,Month-to-Month,Yes,Bank Withdrawal,50.1,50.1,0.0,0,29.13,4,1,50.1,5617
Female,49,No,Yes,2,8,22,No Offer,Yes,45.35,No,No,No Internet,0,No,No,No,No,No,No,No,No,One Year,No,Bank Withdrawal,20.75,452.35,0.0,0,997.7,4,0,20.561363636363637,2258
Female,61,No,No,0,0,57,No Offer,Yes,6.45,No,Yes,DSL,3,Yes,Yes,Yes,Yes,Yes,No,No,Yes,Two Year,Yes,Credit Card,74.3,4166.35,0.0,0,367.65,4,6,73.09385964912282,5741
Female,38,No,Yes,0,1,5,Offer E,Yes,1.12,No,Yes,Fiber Optic,22,No,No,No,Yes,Yes,No,No,Yes,Month-to-Month,Yes,Bank Withdrawal,85.75,470.95,44.16,0,5.6,1,3,94.19,3608
Female,63,No,No,0,0,31,Offer C,Yes,33.71,No,No,No Internet,0,No,No,No,No,No,No,No,No,One Year,No,Credit Card,20.1,589.25,0.0,0,1045.01,3,0,19.008064516129032,3086
Male,33,No,Yes,0,1,59,Offer B,Yes,10.76,Yes,Yes,Fiber Optic,5,No,No,Yes,No,Yes,Yes,Yes,Yes,One Year,Yes,Bank Withdrawal,99.5,5961.1,0.0,0,634.84,3,5,101.035593220339,6098
Male,79,Yes,Yes,0,9,64,Offer B,Yes,23.33,Yes,Yes,Fiber Optic,29,No,Yes,Yes,No,No,Yes,No,Yes,Two Year,Yes,Bank Withdrawal,94.25,6081.4,0.0,0,1493.12,3,4,95.021875,6020
Male,39,No,Yes,0,3,52,No Offer,Yes,44.65,Yes,Yes,Cable,3,No,Yes,No,Yes,No,No,No,Yes,Month-to-Month,No,Bank Withdrawal,61.35,3169.55,0.0,0,2321.8,3,3,60.95288461538462,4729
Female,72,Yes,Yes,0,5,72,No Offer,Yes,47.4,Yes,Yes,DSL,28,Yes,Yes,Yes,No,Yes,Yes,Yes,Yes,Two Year,Yes,Credit Card,84.1,6129.65,0.0,0,3412.8,3,7,85.13402777777777,4999
Male,27,No,No,0,0,54,No Offer,Yes,25.72,No,No,No Internet,0,No,No,No,No,No,No,No,No,Two Year,No,Credit Card,19.65,1008.7,0.0,0,1388.88,5,0,18.67962962962963,5708
Male,32,No,No,0,0,2,No Offer,Yes,19.87,No,Yes,DSL,19,Yes,No,No,Yes,No,No,No,Yes,Month-to-Month,Yes,Credit Card,54.45,87.3,0.0,0,39.74,3,3,43.65,5753
Female,69,Yes,No,0,0,71,Offer A,Yes,37.39,Yes,Yes,DSL,22,Yes,Yes,Yes,Yes,Yes,Yes,No,No,Two Year,No,Credit Card,89.85,6293.45,0.0,140,2654.69,3,6,88.64014084507042,4994
Female,45,No,No,0,0,46,Offer B,Yes,27.97,Yes,Yes,Fiber Optic,22,No,No,Yes,No,Yes,Yes,Yes,Yes,One Year,Yes,Bank Withdrawal,101.1,4674.4,0.0,0,1286.62,4,5,101.61739130434782,4883
Female,41,No,No,0,0,10,Offer D,No,0.0,No,Yes,Cable,29,No,No,No,Yes,No,No,No,Yes,Two Year,Yes,Mailed Check,29.6,299.05,0.0,0,0.0,3,2,29.905,3180
Male,44,No,Yes,1,4,4,No Offer,Yes,27.24,No,Yes,DSL,21,No,No,No,Yes,No,Yes,Yes,Yes,Month-to-Month,No,Credit Card,61.45,229.55,0.0,0,108.96,2,4,57.3875,2131
Male,30,No,No,0,0,1,No Offer,Yes,11.1,No,No,No Internet,0,No,No,No,No,No,No,No,No,Month-to-Month,No,Credit Card,20.05,20.05,0.0,0,11.1,4,0,20.05,2313
Male,34,No,No,0,0,12,Offer D,Yes,38.96,No,No,No Internet,0,No,No,No,No,No,No,No,No,Month-to-Month,No,Credit Card,20.05,265.45,0.0,0,467.52,4,0,22.120833333333334,4996
Male,26,No,No,0,0,4,No Offer,Yes,22.54,No,No,No Internet,0,No,No,No,No,No,No,No,No,Month-to-Month,No,Credit Card,19.4,93.4,0.0,0,90.16,5,0,23.35,4402
Female,20,No,No,0,0,3,No Offer,Yes,10.1,No,Yes,Fiber Optic,73,Yes,No,No,No,No,No,No,Yes,Month-to-Month,Yes,Bank Withdrawal,74.55,233.65,0.0,0,30.3,3,2,77.88333333333334,5125
Male,23,No,No,0,0,17,Offer D,Yes,25.91,No,No,No Internet,0,No,No,No,No,No,No,No,No,One Year,No,Credit Card,19.95,310.6,0.0,0,440.47,5,0,18.27058823529412,2221
Female,30,No,Yes,2,4,72,No Offer,Yes,29.66,Yes,Yes,Fiber Optic,59,No,Yes,Yes,No,Yes,Yes,Yes,Yes,One Year,Yes,Credit Card,103.2,7362.9,45.38,0,2135.52,4,6,102.26249999999999,5560
Female,60,No,No,0,0,6,Offer E,Yes,35.88,No,Yes,Fiber Optic,10,No,No,Yes,Yes,No,Yes,Yes,Yes,Month-to-Month,Yes,Bank Withdrawal,89.25,487.05,0.0,0,215.28,3,5,81.175,4430
Female,43,No,No,0,0,12,No Offer,Yes,18.71,No,No,No Internet,0,No,No,No,No,No,No,No,No,Month-to-Month,No,Credit Card,19.7,220.35,0.0,0,224.52,3,0,18.3625,5715
Male,61,No,No,0,0,1,Offer E,Yes,13.63,No,Yes,DSL,13,No,No,No,No,No,No,No,Yes,Month-to-Month,Yes,Mailed Check,44.95,44.95,0.0,0,13.63,5,1,44.95,3256
Male,60,No,No,0,0,67,Offer A,Yes,32.58,No,Yes,DSL,8,No,No,No,Yes,No,No,No,Yes,Two Year,No,Bank Withdrawal,50.55,3260.1,0.0,0,2182.86,5,2,48.65820895522388,6064
Female,22,No,Yes,0,9,60,No Offer,Yes,34.48,Yes,Yes,Fiber Optic,51,No,Yes,No,No,Yes,Yes,Yes,Yes,Month-to-Month,Yes,Bank Withdrawal,99.8,5985.75,0.0,0,2068.8,4,5,99.7625,6213
Female,24,No,No,0,0,4,No Offer,Yes,16.25,Yes,Yes,DSL,51,No,No,No,No,No,No,No,Yes,Month-to-Month,No,Bank Withdrawal,50.7,214.55,39.92,0,65.0,4,1,53.6375,4288
Female,41,No,No,0,0,62,Offer B,Yes,32.58,Yes,Yes,Fiber Optic,15,No,No,Yes,No,Yes,Yes,Yes,Yes,One Year,Yes,Bank Withdrawal,100.15,6413.65,0.0,0,2019.96,3,5,103.44596774193548,5600
Male,26,No,No,0,0,63,No Offer,Yes,21.45,Yes,Yes,Fiber Optic,85,Yes,Yes,Yes,Yes,Yes,No,No,Yes,One Year,No,Credit Card,104.5,6590.8,0.0,0,1351.35,4,6,104.61587301587302,4908
Female,42,No,No,0,0,7,No Offer,No,0.0,No,Yes,DSL,4,No,No,No,No,No,No,No,Yes,Month-to-Month,No,Bank Withdrawal,25.05,189.95,0.0,0,0.0,4,1,27.135714285714283,4404
Male,56,No,No,3,0,1,No Offer,No,0.0,No,Yes,DSL,57,No,No,No,No,No,No,No,Yes,Month-to-Month,No,Bank Withdrawal,24.75,24.75,0.0,0,0.0,1,1,24.75,3001
Male,47,No,No,0,0,35,Offer C,No,0.0,No,Yes,DSL,26,No,No,Yes,No,Yes,Yes,Yes,Yes,Month-to-Month,No,Bank Withdrawal,49.2,1701.65,0.0,0,0.0,4,5,48.61857142857143,2782
Female,27,No,Yes,0,4,70,Offer A,Yes,5.77,Yes,Yes,Fiber Optic,48,Yes,Yes,Yes,No,Yes,Yes,Yes,Yes,One Year,Yes,Credit Card,108.15,7930.55,0.0,0,403.9,4,7,113.29357142857143,5192
Male,71,Yes,Yes,0,1,36,Offer C,Yes,31.65,Yes,Yes,Fiber Optic,15,No,No,No,No,No,Yes,No,Yes,Month-to-Month,Yes,Bank Withdrawal,84.1,3021.6,0.0,0,1139.4,1,2,83.93333333333334,2987
Male,41,No,No,0,0,3,No Offer,Yes,34.8,No,Yes,Fiber Optic,5,No,Yes,No,No,No,No,No,No,Month-to-Month,No,Credit Card,74.45,221.1,0.0,70,104.4,5,1,73.7,3956
Male,56,No,No,0,0,1,Offer E,Yes,3.13,No,Yes,Fiber Optic,5,No,No,No,No,Yes,No,No,Yes,Month-to-Month,Yes,Bank Withdrawal,79.95,79.95,0.0,0,3.13,3,2,79.95,4815
Female,61,No,No,0,0,25,Offer C,Yes,19.75,Yes,No,No Internet,0,No,No,No,No,No,No,No,No,Two Year,No,Credit Card,24.75,692.1,0.0,0,493.75,3,0,27.684,4931
Male,47,No,Yes,0,5,68,Offer A,Yes,22.83,Yes,No,No Internet,0,No,No,No,No,No,No,No,No,Two Year,No,Bank Withdrawal,25.25,1728.2,0.0,0,1552.44,3,0,25.41470588235294,4571
Female,52,No,Yes,0,1,1,No Offer,Yes,25.88,Yes,Yes,Fiber Optic,9,Yes,No,Yes,No,Yes,Yes,Yes,Yes,Month-to-Month,Yes,Bank Withdrawal,102.45,102.45,0.0,0,25.88,1,6,102.45,4811
Male,66,Yes,Yes,0,0,72,No Offer,Yes,6.03,Yes,Yes,Fiber Optic,2,No,Yes,Yes,No,Yes,Yes,No,Yes,Two Year,Yes,Bank Withdrawal,104.15,7689.95,0.0,0,434.16,3,5,106.80486111111111,5925
Female,28,No,Yes,0,5,3,No Offer,Yes,41.9,No,No,No Internet,0,No,No,No,No,No,No,No,No,Month-to-Month,Yes,Credit Card,19.6,55.25,0.0,0,125.7,3,0,18.416666666666668,2941
Male,74,Yes,Yes,0,2,10,No Offer,Yes,46.5,Yes,Yes,Cable,4,No,No,No,No,No,Yes,No,Yes,Month-to-Month,Yes,Bank Withdrawal,86.65,856.65,0.0,0,465.0,1,2,85.66499999999999,4990
Female,26,No,Yes,0,7,26,No Offer,Yes,11.23,No,Yes,Cable,48,No,Yes,Yes,Yes,Yes,Yes,Yes,Yes,Month-to-Month,No,Bank Withdrawal,81.9,2078.55,44.86,0,291.98,4,7,79.94423076923077,3350
Male,23,No,No,0,0,7,Offer E,Yes,21.58,No,Yes,Fiber Optic,71,No,No,Yes,No,No,No,Yes,No,Month-to-Month,No,Mailed Check,74.65,544.55,0.0,10,151.06,3,2,77.79285714285713,3331
Male,19,No,Yes,0,1,63,No Offer,Yes,13.45,Yes,Yes,DSL,69,Yes,Yes,Yes,No,Yes,Yes,Yes,Yes,Two Year,No,Credit Card,83.5,5435.0,0.0,0,847.35,4,7,86.26984126984127,4652
Male,29,No,Yes,1,4,72,No Offer,Yes,41.94,Yes,Yes,Fiber Optic,85,Yes,Yes,No,Yes,Yes,Yes,Yes,Yes,Two Year,Yes,Credit Card,107.7,7919.8,0.0,0,3019.68,4,7,109.99722222222222,4351
Male,26,No,No,0,0,1,Offer E,Yes,1.84,Yes,Yes,Fiber Optic,76,No,No,No,No,No,No,Yes,Yes,Month-to-Month,Yes,Bank Withdrawal,74.9,74.9,0.0,0,1.84,3,2,74.9,2548
Male,22,No,Yes,2,9,63,No Offer,Yes,42.17,No,Yes,DSL,73,Yes,Yes,Yes,Yes,Yes,No,No,Yes,Two Year,No,Credit Card,74.5,4674.55,0.0,0,2656.71,4,6,74.19920634920635,6382
Male,28,No,Yes,0,9,60,Offer B,Yes,31.29,No,No,No Internet,0,No,No,No,No,No,No,No,No,Two Year,Yes,Bank Withdrawal,20.5,1198.8,0.0,0,1877.4,5,0,19.98,5848
Female,21,No,Yes,0,2,72,Offer A,Yes,11.85,Yes,Yes,Fiber Optic,82,No,Yes,Yes,Yes,Yes,Yes,Yes,Yes,One Year,No,Credit Card,109.15,7789.6,0.0,0,853.2,4,7,108.1888888888889,4807
Male,39,No,Yes,0,7,72,Offer A,Yes,6.05,Yes,Yes,Cable,30,Yes,Yes,Yes,Yes,Yes,Yes,Yes,Yes,Two Year,Yes,Bank Withdrawal,89.05,6254.45,0.0,0,435.6,4,8,86.86736111111111,6212
Male,60,No,No,0,0,65,Offer B,Yes,9.36,Yes,Yes,Fiber Optic,4,No,Yes,Yes,Yes,Yes,Yes,Yes,No,Month-to-Month,Yes,Bank Withdrawal,109.15,6941.2,0.0,140,608.4,2,6,106.78769230769231,6001
Male,19,No,No,0,0,1,No Offer,Yes,24.66,Yes,Yes,DSL,26,No,No,No,No,No,No,No,Yes,Month-to-Month,No,Credit Card,50.75,50.75,0.0,0,24.66,4,1,50.75,3631
Female,40,No,Yes,2,0,59,Offer B,Yes,42.37,Yes,No,No Internet,0,No,No,No,No,No,No,No,No,Two Year,No,Credit Card,25.45,1534.05,0.0,0,2499.83,4,0,26.000847457627117,4746
Male,77,Yes,No,0,0,41,Offer B,Yes,42.06,Yes,Yes,Fiber Optic,21,No,No,Yes,No,Yes,Yes,No,Yes,Month-to-Month,Yes,Bank Withdrawal,98.4,4187.75,0.0,0,1724.46,1,4,102.14024390243902,2169
Male,23,No,Yes,1,3,19,No Offer,No,0.0,No,Yes,Cable,52,Yes,Yes,No,No,No,No,No,Yes,Month-to-Month,Yes,Credit Card,34.95,610.2,0.0,0,0.0,3,3,32.11578947368421,3422
Male,32,No,Yes,1,1,18,Offer D,Yes,24.16,No,Yes,Fiber Optic,19,Yes,No,Yes,No,Yes,No,No,Yes,Month-to-Month,Yes,Mailed Check,87.9,1500.5,0.0,0,434.88,4,4,83.36111111111111,5192
Male,44,No,No,0,0,24,No Offer,Yes,24.76,No,Yes,Fiber Optic,2,No,No,No,Yes,Yes,Yes,Yes,Yes,Month-to-Month,Yes,Bank Withdrawal,96.0,2122.45,0.0,0,594.24,1,5,88.43541666666665,3068
Male,55,No,No,0,0,44,No Offer,No,0.0,No,Yes,Cable,17,Yes,No,Yes,No,Yes,Yes,Yes,Yes,One Year,Yes,Bank Withdrawal,54.0,2440.25,5.47,0,0.0,3,6,55.46022727272727,4256
Female,37,No,Yes,0,5,50,Offer B,Yes,26.95,No,No,No Internet,0,No,No,No,No,No,No,No,No,Two Year,No,Bank Withdrawal,20.15,930.9,0.0,0,1347.5,4,0,18.618,5849
Male,63,No,Yes,0,3,45,Offer B,Yes,30.8,No,Yes,Cable,3,Yes,Yes,Yes,Yes,Yes,Yes,Yes,Yes,Two Year,Yes,Credit Card,84.35,3858.05,0.0,0,1386.0,3,8,85.73444444444445,3403
Female,34,No,No,0,0,2,No Offer,Yes,49.91,No,No,No Internet,0,No,No,No,No,No,No,No,No,Month-to-Month,No,Credit Card,19.3,44.4,0.0,0,99.82,3,0,22.2,3009
Female,61,No,No,0,0,5,Offer E,Yes,20.2,No,Yes,Fiber Optic,23,No,No,No,No,Yes,No,No,No,Month-to-Month,Yes,Credit Card,81.0,389.6,0.0,10,101.0,2,1,77.92,3718
Male,45,No,Yes,0,1,56,Offer B,Yes,40.33,Yes,Yes,Fiber Optic,9,Yes,Yes,Yes,No,No,No,No,Yes,One Year,Yes,Bank Withdrawal,93.15,5253.95,0.0,0,2258.48,3,4,93.82053571428571,4778
Female,47,No,Yes,3,8,7,No Offer,Yes,16.22,No,Yes,DSL,53,Yes,Yes,Yes,Yes,Yes,No,No,Yes,Month-to-Month,Yes,Bank Withdrawal,75.7,554.05,0.0,0,113.54,3,6,79.14999999999999,2950
Male,44,No,Yes,3,5,43,Offer B,No,0.0,No,Yes,Cable,53,No,Yes,No,No,No,No,No,Yes,Month-to-Month,No,Credit Card,29.3,1224.05,0.0,0,0.0,3,2,28.46627906976744,4741
Male,66,Yes,Yes,0,2,64,No Offer,Yes,20.19,Yes,Yes,Fiber Optic,8,No,No,Yes,Yes,Yes,Yes,Yes,Yes,Two Year,No,Bank Withdrawal,102.1,6538.45,0.0,0,1292.16,4,6,102.16328125,6270
Female,59,No,No,0,0,13,Offer D,Yes,33.69,Yes,Yes,Fiber Optic,15,Yes,No,No,No,No,No,No,No,Month-to-Month,Yes,Credit Card,80.0,1029.35,0.0,0,437.97,3,1,79.18076923076923,5577
Female,55,No,Yes,3,1,68,No Offer,Yes,18.42,Yes,Yes,Fiber Optic,53,Yes,No,Yes,Yes,Yes,Yes,Yes,Yes,Two Year,Yes,Bank Withdrawal,109.05,7508.55,0.0,0,1252.56,4,7,110.41985294117647,6391
Male,62,No,Yes,0,1,26,Offer C,Yes,35.9,Yes,Yes,Cable,26,No,No,No,No,Yes,No,No,Yes,Month-to-Month,Yes,Bank Withdrawal,83.75,2070.6,0.0,0,933.4,3,2,79.63846153846154,2404
Female,33,No,No,0,0,11,Offer D,Yes,7.42,No,Yes,DSL,17,No,No,Yes,Yes,No,No,No,Yes,One Year,No,Bank Withdrawal,53.8,651.55,0.0,0,81.62,5,3,59.23181818181818,5899
Female,24,No,Yes,0,4,30,Offer C,Yes,15.94,No,Yes,DSL,53,No,Yes,Yes,Yes,Yes,Yes,Yes,Yes,Two Year,No,Bank Withdrawal,80.8,2369.3,0.0,0,478.2,5,7,78.97666666666667,4274
Male,39,No,Yes,1,7,15,No Offer,Yes,32.73,No,Yes,Fiber Optic,17,Yes,No,No,No,No,No,No,Yes,Month-to-Month,No,Mailed Check,75.1,1151.55,0.0,0,490.95,4,2,76.77,4634
Male,48,No,No,0,0,46,No Offer,Yes,15.78,Yes,Yes,Fiber Optic,3,Yes,Yes,No,No,No,Yes,Yes,Yes,Month-to-Month,Yes,Bank Withdrawal,93.7,4154.8,0.0,0,725.88,1,5,90.32173913043479,3378
Female,48,No,No,0,0,3,Offer E,Yes,9.95,Yes,Yes,Fiber Optic,13,No,No,No,No,Yes,Yes,Yes,Yes,Month-to-Month,Yes,Bank Withdrawal,96.6,291.9,0.0,0,29.85,1,4,97.3,3260
Male,62,No,Yes,0,1,3,Offer E,No,0.0,No,Yes,DSL,4,No,Yes,No,No,No,No,No,Yes,Month-to-Month,No,Credit Card,29.8,94.4,0.0,0,0.0,3,2,31.46666666666667,5614
Female,80,Yes,No,0,0,59,Offer B,Yes,25.57,Yes,Yes,Fiber Optic,5,Yes,Yes,Yes,No,No,No,No,Yes,Two Year,Yes,Bank Withdrawal,89.75,5496.9,0.0,0,1508.63,3,4,93.16779661016949,5170
Female,47,No,Yes,0,1,8,No Offer,Yes,16.88,No,Yes,Fiber Optic,6,No,Yes,Yes,No,Yes,Yes,Yes,Yes,Month-to-Month,No,Bank Withdrawal,101.15,842.9,0.0,0,135.04,2,6,105.3625,2750
Male,25,No,No,0,0,36,No Offer,Yes,26.51,No,Yes,Cable,85,No,Yes,No,Yes,No,Yes,Yes,Yes,One Year,Yes,Credit Card,65.4,2498.4,0.0,0,954.36,1,5,69.4,5220
Male,77,Yes,Yes,0,1,50,No Offer,Yes,40.9,Yes,Yes,Fiber Optic,8,Yes,No,Yes,No,Yes,Yes,Yes,Yes,Two Year,Yes,Credit Card,105.05,5163.3,0.0,0,2045.0,4,6,103.266,5324
Male,21,No,Yes,1,0,64,No Offer,Yes,34.58,Yes,Yes,Fiber Optic,27,Yes,Yes,Yes,No,No,No,No,Yes,Month-to-Month,Yes,Bank Withdrawal,91.8,5960.5,0.0,0,2213.12,3,4,93.1328125,5371
Male,33,No,No,0,0,5,No Offer,Yes,3.25,Yes,Yes,Fiber Optic,25,No,No,Yes,No,Yes,No,No,Yes,Month-to-Month,Yes,Bank Withdrawal,92.5,452.7,0.0,0,16.25,2,3,90.53999999999999,2810
Female,51,No,Yes,0,4,31,No Offer,Yes,3.73,Yes,Yes,Fiber Optic,13,No,No,Yes,Yes,Yes,Yes,Yes,Yes,Month-to-Month,Yes,Bank Withdrawal,104.2,3243.45,17.01,0,115.63,1,6,104.62741935483871,5000
Male,28,No,No,0,0,1,Offer E,Yes,10.98,No,No,No Internet,0,No,No,No,No,No,No,No,No,Month-to-Month,Yes,Bank Withdrawal,20.2,20.2,0.0,0,10.98,1,0,20.2,5394
Female,48,No,No,0,0,4,Offer E,No,0.0,No,Yes,Cable,16,No,No,No,No,No,No,No,Yes,Month-to-Month,Yes,Mailed Check,24.25,96.05,0.0,0,0.0,2,1,24.0125,2038
Male,55,No,No,0,0,6,Offer E,Yes,29.52,No,Yes,Fiber Optic,28,Yes,Yes,No,No,No,No,No,Yes,Month-to-Month,Yes,Bank Withdrawal,78.95,494.95,0.0,0,177.12,3,3,82.49166666666666,4093
Male,20,No,No,0,0,1,No Offer,Yes,27.88,No,No,No Internet,0,No,No,No,No,No,No,No,No,Month-to-Month,No,Bank Withdrawal,19.65,19.65,0.0,0,27.88,3,0,19.65,3625
Male,44,No,No,0,0,46,No Offer,No,0.0,No,Yes,Cable,19,Yes,No,No,No,No,No,No,Yes,One Year,Yes,Bank Withdrawal,30.75,1489.3,0.0,0,0.0,3,2,32.37608695652174,5646
Male,54,No,No,0,0,51,No Offer,Yes,42.93,Yes,Yes,Fiber Optic,11,No,Yes,No,No,No,No,No,No,Month-to-Month,No,Bank Withdrawal,81.0,4085.75,0.0,10,2189.43,3,1,80.11274509803921,4121
Male,37,No,Yes,3,4,60,Offer B,Yes,15.65,No,No,No Internet,0,No,No,No,No,No,No,No,No,Two Year,No,Credit Card,20.55,1205.05,0.0,0,939.0,3,0,20.084166666666665,4020
Male,20,No,No,0,0,15,No Offer,Yes,13.8,Yes,Yes,Fiber Optic,59,Yes,No,No,No,Yes,No,No,Yes,Month-to-Month,Yes,Bank Withdrawal,87.75,1242.2,0.0,0,207.0,3,3,82.81333333333333,5415
Male,31,No,No,2,0,11,No Offer,Yes,5.84,Yes,Yes,Fiber Optic,10,No,No,No,No,No,Yes,Yes,No,Month-to-Month,No,Bank Withdrawal,86.2,893.2,0.0,30,64.24,5,2,81.2,3157
Female,68,Yes,No,0,0,26,Offer C,Yes,9.09,Yes,Yes,Fiber Optic,12,No,Yes,No,No,Yes,No,No,Yes,Month-to-Month,Yes,Bank Withdrawal,89.15,2277.65,0.0,0,236.34,1,3,87.60192307692309,4074
Male,64,No,No,0,0,3,No Offer,Yes,33.53,No,Yes,DSL,30,No,No,No,No,No,Yes,Yes,Yes,Month-to-Month,No,Mailed Check,54.65,189.1,0.0,0,100.59,5,3,63.03333333333333,2168
Male,25,No,Yes,0,2,68,Offer A,Yes,24.01,Yes,Yes,Fiber Optic,48,Yes,Yes,No,Yes,Yes,Yes,Yes,Yes,Month-to-Month,Yes,Bank Withdrawal,107.7,7320.9,0.0,0,1632.68,3,7,107.66029411764706,5015
Female,76,Yes,Yes,2,1,1,Offer E,Yes,15.28,No,Yes,Fiber Optic,30,No,No,No,No,No,No,No,Yes,Month-to-Month,Yes,Mailed Check,70.45,70.45,0.0,0,15.28,2,1,70.45,3964
Male,37,No,No,0,0,3,No Offer,Yes,38.05,No,Yes,DSL,7,Yes,No,No,Yes,Yes,No,No,Yes,Month-to-Month,Yes,Credit Card,64.4,195.65,0.0,0,114.15,4,4,65.21666666666667,5645
Female,59,No,Yes,0,8,36,No Offer,Yes,49.33,No,Yes,Fiber Optic,23,No,No,No,No,No,Yes,Yes,Yes,Month-to-Month,No,Bank Withdrawal,80.4,2937.65,0.0,0,1775.88,3,3,81.60138888888889,5544
Male,36,No,Yes,3,4,71,No Offer,Yes,28.47,No,Yes,Fiber Optic,57,Yes,Yes,Yes,Yes,Yes,Yes,Yes,No,Two Year,No,Credit Card,109.3,7782.85,0.0,70,2021.37,3,7,109.61760563380282,5737
Female,39,No,No,0,0,55,Offer B,Yes,22.34,No,Yes,Fiber Optic,4,No,Yes,Yes,No,No,No,No,Yes,Month-to-Month,Yes,Bank Withdrawal,81.55,4509.5,0.0,0,1228.7,3,3,81.99090909090908,5167
Male,40,No,No,0,0,1,Offer E,Yes,27.46,No,Yes,DSL,26,No,No,No,No,No,No,No,Yes,Month-to-Month,Yes,Bank Withdrawal,44.8,44.8,0.0,0,27.46,4,1,44.8,2269
Female,56,No,No,0,0,54,No Offer,Yes,46.74,Yes,Yes,Fiber Optic,16,No,Yes,Yes,Yes,Yes,Yes,Yes,No,Month-to-Month,No,Bank Withdrawal,111.1,6014.85,0.0,50,2523.96,1,6,111.38611111111112,5527
Male,44,No,No,2,0,38,No Offer,Yes,1.27,Yes,Yes,Fiber Optic,13,No,Yes,No,No,No,No,No,Yes,Month-to-Month,Yes,Credit Card,81.85,3141.7,0.0,0,48.26,5,2,82.67631578947368,3571
Male,74,Yes,Yes,0,1,41,Offer B,Yes,45.84,Yes,Yes,Fiber Optic,18,Yes,No,Yes,No,No,No,No,Yes,Month-to-Month,Yes,Bank Withdrawal,83.75,3273.55,0.0,0,1879.44,1,3,79.84268292682927,4995
Male,47,No,No,0,0,7,No Offer,No,0.0,No,Yes,DSL,14,Yes,No,Yes,No,No,No,No,Yes,One Year,No,Credit Card,35.3,264.8,0.0,0,0.0,4,3,37.82857142857143,3463
Male,33,No,No,0,0,52,Offer B,Yes,5.42,Yes,Yes,Fiber Optic,22,No,Yes,Yes,No,Yes,Yes,Yes,Yes,Month-to-Month,Yes,Bank Withdrawal,103.05,5364.8,46.67,0,281.84,4,6,103.16923076923078,5432
Female,29,No,No,0,0,1,No Offer,Yes,45.91,No,No,No Internet,0,No,No,No,No,No,No,No,No,Month-to-Month,No,Credit Card,20.4,20.4,0.0,0,45.91,5,0,20.4,2152
Male,30,No,Yes,0,9,70,No Offer,Yes,9.28,Yes,Yes,Fiber Optic,51,Yes,Yes,No,Yes,No,No,No,Yes,Two Year,Yes,Credit Card,88.0,5986.45,0.0,0,649.6,3,4,85.52071428571428,4867
Female,44,No,No,0,0,1,No Offer,Yes,13.01,No,Yes,DSL,12,No,No,No,No,No,Yes,Yes,Yes,Month-to-Month,Yes,Mailed Check,54.75,54.75,0.0,0,13.01,3,3,54.75,2614
Female,78,Yes,Yes,0,10,19,No Offer,Yes,19.57,Yes,Yes,Fiber Optic,27,No,No,No,No,Yes,Yes,No,Yes,Two Year,Yes,Bank Withdrawal,94.95,1760.25,0.0,0,371.83,5,3,92.64473684210526,5316
Male,44,No,Yes,0,7,50,Offer B,Yes,26.06,Yes,Yes,Fiber Optic,18,No,No,No,Yes,Yes,Yes,Yes,Yes,One Year,No,Bank Withdrawal,99.4,5059.75,0.0,0,1303.0,4,5,101.195,6479
Male,43,No,Yes,3,7,53,No Offer,Yes,31.86,Yes,Yes,DSL,56,No,No,Yes,Yes,Yes,Yes,Yes,Yes,One Year,Yes,Credit Card,78.75,3942.45,0.0,0,1688.58,4,6,74.38584905660377,5052
Female,61,No,No,0,0,34,Offer C,Yes,4.66,No,Yes,Fiber Optic,21,No,No,No,No,No,No,No,Yes,Month-to-Month,Yes,Credit Card,70.0,2416.1,11.0,0,158.44,2,1,71.06176470588235,2318
Male,61,No,Yes,1,1,47,No Offer,Yes,31.35,Yes,Yes,Fiber Optic,16,No,Yes,No,No,Yes,Yes,Yes,Yes,Month-to-Month,Yes,Bank Withdrawal,99.35,4749.15,0.0,0,1473.45,1,5,101.04574468085106,5789
Female,45,No,Yes,0,1,57,Offer B,No,0.0,No,Yes,Cable,22,Yes,Yes,Yes,No,Yes,Yes,Yes,Yes,Month-to-Month,Yes,Bank Withdrawal,58.75,3437.45,0.0,0,0.0,3,7,60.30614035087719,4115
Male,71,Yes,Yes,0,1,19,No Offer,Yes,30.44,No,Yes,DSL,26,Yes,No,Yes,No,Yes,No,No,Yes,Month-to-Month,No,Bank Withdrawal,66.4,1286.05,0.0,0,578.36,4,4,67.68684210526315,4533
Male,45,No,No,0,0,1,Offer E,Yes,11.25,No,No,No Internet,0,No,No,No,No,No,No,No,No,Month-to-Month,No,Credit Card,20.2,20.2,0.0,0,11.25,2,0,20.2,5418
Female,78,Yes,Yes,1,2,72,No Offer,Yes,9.88,Yes,Yes,Cable,16,Yes,Yes,Yes,Yes,Yes,Yes,No,Yes,Two Year,Yes,Bank Withdrawal,90.15,6716.45,0.0,0,711.36,3,7,93.28402777777778,4606
Male,29,No,Yes,0,5,17,Offer D,No,0.0,No,Yes,DSL,27,No,No,Yes,Yes,Yes,Yes,Yes,Yes,One Year,No,Bank Withdrawal,54.6,934.8,47.73,0,0.0,4,6,54.98823529411764,4590
Male,47,No,Yes,0,4,31,Offer C,Yes,22.42,Yes,Yes,Fiber Optic,21,Yes,Yes,No,Yes,No,No,No,Yes,Month-to-Month,Yes,Credit Card,90.55,2929.75,0.0,0,695.02,4,4,94.50806451612904,5722
Male,58,No,No,0,0,17,No Offer,Yes,36.47,No,Yes,Cable,15,Yes,Yes,No,No,No,No,No,Yes,One Year,No,Credit Card,56.1,946.95,0.0,0,619.99,3,3,55.70294117647059,5025
Female,61,No,Yes,3,8,72,Offer A,Yes,17.21,No,Yes,Cable,53,Yes,Yes,Yes,Yes,No,Yes,Yes,No,Two Year,Yes,Bank Withdrawal,74.35,5237.4,0.0,50,1239.12,4,6,72.74166666666666,4874
Male,65,Yes,No,0,0,3,Offer E,Yes,37.78,Yes,Yes,Fiber Optic,28,No,No,No,No,Yes,Yes,Yes,Yes,Two Year,Yes,Bank Withdrawal,94.85,335.75,0.0,0,113.34,4,4,111.91666666666667,4496
Female,65,Yes,No,0,0,6,No Offer,Yes,12.67,No,Yes,Fiber Optic,20,Yes,No,No,No,No,No,No,Yes,Two Year,Yes,Bank Withdrawal,74.1,450.9,0.0,0,76.02,3,2,75.14999999999999,4716
Female,63,No,Yes,0,1,7,Offer E,Yes,44.66,No,Yes,Fiber Optic,26,No,No,Yes,No,Yes,No,No,Yes,Month-to-Month,Yes,Bank Withdrawal,86.25,587.1,0.0,0,312.62,2,3,83.87142857142858,3344
Male,54,No,Yes,0,3,72,No Offer,Yes,2.61,No,No,No Internet,0,No,No,No,No,No,No,No,No,Two Year,No,Credit Card,19.3,1304.8,0.0,0,187.92,3,0,18.12222222222222,4035
Male,79,Yes,Yes,0,9,68,No Offer,No,0.0,No,Yes,Cable,28,Yes,Yes,Yes,No,No,No,No,Yes,Two Year,Yes,Bank Withdrawal,41.95,2965.75,0.0,0,0.0,3,4,43.6139705882353,5607
Male,26,No,Yes,0,5,8,Offer E,Yes,48.39,No,No,No Internet,0,No,No,No,No,No,No,No,No,One Year,No,Credit Card,19.9,153.95,0.0,0,387.12,5,0,19.24375,3152
Male,23,No,Yes,0,2,51,Offer B,Yes,39.32,Yes,Yes,Fiber Optic,76,Yes,No,Yes,Yes,Yes,Yes,Yes,Yes,One Year,Yes,Bank Withdrawal,111.55,5720.35,0.0,0,2005.32,4,7,112.16372549019609,4053
Male,38,No,Yes,1,2,70,Offer A,Yes,31.78,No,No,No Internet,0,No,No,No,No,No,No,No,No,Two Year,No,Credit Card,20.35,1458.1,35.44,0,2224.6,5,0,20.83,5748
Male,46,No,No,0,0,36,No Offer,Yes,24.66,Yes,Yes,Fiber Optic,22,No,No,No,No,No,Yes,Yes,Yes,Month-to-Month,Yes,Bank Withdrawal,84.9,3067.2,0.0,0,887.76,1,3,85.19999999999999,2455
Male,63,No,Yes,2,10,42,No Offer,Yes,34.33,No,No,No Internet,0,No,No,No,No,No,No,No,No,Two Year,No,Mailed Check,19.35,867.3,0.0,0,1441.86,4,0,20.65,3433
Male,22,No,Yes,0,10,72,No Offer,Yes,15.09,Yes,Yes,Fiber Optic,85,No,Yes,Yes,No,Yes,Yes,Yes,Yes,Two Year,Yes,Bank Withdrawal,106.3,7565.35,0.0,0,1086.48,5,6,105.07430555555555,4634
Female,46,No,No,0,0,15,No Offer,Yes,2.74,No,No,No Internet,0,No,No,No,No,No,No,No,No,Month-to-Month,No,Mailed Check,19.9,320.45,0.0,0,41.1,4,0,21.363333333333333,3366
Male,41,No,No,0,0,44,No Offer,Yes,42.92,No,Yes,Fiber Optic,23,No,Yes,No,Yes,Yes,Yes,Yes,Yes,Month-to-Month,No,Bank Withdrawal,100.55,4398.15,0.0,0,1888.48,2,6,99.95795454545454,3486
Male,47,No,Yes,0,1,6,No Offer,Yes,26.91,No,Yes,Fiber Optic,6,No,Yes,No,No,No,Yes,Yes,Yes,Month-to-Month,Yes,Credit Card,83.55,477.55,0.0,0,161.46,1,4,79.59166666666667,4242
Male,53,No,No,0,0,3,Offer E,Yes,39.38,No,Yes,Fiber Optic,23,No,No,No,No,No,No,No,Yes,Month-to-Month,No,Bank Withdrawal,69.65,220.1,0.0,0,118.14,2,1,73.36666666666666,2421
Male,66,Yes,No,0,0,4,Offer E,Yes,36.4,No,Yes,Fiber Optic,29,Yes,No,No,No,No,No,No,Yes,One Year,No,Bank Withdrawal,75.35,273.4,0.0,0,145.6,3,2,68.35,4033
Female,30,No,No,3,0,16,Offer D,Yes,27.23,Yes,Yes,Fiber Optic,69,No,No,No,Yes,No,No,No,Yes,One Year,Yes,Credit Card,79.5,1264.2,0.0,0,435.68,4,2,79.0125,5040
Female,75,Yes,No,0,0,65,Offer B,No,0.0,No,Yes,Cable,9,No,Yes,Yes,No,Yes,Yes,No,Yes,Two Year,Yes,Bank Withdrawal,53.5,3517.9,0.0,0,0.0,3,5,54.121538461538464,5693
Male,34,No,No,0,0,10,No Offer,Yes,15.45,No,Yes,Cable,22,No,No,No,No,No,No,No,Yes,Month-to-Month,Yes,Credit Card,45.8,436.2,0.0,0,154.5,3,1,43.62,5586
Male,62,No,No,0,0,22,No Offer,No,0.0,No,Yes,DSL,19,No,No,Yes,Yes,Yes,Yes,Yes,Yes,Two Year,No,Bank Withdrawal,56.75,1304.85,0.0,0,0.0,4,6,59.31136363636363,4574
Male,32,No,No,0,0,3,No Offer,No,0.0,No,Yes,Cable,25,Yes,No,Yes,Yes,No,No,No,Yes,Month-to-Month,No,Credit Card,41.35,107.25,0.0,0,0.0,3,4,35.75,5534
Male,63,No,Yes,2,9,30,No Offer,Yes,21.72,Yes,Yes,Fiber Optic,19,No,No,No,No,Yes,No,No,No,Month-to-Month,No,Bank Withdrawal,85.45,2509.95,23.13,120,651.6,3,1,83.66499999999999,3409
Female,67,Yes,No,0,0,38,No Offer,Yes,26.1,No,Yes,DSL,27,Yes,Yes,No,No,No,No,No,Yes,Month-to-Month,Yes,Credit Card,57.15,2250.65,0.0,0,991.8,1,3,59.227631578947374,3110
Female,77,Yes,Yes,0,1,37,No Offer,Yes,25.35,No,No,No Internet,0,No,No,No,No,No,No,No,No,One Year,No,Mailed Check,19.6,727.8,0.0,0,937.95,4,0,19.67027027027027,5730
Female,33,No,No,0,0,25,No Offer,Yes,1.22,No,Yes,DSL,10,No,Yes,No,Yes,No,Yes,Yes,Yes,Month-to-Month,Yes,Bank Withdrawal,65.8,1679.65,29.29,0,30.5,5,5,67.186,3962
Female,55,No,No,0,0,5,Offer E,No,0.0,No,Yes,DSL,2,No,No,Yes,No,No,Yes,Yes,Yes,Month-to-Month,No,Bank Withdrawal,39.5,210.75,39.27,0,0.0,2,4,42.15,2863
Female,21,No,Yes,1,2,51,Offer B,Yes,18.42,Yes,Yes,Fiber Optic,47,Yes,No,No,Yes,Yes,No,Yes,Yes,One Year,Yes,Mailed Check,95.15,5000.05,0.0,0,939.42,3,5,98.04019607843138,6492
Male,76,Yes,No,0,0,24,No Offer,Yes,46.13,Yes,Yes,Fiber Optic,23,No,Yes,No,No,No,No,No,Yes,Two Year,Yes,Bank Withdrawal,80.5,2088.45,0.0,0,1107.12,4,2,87.01875,4422
Female,39,No,No,0,0,56,No Offer,No,0.0,No,Yes,DSL,19,Yes,Yes,Yes,Yes,No,No,No,Yes,Two Year,No,Bank Withdrawal,45.05,2560.1,0.0,0,0.0,3,5,45.716071428571425,5795
Female,42,No,Yes,0,1,13,No Offer,No,0.0,No,Yes,DSL,8,No,No,Yes,No,Yes,Yes,Yes,Yes,Month-to-Month,Yes,Bank Withdrawal,48.75,633.4,0.0,0,0.0,2,5,48.723076923076924,2655
Male,35,No,No,3,0,17,No Offer,Yes,45.61,No,Yes,DSL,53,Yes,No,No,No,No,No,No,Yes,Month-to-Month,Yes,Credit Card,50.3,846.8,0.0,0,775.37,3,2,49.811764705882354,3202
Male,26,No,Yes,3,4,8,No Offer,Yes,22.14,No,Yes,Fiber Optic,82,No,No,Yes,No,Yes,Yes,Yes,Yes,Month-to-Month,Yes,Bank Withdrawal,94.75,759.55,0.0,0,177.12,5,5,94.94375,5505
Female,34,No,No,1,0,15,No Offer,Yes,3.96,No,Yes,Fiber Optic,20,Yes,Yes,No,No,Yes,Yes,Yes,Yes,Month-to-Month,Yes,Credit Card,99.1,1426.4,0.0,0,59.4,1,6,95.09333333333333,2966
Female,24,No,No,0,0,4,Offer E,Yes,19.84,No,Yes,Fiber Optic,73,No,No,Yes,No,No,Yes,Yes,Yes,Month-to-Month,Yes,Credit Card,82.85,319.6,0.0,0,79.36,3,4,79.9,3154
Female,57,No,No,0,0,71,Offer A,Yes,2.93,Yes,Yes,Fiber Optic,10,Yes,Yes,Yes,No,Yes,Yes,Yes,Yes,Two Year,Yes,Credit Card,106.75,7283.25,0.0,0,208.03,3,7,102.58098591549296,5610
Male,39,No,Yes,0,1,15,Offer D,Yes,34.63,Yes,Yes,Fiber Optic,15,No,No,No,No,No,No,No,Yes,Month-to-Month,Yes,Bank Withdrawal,74.9,1107.25,0.0,0,519.45,2,1,73.81666666666666,2510
Female,31,No,No,0,0,8,No Offer,Yes,11.46,No,No,No Internet,0,No,No,No,No,No,No,No,No,Two Year,No,Credit Card,20.85,161.65,0.0,0,91.68,5,0,20.20625,4249
Male,36,No,Yes,0,10,41,Offer B,Yes,39.39,Yes,Yes,Fiber Optic,3,No,Yes,No,No,No,No,No,Yes,Month-to-Month,Yes,Bank Withdrawal,80.25,3439.0,2.18,0,1614.99,5,2,83.8780487804878,5757
Female,60,No,No,0,0,33,No Offer,Yes,36.5,Yes,No,No Internet,0,No,No,No,No,No,No,No,No,Two Year,No,Credit Card,25.7,826.1,0.0,0,1204.5,4,0,25.033333333333335,3378
Female,25,No,No,0,0,1,No Offer,Yes,14.19,No,Yes,Fiber Optic,59,No,No,No,No,No,No,Yes,Yes,Month-to-Month,Yes,Bank Withdrawal,69.6,69.6,0.0,0,14.19,1,2,69.6,2412
Female,52,No,Yes,3,1,65,No Offer,Yes,10.11,Yes,Yes,Cable,26,Yes,Yes,Yes,Yes,Yes,Yes,Yes,Yes,Two Year,No,Bank Withdrawal,91.55,5963.95,0.0,0,657.15,3,8,91.75307692307692,4921
Female,26,No,No,0,0,12,No Offer,Yes,32.32,No,No,No Internet,0,No,No,No,No,No,No,No,No,Month-to-Month,No,Mailed Check,20.3,246.7,0.0,0,387.84,3,0,20.558333333333334,4177
Male,25,No,No,0,0,44,No Offer,Yes,38.33,No,Yes,Fiber Optic,41,Yes,Yes,Yes,No,Yes,Yes,Yes,Yes,One Year,Yes,Bank Withdrawal,106.05,4510.8,0.0,0,1686.52,3,7,102.51818181818182,4588
Male,77,Yes,No,0,0,32,Offer C,Yes,1.12,Yes,Yes,Fiber Optic,5,No,No,Yes,No,No,No,No,Yes,One Year,Yes,Credit Card,81.1,2619.25,19.25,0,35.84,4,2,81.8515625,2143
Female,23,No,No,0,0,39,No Offer,Yes,29.79,No,No,No Internet,0,No,No,No,No,No,No,No,No,Two Year,No,Credit Card,20.7,762.45,0.0,0,1161.81,4,0,19.55,3733
Male,52,No,No,0,0,1,Offer E,Yes,14.17,No,No,No Internet,0,No,No,No,No,No,No,No,No,Month-to-Month,Yes,Credit Card,19.6,19.6,0.0,0,14.17,1,0,19.6,3448
Female,27,No,Yes,0,1,56,No Offer,Yes,42.37,Yes,Yes,Fiber Optic,71,No,No,Yes,No,Yes,Yes,Yes,Yes,One Year,Yes,Credit Card,99.8,5515.45,0.0,0,2372.72,4,5,98.49017857142857,4606
Male,58,No,Yes,0,2,17,Offer D,Yes,10.11,Yes,Yes,Fiber Optic,2,No,Yes,Yes,No,Yes,Yes,Yes,Yes,Month-to-Month,Yes,Bank Withdrawal,102.55,1742.5,0.0,0,171.87,5,6,102.5,3803
Female,42,No,No,0,0,1,Offer E,Yes,21.59,No,No,No Internet,0,No,No,No,No,No,No,No,No,Month-to-Month,Yes,Mailed Check,20.15,20.15,0.0,0,21.59,3,0,20.15,4939
Female,40,No,Yes,0,5,50,Offer B,Yes,9.47,Yes,Yes,DSL,28,No,No,Yes,No,Yes,Yes,Yes,Yes,One Year,No,Bank Withdrawal,75.7,3876.2,0.0,0,473.5,5,5,77.524,6144
Female,38,No,No,0,0,22,No Offer,Yes,18.01,No,Yes,Fiber Optic,2,No,No,No,No,Yes,Yes,Yes,Yes,Month-to-Month,No,Bank Withdrawal,89.25,1907.85,0.0,0,396.22,1,4,86.72045454545454,3161
Female,54,No,Yes,1,1,32,Offer C,Yes,32.43,No,Yes,Cable,19,Yes,Yes,Yes,Yes,No,Yes,Yes,Yes,Month-to-Month,No,Bank Withdrawal,76.3,2404.15,0.0,0,1037.76,3,7,75.1296875,5324
Female,24,No,No,0,0,5,No Offer,Yes,43.02,No,Yes,DSL,42,No,Yes,No,No,No,No,No,Yes,Month-to-Month,No,Bank Withdrawal,50.55,244.75,0.0,0,215.1,3,2,48.95,2739
Female,36,No,No,0,0,63,Offer B,Yes,12.82,Yes,Yes,DSL,17,Yes,Yes,Yes,Yes,Yes,No,No,Yes,Two Year,Yes,Credit Card,79.85,4861.45,0.0,0,807.66,3,6,77.16587301587302,4595
Male,29,No,Yes,0,1,61,No Offer,Yes,23.31,Yes,Yes,DSL,51,No,Yes,Yes,No,Yes,Yes,Yes,Yes,Two Year,No,Bank Withdrawal,80.9,4932.5,0.0,0,1421.91,3,6,80.86065573770492,4161
Female,45,No,No,0,0,1,Offer E,Yes,9.82,No,Yes,Cable,13,No,No,No,No,No,No,No,Yes,Month-to-Month,No,Bank Withdrawal,44.15,44.15,0.0,0,9.82,4,1,44.15,3103
Male,41,No,No,0,0,11,No Offer,Yes,25.24,No,Yes,Fiber Optic,29,No,Yes,No,No,No,No,No,Yes,Month-to-Month,No,Bank Withdrawal,74.95,815.5,0.0,0,277.64,1,2,74.13636363636364,4251
Male,49,No,Yes,0,3,59,No Offer,Yes,16.06,No,Yes,DSL,4,Yes,Yes,Yes,No,Yes,No,No,Yes,One Year,No,Credit Card,66.4,3958.2,0.0,0,947.54,3,5,67.08813559322033,6432
Female,44,No,No,0,0,3,No Offer,Yes,35.54,Yes,Yes,Fiber Optic,27,No,No,No,No,No,No,No,Yes,Month-to-Month,Yes,Bank Withdrawal,74.25,210.3,0.0,0,106.62,3,1,70.10000000000001,3207
Male,62,No,No,0,0,53,Offer B,Yes,26.21,No,No,No Internet,0,No,No,No,No,No,No,No,No,Two Year,No,Bank Withdrawal,19.75,1052.35,0.0,0,1389.13,3,0,19.85566037735849,6265
Male,25,No,Yes,1,7,11,Offer D,Yes,21.14,No,Yes,DSL,47,No,No,Yes,No,Yes,No,No,Yes,Month-to-Month,Yes,Bank Withdrawal,59.65,683.25,0.0,0,232.54,3,3,62.11363636363637,2136
Female,69,Yes,Yes,0,1,53,No Offer,Yes,30.09,Yes,Yes,Fiber Optic,12,No,No,No,No,Yes,Yes,No,Yes,One Year,Yes,Credit Card,95.85,5016.25,18.85,0,1594.77,3,3,94.64622641509433,5325
Female,27,No,Yes,1,1,61,Offer B,Yes,26.7,Yes,Yes,DSL,30,Yes,Yes,No,No,No,No,No,No,Month-to-Month,No,Bank Withdrawal,59.8,3641.5,0.0,100,1628.7,3,2,59.69672131147541,5381
Male,58,No,No,0,0,1,Offer E,Yes,1.28,No,Yes,DSL,27,No,Yes,No,No,No,No,No,Yes,Month-to-Month,No,Bank Withdrawal,50.8,50.8,0.0,0,1.28,1,2,50.8,3718
Female,47,No,No,0,0,23,Offer D,Yes,27.61,Yes,Yes,Fiber Optic,23,No,No,No,No,No,No,No,Yes,Month-to-Month,No,Bank Withdrawal,75.6,1758.6,0.0,0,635.03,1,1,76.4608695652174,2115
Male,38,No,No,0,0,64,Offer B,Yes,36.54,Yes,Yes,Fiber Optic,14,Yes,No,Yes,Yes,No,Yes,Yes,Yes,Two Year,No,Credit Card,99.25,6549.45,0.0,0,2338.56,4,6,102.33515625,5213
Male,39,No,Yes,3,1,18,Offer D,Yes,45.18,No,No,No Internet,0,No,No,No,No,No,No,No,No,One Year,No,Bank Withdrawal,19.8,342.3,0.0,0,813.24,5,0,19.016666666666666,4808
Female,46,No,Yes,2,8,43,No Offer,No,0.0,No,Yes,DSL,10,Yes,No,Yes,Yes,Yes,Yes,Yes,No,One Year,Yes,Credit Card,60.4,2640.55,0.0,100,0.0,3,6,61.40813953488372,2725
Female,34,No,No,0,0,2,Offer E,Yes,39.5,No,Yes,Cable,26,No,No,No,No,No,No,No,Yes,Month-to-Month,Yes,Credit Card,45.25,74.2,0.0,0,79.0,3,1,37.1,5441
Female,29,No,No,0,0,1,Offer E,Yes,30.92,No,Yes,DSL,69,No,No,No,No,No,No,Yes,Yes,Month-to-Month,No,Bank Withdrawal,45.15,45.15,0.0,0,30.92,3,2,45.15,5828
Female,48,No,No,0,0,3,No Offer,Yes,12.5,No,Yes,Fiber Optic,4,No,No,Yes,No,No,No,No,Yes,Month-to-Month,Yes,Mailed Check,74.75,238.1,38.84,0,37.5,3,2,79.36666666666666,3319
Female,27,No,No,0,0,26,No Offer,Yes,39.84,No,Yes,Cable,42,No,Yes,Yes,No,No,No,No,Yes,Month-to-Month,Yes,Credit Card,54.75,1406.9,0.0,0,1035.84,4,3,54.111538461538466,4020
Male,32,No,No,0,0,3,Offer E,Yes,11.94,Yes,Yes,Cable,30,No,No,Yes,No,Yes,Yes,Yes,No,Month-to-Month,Yes,Bank Withdrawal,100.95,329.95,0.0,10,35.82,1,4,109.98333333333333,5351
Male,52,No,Yes,3,1,1,No Offer,Yes,8.03,No,No,No Internet,0,No,No,No,No,No,No,No,No,Month-to-Month,No,Bank Withdrawal,19.95,19.95,0.0,0,8.03,1,0,19.95,4860
Female,33,No,No,1,0,12,No Offer,Yes,5.16,No,Yes,DSL,16,No,No,No,No,No,No,No,No,Month-to-Month,Yes,Bank Withdrawal,44.55,480.6,18.21,0,61.92,3,0,40.050000000000004,4162
Female,36,No,No,0,0,8,Offer E,Yes,37.37,No,Yes,Cable,16,No,Yes,No,Yes,Yes,No,No,Yes,Month-to-Month,Yes,Bank Withdrawal,65.45,554.45,0.0,0,298.96,5,4,69.30625,5227
Male,46,No,Yes,0,1,3,Offer E,No,0.0,No,Yes,DSL,12,No,No,No,No,No,No,No,Yes,Month-to-Month,No,Credit Card,25.0,78.25,0.0,0,0.0,4,1,26.083333333333332,2730
Male,32,No,No,0,0,1,No Offer,Yes,10.38,Yes,Yes,Fiber Optic,7,No,No,Yes,No,Yes,Yes,Yes,Yes,Month-to-Month,Yes,Bank Withdrawal,101.45,101.45,0.0,0,10.38,1,5,101.45,4390
Female,44,No,Yes,0,1,71,Offer A,No,0.0,No,Yes,DSL,16,Yes,Yes,Yes,Yes,No,No,No,Yes,Two Year,Yes,Bank Withdrawal,47.6,3377.8,0.0,0,0.0,3,5,47.57464788732395,4795
Male,36,No,Yes,0,4,57,No Offer,Yes,31.79,Yes,Yes,Fiber Optic,13,Yes,Yes,Yes,Yes,Yes,No,No,Yes,Month-to-Month,Yes,Bank Withdrawal,103.05,5925.75,0.0,0,1812.03,4,6,103.96052631578948,5586
Female,32,No,No,0,0,56,Offer B,Yes,30.86,No,Yes,DSL,22,Yes,No,Yes,Yes,No,No,No,Yes,One Year,Yes,Credit Card,60.25,3282.75,0.0,0,1728.16,4,4,58.620535714285715,4835
Male,25,No,Yes,2,4,72,No Offer,Yes,21.21,Yes,Yes,DSL,27,Yes,No,Yes,Yes,Yes,Yes,Yes,No,Two Year,Yes,Credit Card,83.55,6093.3,0.0,90,1527.12,3,6,84.62916666666666,5940
Female,20,No,No,0,0,60,No Offer,Yes,10.7,Yes,Yes,Fiber Optic,71,No,Yes,Yes,No,Yes,Yes,Yes,Yes,Month-to-Month,Yes,Bank Withdrawal,105.9,6396.45,0.0,0,642.0,2,6,106.6075,4105
Female,47,No,No,0,0,12,No Offer,Yes,36.11,No,Yes,DSL,13,No,No,No,No,No,No,No,Yes,Month-to-Month,Yes,Bank Withdrawal,45.0,524.35,0.0,0,433.32,3,1,43.69583333333333,4998
Female,73,Yes,Yes,0,5,11,No Offer,Yes,17.25,Yes,Yes,Fiber Optic,27,No,No,Yes,Yes,Yes,Yes,No,Yes,Month-to-Month,Yes,Bank Withdrawal,104.05,1133.65,0.0,0,189.75,3,5,103.05909090909091,4553
Female,61,No,Yes,0,10,40,No Offer,Yes,39.97,Yes,Yes,Fiber Optic,17,No,No,No,Yes,No,No,No,Yes,Month-to-Month,Yes,Credit Card,78.85,3126.85,0.0,0,1598.8,4,2,78.17125,5257
Female,64,No,Yes,3,6,69,No Offer,Yes,11.47,No,No,No Internet,0,No,No,No,No,No,No,No,No,Two Year,No,Bank Withdrawal,20.15,1337.5,0.0,0,791.43,4,0,19.384057971014492,4554
Male,51,No,No,0,0,1,Offer E,Yes,45.66,No,Yes,Fiber Optic,28,No,No,No,No,No,No,No,Yes,Month-to-Month,Yes,Bank Withdrawal,69.9,69.9,0.0,0,45.66,3,1,69.9,5367
Female,23,No,No,0,0,39,Offer C,Yes,48.17,No,Yes,DSL,58,No,Yes,No,No,Yes,No,No,Yes,One Year,Yes,Credit Card,58.6,2224.5,0.0,0,1878.63,4,3,57.03846153846154,5662
Female,44,No,No,0,0,10,Offer D,Yes,45.56,No,Yes,DSL,17,No,Yes,No,No,No,No,No,Yes,Month-to-Month,No,Bank Withdrawal,51.2,498.25,0.0,0,455.6,4,2,49.825,5765
Male,42,No,Yes,0,1,39,No Offer,Yes,35.7,No,Yes,DSL,9,Yes,No,Yes,Yes,Yes,Yes,Yes,Yes,One Year,No,Credit Card,80.0,3182.95,0.0,0,1392.3,1,7,81.61410256410257,2704
Female,24,No,Yes,1,10,8,No Offer,Yes,31.86,No,Yes,Cable,59,No,Yes,No,Yes,No,No,No,No,Month-to-Month,No,Bank Withdrawal,56.3,401.5,0.0,30,254.88,5,2,50.1875,3135
Male,30,No,No,0,0,45,No Offer,Yes,5.97,Yes,Yes,Fiber Optic,73,Yes,No,Yes,Yes,Yes,Yes,Yes,Yes,Month-to-Month,Yes,Credit Card,108.45,4964.7,0.0,0,268.65,3,7,110.32666666666667,5093
Female,56,No,Yes,0,4,42,No Offer,Yes,36.35,Yes,Yes,DSL,30,Yes,Yes,No,Yes,No,No,No,Yes,Month-to-Month,Yes,Credit Card,66.4,2727.8,0.0,0,1526.7,3,4,64.94761904761906,3773
Male,70,Yes,Yes,1,1,68,Offer A,Yes,20.31,Yes,Yes,Fiber Optic,13,No,Yes,Yes,No,No,No,No,Yes,Two Year,Yes,Bank Withdrawal,84.65,5683.6,0.0,0,1381.08,3,3,83.58235294117648,6404
Male,64,No,No,0,0,14,Offer D,Yes,8.54,No,No,No Internet,0,No,No,No,No,No,No,No,No,Month-to-Month,No,Credit Card,19.6,300.4,0.0,0,119.56,4,0,21.457142857142856,2847
Female,38,No,No,0,0,17,No Offer,Yes,25.62,No,No,No Internet,0,No,No,No,No,No,No,No,No,One Year,No,Bank Withdrawal,19.9,323.15,0.0,0,435.54,4,0,19.008823529411764,2093
Female,28,No,No,2,0,22,Offer D,Yes,43.97,No,No,No Internet,0,No,No,No,No,No,No,No,No,Month-to-Month,Yes,Bank Withdrawal,20.55,469.85,0.0,0,967.34,3,0,21.356818181818184,3169
Female,56,No,No,0,0,42,No Offer,Yes,23.25,No,No,No Internet,0,No,No,No,No,No,No,No,No,One Year,Yes,Credit Card,20.65,958.1,0.0,0,976.5,4,0,22.811904761904763,5956
Female,19,No,No,2,0,2,No Offer,Yes,9.12,No,Yes,Fiber Optic,51,No,No,No,No,No,No,No,Yes,Month-to-Month,Yes,Bank Withdrawal,70.7,151.65,0.0,0,18.24,2,1,75.825,2701
Male,48,No,Yes,2,6,2,Offer E,Yes,29.1,No,Yes,Fiber Optic,19,No,No,No,No,No,No,No,Yes,Month-to-Month,No,Credit Card,69.95,143.9,0.0,0,58.2,3,1,71.95,5010
Female,74,Yes,No,0,0,45,Offer B,Yes,34.12,Yes,Yes,Fiber Optic,15,No,No,Yes,No,Yes,Yes,No,Yes,One Year,Yes,Bank Withdrawal,102.15,4735.35,0.0,0,1535.4,4,4,105.23,5391
Female,27,No,No,0,0,1,No Offer,Yes,1.63,No,Yes,Fiber Optic,59,No,Yes,No,No,Yes,No,No,No,Month-to-Month,No,Bank Withdrawal,84.3,84.3,0.0,10,1.63,1,2,84.3,2172
Male,29,No,Yes,0,0,56,No Offer,Yes,48.87,No,No,No Internet,0,No,No,No,No,No,No,No,No,One Year,No,Credit Card,19.95,1126.75,0.0,0,2736.72,5,0,20.120535714285715,4838
Female,75,Yes,Yes,0,7,3,No Offer,No,0.0,No,Yes,DSL,3,No,Yes,No,No,No,No,No,Yes,Month-to-Month,Yes,Bank Withdrawal,30.75,82.85,0.0,0,0.0,5,2,27.616666666666664,4133
Female,65,Yes,No,0,0,18,No Offer,Yes,1.27,Yes,Yes,Fiber Optic,3,No,Yes,No,Yes,Yes,Yes,Yes,No,Month-to-Month,Yes,Credit Card,103.6,1806.35,0.0,10,22.86,4,5,100.35277777777777,2094
Male,19,No,Yes,2,7,11,No Offer,Yes,16.71,Yes,Yes,DSL,59,Yes,No,No,No,Yes,No,No,Yes,Month-to-Month,Yes,Bank Withdrawal,65.15,723.35,0.0,0,183.81,3,3,65.75909090909092,5942
Male,52,No,Yes,2,10,70,No Offer,Yes,49.67,No,Yes,Fiber Optic,19,Yes,Yes,Yes,Yes,Yes,No,No,Yes,Two Year,Yes,Credit Card,101.1,6994.8,0.0,0,3476.9,3,6,99.92571428571429,4226
Male,80,Yes,Yes,1,0,68,Offer A,Yes,32.11,Yes,Yes,Fiber Optic,12,No,No,Yes,Yes,Yes,Yes,No,No,One Year,Yes,Credit Card,107.15,7379.8,0.0,50,2183.48,5,4,108.5264705882353,4324
Male,69,Yes,No,0,0,4,Offer E,Yes,6.18,No,Yes,Fiber Optic,12,No,No,No,No,No,No,No,Yes,Month-to-Month,Yes,Bank Withdrawal,70.65,293.85,0.0,0,24.72,4,1,73.4625,4510
Male,32,No,Yes,0,1,1,Offer E,Yes,38.89,No,Yes,Fiber Optic,9,No,No,Yes,No,No,No,No,Yes,Month-to-Month,No,Credit Card,75.35,75.35,0.0,0,38.89,5,2,75.35,3514
Male,60,No,No,0,0,6,Offer E,Yes,20.11,No,Yes,DSL,5,Yes,No,No,No,No,Yes,Yes,Yes,Month-to-Month,Yes,Bank Withdrawal,59.15,336.7,0.0,0,120.66,3,4,56.11666666666667,3613
Male,60,No,No,0,0,1,No Offer,Yes,15.2,No,Yes,Fiber Optic,2,No,Yes,No,No,No,Yes,Yes,Yes,Month-to-Month,Yes,Bank Withdrawal,85.0,85.0,0.0,0,15.2,4,4,85.0,5754
Female,49,No,No,0,0,49,No Offer,Yes,11.11,No,Yes,Fiber Optic,27,No,No,Yes,Yes,Yes,Yes,Yes,Yes,Two Year,No,Credit Card,100.65,4917.75,0.0,0,544.39,3,6,100.36224489795919,5499
Female,53,No,Yes,0,2,49,No Offer,Yes,49.63,Yes,Yes,Fiber Optic,9,No,No,No,No,Yes,Yes,Yes,Yes,Month-to-Month,Yes,Bank Withdrawal,95.6,4783.5,0.0,0,2431.87,1,4,97.62244897959184,5732
Male,21,No,No,0,0,62,No Offer,No,0.0,No,Yes,DSL,51,Yes,Yes,Yes,Yes,No,No,No,Yes,Two Year,Yes,Bank Withdrawal,43.7,2618.3,0.0,0,0.0,4,5,42.230645161290326,5254
Female,47,No,No,0,0,23,No Offer,No,0.0,No,Yes,DSL,14,No,No,No,No,Yes,Yes,Yes,No,Month-to-Month,Yes,Bank Withdrawal,44.95,996.85,25.84,40,0.0,3,3,43.34130434782609,3248
Female,39,No,No,0,0,2,Offer E,Yes,41.64,No,Yes,DSL,25,No,No,Yes,Yes,Yes,Yes,Yes,Yes,Month-to-Month,No,Bank Withdrawal,76.4,160.8,0.0,0,83.28,2,6,80.4,3005
Male,51,No,Yes,0,1,8,No Offer,Yes,47.91,No,Yes,Fiber Optic,23,Yes,No,No,No,No,No,No,Yes,Month-to-Month,Yes,Bank Withdrawal,74.5,609.9,0.0,0,383.28,2,2,76.2375,3683
Female,45,No,Yes,1,5,69,Offer A,Yes,46.45,Yes,Yes,Fiber Optic,26,No,Yes,Yes,Yes,Yes,Yes,Yes,No,One Year,Yes,Bank Withdrawal,108.75,7493.05,0.0,100,3205.05,4,6,108.59492753623189,5874
Male,64,No,No,2,0,1,Offer E,No,0.0,No,Yes,Cable,17,No,No,No,No,No,No,No,Yes,Month-to-Month,No,Mailed Check,24.2,24.2,0.0,0,0.0,5,1,24.2,4276
Male,46,No,Yes,1,4,1,Offer E,Yes,45.77,No,No,No Internet,0,No,No,No,No,No,No,No,No,Month-to-Month,No,Mailed Check,19.9,19.9,0.0,0,45.77,1,0,19.9,5441
Male,21,No,No,3,0,6,Offer E,Yes,38.28,Yes,No,No Internet,0,No,No,No,No,No,No,No,No,Month-to-Month,No,Credit Card,26.35,184.05,0.0,0,229.68,3,0,30.675,2189
Male,53,No,No,0,0,1,No Offer,Yes,40.49,No,No,No Internet,0,No,No,No,No,No,No,No,No,Month-to-Month,Yes,Mailed Check,18.85,18.85,0.0,0,40.49,1,0,18.85,4132
Male,61,No,Yes,0,1,53,No Offer,No,0.0,No,Yes,DSL,13,No,Yes,Yes,Yes,Yes,Yes,Yes,Yes,One Year,Yes,Bank Withdrawal,60.45,3184.25,0.0,0,0.0,2,7,60.08018867924528,5650
Female,41,No,No,0,0,8,Offer E,Yes,15.86,No,No,No Internet,0,No,No,No,No,No,No,No,No,Two Year,No,Mailed Check,20.25,174.65,0.0,0,126.88,5,0,21.83125,2653
Female,69,Yes,Yes,0,1,24,No Offer,Yes,13.38,Yes,Yes,Fiber Optic,12,No,No,No,No,Yes,Yes,Yes,Yes,Month-to-Month,Yes,Bank Withdrawal,93.55,2264.05,0.0,0,321.12,2,4,94.33541666666667,4937
Female,20,No,No,0,0,1,Offer E,Yes,21.72,No,Yes,Fiber Optic,52,No,No,No,No,No,Yes,Yes,Yes,Month-to-Month,Yes,Bank Withdrawal,79.6,79.6,0.0,0,21.72,2,3,79.6,3108
Female,55,No,No,0,0,28,No Offer,Yes,25.59,No,Yes,Cable,7,No,Yes,No,Yes,No,No,No,Yes,Month-to-Month,No,Bank Withdrawal,54.65,1517.5,0.0,0,716.52,5,3,54.19642857142857,3185
Female,46,No,No,0,0,36,No Offer,No,0.0,No,Yes,Cable,9,Yes,Yes,Yes,Yes,No,Yes,Yes,Yes,Two Year,Yes,Credit Card,53.1,1901.25,0.0,0,0.0,3,7,52.8125,2751
Male,57,No,Yes,0,3,12,No Offer,Yes,18.26,No,Yes,Fiber Optic,18,Yes,No,No,Yes,No,No,No,Yes,Month-to-Month,No,Bank Withdrawal,80.85,866.45,23.72,0,219.12,1,3,72.20416666666667,4306
Male,50,No,No,0,0,1,No Offer,Yes,31.97,No,No,No Internet,0,No,No,No,No,No,No,No,No,Month-to-Month,No,Credit Card,20.35,20.35,0.0,0,31.97,5,0,20.35,2648
Male,40,No,No,0,0,24,No Offer,Yes,47.51,No,No,No Internet,0,No,No,No,No,No,No,No,No,Two Year,No,Credit Card,20.75,487.05,0.0,0,1140.24,3,0,20.29375,4117
Male,26,No,No,0,0,17,Offer D,Yes,35.88,No,Yes,Fiber Optic,52,No,No,No,No,No,No,No,Yes,Month-to-Month,Yes,Bank Withdrawal,70.8,1207.0,0.0,0,609.96,5,1,71.0,5420
Female,35,No,Yes,1,4,72,No Offer,Yes,30.0,Yes,Yes,DSL,19,Yes,Yes,Yes,Yes,Yes,Yes,Yes,Yes,Two Year,No,Bank Withdrawal,92.65,6733.0,0.0,0,2160.0,4,8,93.51388888888889,6342
Female,29,No,Yes,2,6,51,No Offer,Yes,2.53,No,Yes,Fiber Optic,71,Yes,Yes,No,No,No,No,No,Yes,Month-to-Month,Yes,Bank Withdrawal,79.15,4018.55,0.0,0,129.03,3,3,78.79509803921569,6321
Male,69,Yes,Yes,0,7,72,Offer A,Yes,5.27,No,Yes,DSL,9,Yes,Yes,Yes,Yes,Yes,No,No,No,Two Year,No,Bank Withdrawal,74.4,5360.75,0.0,140,379.44,4,5,74.45486111111111,5590
Male,48,No,No,1,0,27,Offer C,Yes,32.28,No,No,No Internet,0,No,No,No,No,No,No,No,No,Two Year,No,Credit Card,19.7,509.3,0.0,0,871.56,3,0,18.862962962962964,4052
Male,37,No,Yes,0,1,32,No Offer,Yes,5.99,No,Yes,Fiber Optic,5,No,No,No,No,No,No,No,Yes,Month-to-Month,Yes,Bank Withdrawal,69.75,2347.9,19.67,0,191.68,2,1,73.371875,2356
Male,66,Yes,No,0,0,72,Offer A,Yes,2.37,Yes,No,No Internet,0,No,No,No,No,No,No,No,No,Two Year,Yes,Credit Card,25.1,1789.9,0.0,0,170.64,5,0,24.859722222222224,5751
Female,32,No,No,0,0,29,No Offer,Yes,17.87,Yes,Yes,Cable,26,Yes,No,No,No,No,Yes,Yes,Yes,Month-to-Month,Yes,Bank Withdrawal,66.1,1912.15,0.0,0,518.23,3,4,65.93620689655172,5590
Female,35,No,Yes,0,1,48,Offer B,Yes,44.72,Yes,Yes,DSL,13,Yes,No,No,Yes,No,No,No,No,One Year,Yes,Bank Withdrawal,60.6,2985.25,0.0,100,2146.56,4,2,62.192708333333336,4077
Male,76,Yes,Yes,0,2,35,No Offer,Yes,4.16,Yes,Yes,Fiber Optic,28,No,No,Yes,No,No,No,No,Yes,One Year,Yes,Bank Withdrawal,81.6,2815.25,0.0,0,145.6,3,2,80.43571428571428,2300
Female,35,No,No,0,0,31,No Offer,No,0.0,No,Yes,DSL,10,Yes,Yes,No,Yes,No,Yes,Yes,Yes,Two Year,Yes,Bank Withdrawal,49.85,1520.1,0.0,0,0.0,3,6,49.03548387096774,2539
Female,60,No,No,0,0,2,No Offer,Yes,35.5,No,No,No Internet,0,No,No,No,No,No,No,No,No,Month-to-Month,No,Credit Card,20.1,39.8,0.0,0,71.0,5,0,19.9,2051
Female,31,No,No,0,0,27,Offer C,Yes,39.62,No,Yes,Fiber Optic,2,No,No,Yes,Yes,No,Yes,Yes,Yes,Month-to-Month,Yes,Bank Withdrawal,89.2,2383.6,0.0,0,1069.74,3,5,88.28148148148148,4384
Female,25,No,Yes,0,5,4,No Offer,Yes,48.48,No,Yes,Fiber Optic,58,No,No,Yes,No,No,No,Yes,Yes,Month-to-Month,Yes,Bank Withdrawal,73.75,325.45,0.0,0,193.92,1,3,81.3625,5026
Female,55,No,Yes,1,5,69,No Offer,Yes,20.98,Yes,No,No Internet,0,No,No,No,No,No,No,No,No,Two Year,Yes,Bank Withdrawal,25.6,1673.4,28.09,0,1447.62,4,0,24.252173913043478,6053
Male,64,No,Yes,0,9,72,No Offer,Yes,16.58,Yes,Yes,DSL,30,Yes,Yes,Yes,No,Yes,Yes,Yes,Yes,Two Year,Yes,Bank Withdrawal,85.25,6083.1,0.0,0,1193.76,3,7,84.48750000000001,6275
Male,63,No,No,0,0,48,No Offer,Yes,32.04,No,No,No Internet,0,No,No,No,No,No,No,No,No,Two Year,No,Credit Card,19.85,916.0,0.0,0,1537.92,5,0,19.083333333333332,3779
Male,67,Yes,No,0,0,34,Offer C,Yes,13.56,No,Yes,Fiber Optic,30,No,No,No,No,No,No,No,Yes,Two Year,No,Credit Card,69.15,2275.1,0.0,0,461.04,3,1,66.91470588235293,4478
Female,42,No,Yes,2,4,64,No Offer,Yes,13.95,Yes,Yes,Fiber Optic,11,Yes,No,No,Yes,Yes,Yes,Yes,Yes,One Year,Yes,Bank Withdrawal,104.4,6721.6,0.0,0,892.8,4,6,105.025,5133
Male,31,No,No,0,0,28,Offer C,Yes,12.36,Yes,Yes,Fiber Optic,13,No,Yes,No,No,Yes,Yes,Yes,Yes,One Year,No,Bank Withdrawal,100.2,2688.45,42.64,0,346.08,3,5,96.01607142857142,5137
Female,32,No,Yes,2,1,29,No Offer,Yes,33.62,No,Yes,Fiber Optic,13,No,No,No,No,Yes,Yes,Yes,Yes,Month-to-Month,Yes,Credit Card,87.8,2621.75,0.0,0,974.98,4,4,90.40517241379311,4780
Female,73,Yes,Yes,0,3,47,No Offer,Yes,2.98,Yes,Yes,Fiber Optic,7,No,No,Yes,No,Yes,Yes,Yes,No,Month-to-Month,No,Bank Withdrawal,99.7,4747.2,0.0,140,140.06,3,4,101.00425531914894,4787
Male,37,No,Yes,0,0,50,No Offer,Yes,20.88,Yes,Yes,Fiber Optic,13,Yes,No,Yes,No,Yes,Yes,Yes,Yes,Month-to-Month,No,Credit Card,105.95,5341.8,0.0,0,1044.0,1,6,106.836,5536
Female,30,No,Yes,0,2,42,Offer B,Yes,10.79,Yes,Yes,Cable,41,No,No,No,No,No,No,No,Yes,Month-to-Month,Yes,Bank Withdrawal,50.25,2203.65,28.49,0,453.18,2,1,52.46785714285714,4873
Male,46,No,No,0,0,59,No Offer,Yes,9.7,No,Yes,DSL,6,No,No,Yes,No,No,Yes,Yes,Yes,One Year,Yes,Bank Withdrawal,61.35,3645.5,0.0,0,572.3,3,4,61.78813559322034,6250
Male,57,No,No,2,0,66,No Offer,Yes,20.63,No,No,No Internet,0,No,No,No,No,No,No,No,No,Two Year,No,Credit Card,20.55,1357.1,17.14,0,1361.58,4,0,20.562121212121212,4101
Female,41,No,Yes,0,1,66,Offer A,Yes,48.77,Yes,Yes,Fiber Optic,12,No,Yes,Yes,No,Yes,Yes,Yes,No,One Year,Yes,Credit Card,102.45,6615.15,0.0,130,3218.82,1,5,100.22954545454544,4688
Male,32,No,No,0,0,1,No Offer,Yes,39.3,No,Yes,DSL,26,Yes,No,No,No,No,No,No,Yes,Month-to-Month,No,Credit Card,51.25,51.25,0.0,0,39.3,4,2,51.25,4483
Female,78,Yes,No,0,0,72,Offer A,Yes,14.94,Yes,Yes,Fiber Optic,30,Yes,Yes,Yes,Yes,Yes,Yes,Yes,Yes,Two Year,Yes,Credit Card,117.35,8436.25,0.0,0,1075.68,4,8,117.17013888888889,4008
Male,27,No,Yes,0,0,50,No Offer,Yes,23.28,Yes,Yes,Fiber Optic,51,Yes,No,Yes,No,Yes,Yes,Yes,Yes,One Year,Yes,Bank Withdrawal,103.95,5231.3,0.0,0,1164.0,3,6,104.626,4363
Female,57,No,No,0,0,14,Offer D,Yes,10.3,No,Yes,Fiber Optic,29,No,No,No,No,Yes,Yes,Yes,Yes,Month-to-Month,Yes,Credit Card,89.8,1129.1,0.0,0,144.2,1,4,80.64999999999999,4107
Male,43,No,No,0,0,62,No Offer,Yes,48.93,Yes,No,No Internet,0,No,No,No,No,No,No,No,No,Two Year,No,Bank Withdrawal,23.4,1429.65,0.0,0,3033.66,4,0,23.058870967741935,5822
Male,53,No,No,0,0,15,No Offer,Yes,16.13,No,No,No Internet,0,No,No,No,No,No,No,No,No,Month-to-Month,Yes,Mailed Check,19.8,309.4,0.0,0,241.95,5,0,20.626666666666665,2681
Female,50,No,Yes,2,6,70,Offer A,Yes,4.11,Yes,Yes,Cable,16,Yes,Yes,Yes,Yes,Yes,No,No,Yes,Two Year,No,Bank Withdrawal,80.7,5617.95,0.0,0,287.7,4,6,80.25642857142857,4412
Female,60,No,No,0,0,61,Offer B,Yes,14.52,Yes,Yes,Fiber Optic,27,No,No,Yes,No,No,Yes,Yes,Yes,Month-to-Month,No,Credit Card,89.2,5500.6,0.0,0,885.72,3,4,90.17377049180328,5536
Male,56,No,Yes,0,4,68,No Offer,Yes,11.94,No,Yes,DSL,3,Yes,Yes,Yes,No,No,Yes,Yes,Yes,Two Year,No,Bank Withdrawal,70.95,4741.45,0.0,0,811.92,3,6,69.72720588235293,5036
Female,30,No,No,0,0,2,No Offer,Yes,16.7,No,No,No Internet,0,No,No,No,No,No,No,No,No,Month-to-Month,Yes,Mailed Check,20.55,33.6,0.0,0,33.4,3,0,16.8,5629
Female,55,No,Yes,3,1,6,Offer E,Yes,14.51,No,Yes,Cable,20,Yes,Yes,No,No,No,No,No,No,Month-to-Month,No,Credit Card,55.9,365.35,0.0,30,87.06,1,2,60.89166666666667,4914
Female,57,No,No,0,0,52,Offer B,Yes,22.55,No,No,No Internet,0,No,No,No,No,No,No,No,No,One Year,No,Mailed Check,20.65,1022.95,0.0,0,1172.6,4,0,19.672115384615385,5186
Male,78,Yes,No,0,0,64,Offer B,Yes,19.2,Yes,Yes,Fiber Optic,18,Yes,Yes,No,No,Yes,Yes,Yes,Yes,Month-to-Month,Yes,Bank Withdrawal,103.5,6548.65,0.0,0,1228.8,3,6,102.32265625,5125
Male,64,No,Yes,0,2,9,Offer E,No,0.0,No,Yes,DSL,26,No,No,No,Yes,Yes,No,No,Yes,Month-to-Month,No,Mailed Check,40.65,328.95,0.0,0,0.0,1,3,36.55,4800
Female,24,No,No,0,0,1,Offer E,Yes,26.12,No,No,No Internet,0,No,No,No,No,No,No,No,No,Month-to-Month,No,Credit Card,20.5,20.5,0.0,0,26.12,2,0,20.5,3820
Male,44,No,Yes,0,1,24,No Offer,Yes,34.62,Yes,Yes,Fiber Optic,23,No,No,Yes,No,Yes,Yes,Yes,Yes,Month-to-Month,Yes,Bank Withdrawal,101.05,2391.8,0.0,0,830.88,1,5,99.65833333333335,4766
Female,63,No,Yes,1,1,72,Offer A,Yes,31.83,Yes,Yes,Fiber Optic,14,Yes,Yes,Yes,Yes,Yes,Yes,Yes,Yes,Two Year,Yes,Bank Withdrawal,116.85,8477.7,0.0,0,2291.76,3,8,117.74583333333334,4055
Female,55,No,No,0,0,36,Offer C,Yes,29.27,Yes,Yes,DSL,9,No,Yes,No,Yes,No,Yes,Yes,No,One Year,Yes,Credit Card,70.7,2511.95,0.0,60,1053.72,3,4,69.77638888888889,3566
Male,70,Yes,Yes,3,4,60,No Offer,Yes,19.68,Yes,Yes,Fiber Optic,53,Yes,Yes,No,No,No,Yes,No,Yes,One Year,Yes,Bank Withdrawal,93.25,5774.55,0.0,0,1180.8,3,4,96.2425,4353
Male,64,No,No,0,0,1,No Offer,Yes,24.48,Yes,Yes,Fiber Optic,24,No,Yes,No,No,No,No,No,Yes,Month-to-Month,Yes,Bank Withdrawal,79.15,79.15,0.0,0,24.48,1,2,79.15,4243
Female,49,No,No,0,0,66,Offer A,Yes,19.68,Yes,Yes,Fiber Optic,28,No,No,Yes,No,Yes,No,No,Yes,One Year,Yes,Bank Withdrawal,92.15,6056.9,0.0,0,1298.88,4,3,91.77121212121212,4928
Male,61,No,No,0,0,46,Offer B,Yes,30.25,No,No,No Internet,0,No,No,No,No,No,No,No,No,Two Year,No,Bank Withdrawal,20.05,902.0,0.0,0,1391.5,5,0,19.608695652173914,2942
Male,21,No,No,0,0,2,Offer E,No,0.0,No,Yes,DSL,51,No,No,Yes,No,Yes,Yes,Yes,Yes,Month-to-Month,Yes,Bank Withdrawal,49.25,90.35,0.0,0,0.0,3,5,45.175,5775
Male,36,No,No,0,0,72,No Offer,No,0.0,No,Yes,Cable,9,Yes,Yes,Yes,Yes,Yes,Yes,Yes,Yes,Two Year,Yes,Bank Withdrawal,65.6,4566.5,0.0,0,0.0,3,8,63.423611111111114,4369
Male,51,No,Yes,0,1,70,Offer A,Yes,17.17,Yes,Yes,Fiber Optic,20,Yes,Yes,Yes,Yes,Yes,Yes,Yes,No,One Year,No,Credit Card,115.65,7968.85,0.0,10,1201.9,2,7,113.84071428571428,5563
Male,57,No,No,0,0,3,Offer E,Yes,21.86,Yes,Yes,Fiber Optic,6,No,No,Yes,No,Yes,Yes,Yes,Yes,Month-to-Month,Yes,Bank Withdrawal,101.55,298.35,0.0,0,65.58,3,5,99.45,4480
Male,29,No,No,0,0,3,Offer E,Yes,32.01,No,No,No Internet,0,No,No,No,No,No,No,No,No,Month-to-Month,No,Mailed Check,19.85,64.55,0.0,0,96.03,1,0,21.516666666666666,2158
Male,19,No,No,0,0,33,No Offer,Yes,45.72,No,Yes,Cable,51,No,Yes,Yes,No,Yes,No,Yes,No,Month-to-Month,Yes,Credit Card,66.4,2245.4,0.0,0,1508.76,5,4,68.04242424242425,3843
Female,43,No,No,0,0,8,No Offer,Yes,46.78,No,Yes,DSL,24,Yes,No,No,No,Yes,No,No,Yes,Month-to-Month,Yes,Bank Withdrawal,60.0,487.75,0.0,0,374.24,3,3,60.96875,5862
Male,49,No,No,0,0,10,No Offer,Yes,33.75,Yes,Yes,DSL,11,No,No,No,No,Yes,Yes,Yes,No,Month-to-Month,Yes,Credit Card,72.15,794.25,0.0,80,337.5,2,3,79.425,2457
Female,50,No,Yes,0,3,39,No Offer,No,0.0,No,Yes,DSL,13,Yes,No,Yes,No,Yes,Yes,Yes,Yes,Month-to-Month,No,Bank Withdrawal,55.9,2184.35,0.0,0,0.0,1,6,56.008974358974356,5632
Male,74,Yes,No,0,0,9,No Offer,Yes,7.11,No,Yes,DSL,12,No,No,No,Yes,No,No,No,Yes,Two Year,No,Mailed Check,49.2,447.9,0.0,0,63.99,4,2,49.766666666666666,2145
Male,29,No,Yes,1,9,72,Offer A,Yes,27.16,No,No,No Internet,0,No,No,No,No,No,No,No,No,Two Year,No,Bank Withdrawal,20.3,1401.15,0.0,0,1955.52,3,0,19.460416666666667,5265
Female,72,Yes,No,0,0,40,No Offer,No,0.0,No,Yes,Cable,6,Yes,Yes,No,No,Yes,Yes,Yes,No,Month-to-Month,Yes,Bank Withdrawal,55.8,2109.35,0.0,80,0.0,1,5,52.73375,4272
Female,47,No,Yes,2,8,62,Offer B,Yes,15.05,Yes,Yes,Fiber Optic,23,No,Yes,No,Yes,Yes,Yes,Yes,Yes,One Year,Yes,Credit Card,106.05,6703.5,0.0,0,933.1,4,6,108.12096774193549,6361
Male,55,No,No,0,0,1,No Offer,Yes,38.21,No,Yes,Cable,13,Yes,No,No,No,No,No,No,Yes,Month-to-Month,Yes,Credit Card,49.8,49.8,0.0,0,38.21,3,2,49.8,2978
Male,57,No,Yes,0,1,14,Offer D,Yes,44.95,No,Yes,DSL,19,No,No,No,No,No,No,No,Yes,One Year,No,Bank Withdrawal,44.6,641.25,0.0,0,629.3,3,1,45.80357142857143,4612
Male,79,Yes,Yes,0,1,71,No Offer,Yes,44.66,Yes,Yes,Fiber Optic,8,Yes,Yes,No,No,Yes,Yes,Yes,Yes,Month-to-Month,Yes,Credit Card,105.1,7548.1,0.0,0,3170.86,1,6,106.3112676056338,5725
Male,31,No,Yes,0,1,67,Offer A,Yes,30.75,No,Yes,Fiber Optic,5,Yes,Yes,No,No,No,Yes,Yes,Yes,One Year,Yes,Credit Card,90.6,6056.15,0.0,0,2060.25,1,5,90.39029850746267,4394
Male,48,No,Yes,0,8,60,Offer B,Yes,19.22,Yes,Yes,Fiber Optic,4,No,Yes,Yes,No,Yes,Yes,Yes,Yes,One Year,No,Bank Withdrawal,102.5,6157.6,0.0,0,1153.2,5,6,102.62666666666668,4968
Male,50,No,No,0,0,1,Offer E,Yes,16.34,No,Yes,DSL,4,No,No,No,No,No,No,No,Yes,Month-to-Month,Yes,Mailed Check,45.55,45.55,0.0,0,16.34,4,1,45.55,3173
Female,51,No,No,0,0,1,No Offer,Yes,10.08,No,Yes,Fiber Optic,18,No,No,No,No,No,No,No,Yes,Month-to-Month,Yes,Bank Withdrawal,69.2,69.2,0.0,0,10.08,2,1,69.2,2637
Male,66,Yes,Yes,0,1,23,No Offer,Yes,42.59,Yes,Yes,Fiber Optic,2,No,No,No,No,No,Yes,Yes,Yes,One Year,No,Bank Withdrawal,86.8,1975.85,0.0,0,979.57,3,3,85.90652173913043,5788
Female,27,No,Yes,0,1,69,No Offer,Yes,2.73,No,Yes,DSL,69,No,Yes,No,No,No,Yes,Yes,Yes,Two Year,Yes,Credit Card,61.45,4131.2,0.0,0,188.37,5,4,59.87246376811594,4162
Male,66,Yes,No,0,0,8,No Offer,Yes,5.02,Yes,Yes,Fiber Optic,26,No,No,Yes,No,No,No,No,Yes,Month-to-Month,Yes,Bank Withdrawal,81.25,585.95,0.0,0,40.16,1,2,73.24375,3812
Female,19,No,Yes,0,2,16,Offer D,Yes,27.83,Yes,Yes,Fiber Optic,52,Yes,Yes,Yes,No,No,No,Yes,Yes,Month-to-Month,No,Bank Withdrawal,90.7,1374.9,0.0,0,445.28,3,5,85.93125,4839
Female,69,Yes,Yes,0,8,72,Offer A,Yes,15.85,Yes,Yes,Fiber Optic,2,No,Yes,Yes,Yes,Yes,Yes,No,Yes,Two Year,Yes,Credit Card,110.8,7882.25,0.0,0,1141.2,5,6,109.47569444444444,5933
Female,25,No,Yes,0,1,7,Offer E,Yes,8.95,No,Yes,Fiber Optic,73,No,No,No,No,No,No,Yes,Yes,Month-to-Month,Yes,Bank Withdrawal,69.0,506.9,0.0,0,62.65,2,2,72.41428571428571,5672
Female,20,No,Yes,0,5,23,Offer D,Yes,14.53,Yes,Yes,Cable,48,No,No,No,Yes,Yes,Yes,Yes,Yes,Month-to-Month,Yes,Credit Card,73.65,1642.75,0.0,0,334.19,5,5,71.42391304347827,2590
Male,41,No,No,1,0,12,Offer D,Yes,27.07,No,Yes,Cable,29,Yes,No,No,No,Yes,Yes,Yes,Yes,Month-to-Month,Yes,Mailed Check,69.85,837.5,0.0,0,324.84,3,5,69.79166666666667,5796
Male,46,No,Yes,2,2,55,No Offer,Yes,24.7,No,No,No Internet,0,No,No,No,No,No,No,No,No,Two Year,No,Bank Withdrawal,19.35,1153.25,0.0,0,1358.5,3,0,20.96818181818182,5248
Male,34,No,No,0,0,60,No Offer,Yes,7.1,Yes,Yes,Fiber Optic,10,No,No,Yes,No,Yes,No,No,Yes,Two Year,Yes,Bank Withdrawal,89.55,5231.2,0.0,0,426.0,5,3,87.18666666666667,5874
Female,24,No,Yes,0,5,40,Offer B,Yes,22.2,Yes,Yes,Fiber Optic,76,Yes,No,Yes,No,Yes,Yes,Yes,Yes,One Year,No,Bank Withdrawal,105.75,4228.55,0.0,0,888.0,4,6,105.71375,4078
Female,36,No,No,0,0,4,No Offer,Yes,23.5,Yes,Yes,Fiber Optic,22,No,No,No,No,No,No,No,Yes,Month-to-Month,Yes,Bank Withdrawal,75.65,302.35,0.0,0,94.0,5,1,75.5875,5396
Male,23,No,Yes,0,8,72,Offer A,Yes,35.07,No,Yes,Cable,53,Yes,No,Yes,Yes,Yes,Yes,Yes,Yes,Two Year,Yes,Bank Withdrawal,80.8,5728.55,0.0,0,2525.04,5,7,79.56319444444445,4689
Male,32,No,Yes,0,8,47,Offer B,Yes,39.52,Yes,Yes,Fiber Optic,30,No,Yes,No,No,No,No,No,Yes,One Year,Yes,Bank Withdrawal,78.9,3650.35,0.0,0,1857.44,5,2,77.66702127659575,3817
Male,38,No,Yes,0,3,58,Offer B,Yes,22.14,Yes,Yes,DSL,2,Yes,Yes,Yes,No,Yes,Yes,Yes,No,Two Year,Yes,Bank Withdrawal,86.1,4890.5,0.0,110,1284.12,3,6,84.31896551724138,5666
Female,42,No,Yes,0,10,26,Offer C,Yes,1.75,No,No,No Internet,0,No,No,No,No,No,No,No,No,One Year,No,Credit Card,19.2,459.6,0.0,0,45.5,3,0,17.676923076923078,3656
Male,47,No,Yes,0,1,20,No Offer,Yes,16.49,No,Yes,Fiber Optic,8,No,No,No,No,No,No,No,Yes,Month-to-Month,Yes,Bank Withdrawal,70.45,1470.95,0.0,0,329.8,1,1,73.5475,4773
Male,68,Yes,Yes,0,4,62,No Offer,Yes,4.76,Yes,Yes,Fiber Optic,3,Yes,Yes,Yes,No,No,No,No,Yes,Month-to-Month,Yes,Bank Withdrawal,89.1,5618.3,0.0,0,295.12,4,4,90.61774193548388,4415
Male,61,No,Yes,0,7,70,Offer A,Yes,9.03,Yes,No,No Internet,0,No,No,No,No,No,No,No,No,Two Year,No,Bank Withdrawal,25.15,1940.85,0.0,0,632.1,4,0,27.72642857142857,4279
Female,37,No,No,2,0,17,No Offer,Yes,49.78,Yes,Yes,Fiber Optic,19,No,Yes,Yes,Yes,No,No,No,Yes,Month-to-Month,Yes,Credit Card,92.7,1556.85,0.0,0,846.26,4,4,91.57941176470588,2347
Female,58,No,Yes,1,2,56,Offer B,Yes,48.56,No,No,No Internet,0,No,No,No,No,No,No,No,No,Two Year,Yes,Credit Card,19.8,1119.9,0.0,0,2719.36,3,0,19.998214285714287,4681
Male,19,No,No,0,0,69,Offer A,Yes,42.49,No,No,No Internet,0,No,No,No,No,No,No,No,No,Two Year,Yes,Credit Card,19.1,1268.85,0.0,0,2931.81,3,0,18.389130434782608,4535
Male,62,No,Yes,0,1,31,No Offer,Yes,2.12,Yes,Yes,Fiber Optic,17,No,Yes,Yes,No,Yes,No,No,No,Month-to-Month,No,Bank Withdrawal,93.8,3019.5,0.0,50,65.72,1,3,97.40322580645162,4115
Female,79,Yes,Yes,0,2,42,No Offer,Yes,35.38,Yes,Yes,Fiber Optic,7,Yes,No,Yes,No,Yes,Yes,Yes,Yes,One Year,Yes,Bank Withdrawal,105.2,4599.15,40.46,0,1485.96,3,6,109.50357142857142,5573
Female,69,Yes,Yes,0,9,64,No Offer,Yes,3.76,No,Yes,Fiber Optic,11,Yes,Yes,Yes,No,No,Yes,No,Yes,One Year,No,Bank Withdrawal,97.0,6430.9,0.0,0,240.64,3,5,100.4828125,4053
Female,22,No,Yes,0,9,70,No Offer,No,0.0,No,Yes,Cable,85,No,Yes,Yes,Yes,Yes,Yes,Yes,Yes,Two Year,No,Bank Withdrawal,57.8,4039.3,1.01,0,0.0,4,7,57.70428571428572,5640
Female,20,No,No,0,0,41,No Offer,Yes,36.7,Yes,Yes,Fiber Optic,59,Yes,Yes,Yes,Yes,Yes,No,No,Yes,Month-to-Month,Yes,Bank Withdrawal,106.5,4282.4,0.0,0,1504.7,4,6,104.44878048780487,4434
Male,76,Yes,Yes,0,2,32,Offer C,Yes,47.34,Yes,Yes,Fiber Optic,10,No,No,No,No,No,No,No,Yes,Month-to-Month,Yes,Bank Withdrawal,74.9,2303.35,0.0,0,1514.88,2,1,71.9796875,4105
Male,49,No,No,0,0,58,No Offer,Yes,29.31,No,No,No Internet,0,No,No,No,No,No,No,No,No,Two Year,Yes,Bank Withdrawal,19.15,1035.5,28.7,0,1699.98,5,0,17.853448275862068,6339
Male,44,No,Yes,0,1,38,No Offer,Yes,35.61,No,Yes,Fiber Optic,13,Yes,Yes,No,No,No,No,No,No,Month-to-Month,Yes,Bank Withdrawal,79.45,3013.05,9.36,40,1353.18,1,2,79.29078947368421,2405
Male,32,No,Yes,0,7,28,Offer C,Yes,28.86,No,Yes,Cable,24,Yes,Yes,No,Yes,No,No,No,Yes,Month-to-Month,No,Mailed Check,60.9,1785.65,0.0,0,808.08,3,4,63.77321428571429,3851
Male,40,No,Yes,3,0,65,Offer B,Yes,39.52,Yes,Yes,Fiber Optic,57,No,No,Yes,Yes,Yes,Yes,Yes,Yes,Two Year,Yes,Bank Withdrawal,104.1,6700.05,0.0,0,2568.8,4,6,103.07769230769232,4024
Male,48,No,Yes,0,3,14,No Offer,Yes,22.14,Yes,Yes,DSL,11,No,No,No,Yes,Yes,No,No,Yes,Month-to-Month,Yes,Credit Card,66.6,979.5,0.0,0,309.96,3,3,69.96428571428571,3516
Male,55,No,No,0,0,19,Offer D,Yes,4.3,No,Yes,Cable,23,No,No,Yes,Yes,No,No,No,No,Month-to-Month,Yes,Credit Card,55.0,1046.5,0.0,30,81.7,2,2,55.078947368421055,4539
Female,51,No,Yes,0,1,72,Offer A,No,0.0,No,Yes,Cable,15,No,Yes,Yes,No,Yes,Yes,Yes,Yes,Two Year,Yes,Bank Withdrawal,54.2,3937.45,0.0,0,0.0,3,6,54.68680555555555,4481
Male,27,No,Yes,1,7,47,Offer B,No,0.0,No,Yes,DSL,47,Yes,No,Yes,Yes,No,No,No,Yes,One Year,No,Bank Withdrawal,40.3,1794.8,0.0,0,0.0,3,4,38.18723404255319,5040
Female,57,No,Yes,2,2,2,No Offer,Yes,35.42,No,No,No Internet,0,No,No,No,No,No,No,No,No,One Year,No,Credit Card,20.3,31.9,0.0,0,70.84,3,0,15.95,2843
Male,45,No,Yes,2,2,62,No Offer,Yes,1.87,No,No,No Internet,0,No,No,No,No,No,No,No,No,Two Year,No,Bank Withdrawal,20.45,1297.35,0.0,0,115.94,4,0,20.924999999999997,5746
Female,30,No,Yes,0,1,19,No Offer,Yes,45.37,Yes,Yes,Fiber Optic,52,No,Yes,No,No,No,Yes,Yes,Yes,Month-to-Month,Yes,Bank Withdrawal,89.1,1620.8,0.0,0,862.03,5,4,85.30526315789473,3624
Female,20,No,Yes,2,8,5,No Offer,Yes,47.91,No,Yes,Fiber Optic,73,No,No,No,No,Yes,No,No,Yes,Month-to-Month,Yes,Bank Withdrawal,80.85,356.1,0.0,0,239.55,5,2,71.22,5109
Male,36,No,Yes,0,1,70,Offer A,Yes,28.54,Yes,No,No Internet,0,No,No,No,No,No,No,No,No,Two Year,No,Bank Withdrawal,24.25,1724.15,0.0,0,1997.8,4,0,24.630714285714287,4118
Female,37,No,No,0,0,1,No Offer,No,0.0,No,Yes,Cable,13,No,No,No,No,No,No,No,Yes,Month-to-Month,Yes,Credit Card,24.9,24.9,0.0,0,0.0,4,1,24.9,5318
Male,49,No,No,0,0,1,No Offer,Yes,5.93,No,Yes,Fiber Optic,19,No,No,No,No,Yes,No,No,No,Month-to-Month,Yes,Bank Withdrawal,80.55,80.55,0.0,60,5.93,4,1,80.55,3154
Male,27,No,No,0,0,37,No Offer,Yes,30.72,Yes,Yes,Fiber Optic,42,No,No,No,Yes,Yes,Yes,Yes,Yes,Month-to-Month,No,Bank Withdrawal,98.8,3475.55,0.0,0,1136.64,1,5,93.9337837837838,3066
Female,32,No,Yes,0,0,20,Offer D,Yes,28.57,No,Yes,Fiber Optic,15,Yes,Yes,No,Yes,Yes,No,No,Yes,Month-to-Month,Yes,Bank Withdrawal,96.55,1901.65,0.0,0,571.4,3,5,95.08250000000001,4382
Female,37,No,Yes,1,6,63,Offer B,Yes,25.32,No,Yes,DSL,11,Yes,No,No,No,No,No,No,Yes,Two Year,Yes,Bank Withdrawal,50.65,3221.25,37.04,0,1595.16,3,2,51.13095238095238,4847
Male,54,No,Yes,1,1,46,No Offer,Yes,45.92,No,No,No Internet,0,No,No,No,No,No,No,No,No,Two Year,Yes,Credit Card,20.2,917.45,0.0,0,2112.32,3,0,19.944565217391304,3136
Female,48,No,No,0,0,29,Offer C,Yes,13.74,Yes,Yes,DSL,2,Yes,Yes,No,Yes,No,No,No,Yes,Month-to-Month,No,Credit Card,67.45,1801.1,0.0,0,398.46,3,4,62.106896551724134,3152
Male,51,No,No,0,0,32,No Offer,Yes,37.04,Yes,Yes,Fiber Optic,28,No,No,No,No,No,Yes,Yes,Yes,Month-to-Month,Yes,Bank Withdrawal,85.65,2664.3,0.0,0,1185.28,3,3,83.259375,2383
Male,76,Yes,Yes,2,5,71,Offer A,Yes,30.16,No,Yes,Fiber Optic,19,Yes,Yes,Yes,No,No,No,No,Yes,One Year,Yes,Bank Withdrawal,86.7,6179.35,0.0,0,2141.36,3,4,87.0330985915493,4485
Female,49,No,Yes,1,8,30,Offer C,Yes,11.6,No,No,No Internet,0,No,No,No,No,No,No,No,No,Two Year,No,Credit Card,19.3,602.9,0.0,0,348.0,4,0,20.096666666666668,4453
Male,54,No,Yes,2,3,72,Offer A,Yes,47.69,Yes,No,No Internet,0,No,No,No,No,No,No,No,No,Two Year,No,Credit Card,24.75,1859.1,0.0,0,3433.68,4,0,25.820833333333333,4185
Female,62,No,No,0,0,27,No Offer,Yes,35.77,No,No,No Internet,0,No,No,No,No,No,No,No,No,Two Year,Yes,Bank Withdrawal,20.25,538.2,0.0,0,965.79,3,0,19.933333333333334,5250
Male,39,No,Yes,0,4,68,Offer A,Yes,38.38,Yes,Yes,DSL,20,Yes,Yes,Yes,Yes,Yes,Yes,Yes,Yes,Two Year,Yes,Credit Card,92.2,6392.85,0.0,0,2609.84,3,8,94.0125,4451
Male,25,No,No,0,0,1,No Offer,Yes,47.22,No,Yes,Cable,53,No,No,No,No,No,Yes,Yes,Yes,Month-to-Month,Yes,Bank Withdrawal,55.0,55.0,0.0,0,47.22,1,3,55.0,4877
Male,65,Yes,Yes,0,1,39,No Offer,Yes,33.25,Yes,Yes,Fiber Optic,26,No,Yes,Yes,No,Yes,Yes,Yes,Yes,Month-to-Month,Yes,Bank Withdrawal,105.65,4284.8,0.0,0,1296.75,3,6,109.86666666666667,4687
Female,36,No,No,0,0,15,No Offer,Yes,23.56,No,No,No Internet,0,No,No,No,No,No,No,No,No,One Year,No,Credit Card,19.65,270.6,0.0,0,353.4,5,0,18.040000000000003,4818
Female,30,No,No,0,0,7,No Offer,Yes,48.16,No,Yes,DSL,85,No,No,No,No,Yes,Yes,Yes,Yes,Month-to-Month,Yes,Bank Withdrawal,66.85,458.1,0.0,0,337.12,4,4,65.44285714285715,4858
Male,22,No,No,0,0,10,No Offer,Yes,17.98,Yes,Yes,Fiber Optic,26,No,No,No,No,No,No,No,Yes,Month-to-Month,No,Bank Withdrawal,75.05,786.3,0.0,0,179.8,4,1,78.63,3399
Male,71,Yes,No,0,0,10,Offer D,Yes,41.37,Yes,Yes,Fiber Optic,14,No,No,No,No,Yes,Yes,No,Yes,Month-to-Month,Yes,Bank Withdrawal,95.35,898.35,0.0,0,413.7,1,3,89.83500000000001,5353
Female,61,No,No,0,0,32,Offer C,Yes,35.97,No,No,No Internet,0,No,No,No,No,No,No,No,No,One Year,No,Bank Withdrawal,20.55,654.55,0.0,0,1151.04,3,0,20.4546875,5358
Female,44,No,No,1,0,14,Offer D,Yes,44.14,No,Yes,DSL,24,No,No,Yes,No,Yes,No,No,Yes,Month-to-Month,Yes,Credit Card,59.8,824.85,0.0,0,617.96,4,3,58.917857142857144,5962
Female,38,No,Yes,3,5,4,No Offer,Yes,42.71,No,Yes,DSL,56,No,Yes,No,Yes,No,No,No,Yes,Month-to-Month,No,Credit Card,56.5,235.1,0.0,0,170.84,2,3,58.775,5758
Female,44,No,Yes,0,1,8,Offer E,Yes,46.13,No,No,No Internet,0,No,No,No,No,No,No,No,No,One Year,Yes,Credit Card,19.75,145.0,0.0,0,369.04,3,0,18.125,2247
Male,32,No,No,0,0,2,Offer E,Yes,15.16,No,No,No Internet,0,No,No,No,No,No,No,No,No,Month-to-Month,No,Credit Card,19.4,50.6,0.0,0,30.32,5,0,25.3,3954
Male,32,No,Yes,0,7,40,No Offer,Yes,24.3,No,Yes,DSL,28,No,Yes,No,No,No,No,No,Yes,Month-to-Month,Yes,Credit Card,50.15,2058.5,37.03,0,972.0,4,2,51.4625,2454
Female,21,No,Yes,0,1,54,Offer B,Yes,2.18,Yes,Yes,Fiber Optic,71,No,Yes,Yes,Yes,Yes,Yes,Yes,Yes,One Year,No,Bank Withdrawal,110.35,5893.15,0.0,0,117.72,1,7,109.1324074074074,6189
Male,45,No,Yes,2,9,60,No Offer,Yes,32.12,No,No,No Internet,0,No,No,No,No,No,No,No,No,Two Year,Yes,Bank Withdrawal,20.95,1270.55,0.0,0,1927.2,5,0,21.175833333333333,4425
Female,27,No,No,0,0,1,No Offer,Yes,45.86,No,No,No Internet,0,No,No,No,No,No,No,No,No,Month-to-Month,No,Bank Withdrawal,20.7,20.7,0.0,0,45.86,5,0,20.7,3061
Male,46,No,Yes,0,9,31,No Offer,Yes,29.77,Yes,Yes,Fiber Optic,12,No,No,Yes,No,Yes,No,No,Yes,Month-to-Month,No,Credit Card,88.65,2683.2,0.0,0,922.87,4,3,86.55483870967741,4821
Female,27,No,Yes,0,8,2,Offer E,Yes,36.05,No,No,No Internet,0,No,No,No,No,No,No,No,No,Month-to-Month,No,Bank Withdrawal,19.85,52.0,0.0,0,72.1,5,0,26.0,4107
Male,46,No,Yes,2,7,51,No Offer,Yes,16.85,Yes,No,No Internet,0,No,No,No,No,No,No,No,No,Two Year,Yes,Credit Card,24.95,1222.25,0.0,0,859.35,4,0,23.965686274509803,5461
Female,33,No,Yes,2,0,71,Offer A,Yes,4.15,Yes,No,No Internet,0,No,No,No,No,No,No,No,No,Two Year,No,Bank Withdrawal,25.45,1813.35,0.0,0,294.65,3,0,25.54014084507042,4993
Female,39,No,Yes,2,3,6,No Offer,Yes,49.45,No,Yes,DSL,10,No,No,No,Yes,No,No,No,Yes,Month-to-Month,Yes,Credit Card,48.8,297.35,0.0,0,296.7,4,2,49.55833333333334,4538
Male,20,No,No,0,0,31,Offer C,Yes,19.38,No,Yes,Fiber Optic,76,No,Yes,Yes,No,Yes,Yes,Yes,Yes,Month-to-Month,Yes,Bank Withdrawal,101.4,3143.65,0.0,0,600.78,4,6,101.40806451612903,2025
Male,47,No,Yes,0,6,71,No Offer,Yes,35.09,Yes,Yes,DSL,12,Yes,No,Yes,Yes,Yes,Yes,Yes,Yes,Two Year,No,Bank Withdrawal,83.2,6126.1,0.0,0,2491.39,3,7,86.2830985915493,5350
Male,57,No,Yes,3,10,1,No Offer,Yes,32.78,No,No,No Internet,0,No,No,No,No,No,No,No,No,Month-to-Month,No,Credit Card,19.2,19.2,0.0,0,32.78,5,0,19.2,3007
Male,74,Yes,No,0,0,43,No Offer,Yes,39.12,No,Yes,Fiber Optic,6,No,No,No,No,Yes,Yes,Yes,Yes,Month-to-Month,Yes,Mailed Check,89.55,3856.75,0.0,0,1682.16,1,4,89.69186046511628,3802
Male,70,Yes,No,0,0,15,Offer D,Yes,46.38,Yes,Yes,Fiber Optic,19,No,No,No,No,No,No,No,Yes,Month-to-Month,No,Bank Withdrawal,75.65,1146.65,0.0,0,695.7,3,1,76.44333333333334,2099
Male,32,No,No,0,0,33,Offer C,Yes,34.85,No,Yes,Fiber Optic,27,No,Yes,No,Yes,No,No,No,Yes,Two Year,No,Bank Withdrawal,80.6,2651.1,0.0,0,1150.05,4,3,80.33636363636363,5542
Female,41,No,No,0,0,10,No Offer,Yes,45.21,Yes,Yes,Fiber Optic,3,No,No,Yes,No,Yes,Yes,Yes,Yes,Month-to-Month,Yes,Bank Withdrawal,100.6,1060.2,0.0,0,452.1,1,5,106.02000000000001,4001
Male,50,No,No,0,0,44,No Offer,Yes,44.92,Yes,Yes,Fiber Optic,16,No,No,Yes,No,No,Yes,Yes,Yes,Month-to-Month,Yes,Credit Card,90.4,4063.0,0.0,0,1976.48,4,4,92.3409090909091,4751
Female,20,No,Yes,0,3,55,No Offer,Yes,23.45,Yes,Yes,Fiber Optic,53,No,Yes,No,No,No,No,No,Yes,Month-to-Month,Yes,Credit Card,77.75,4266.4,0.0,0,1289.75,3,2,77.57090909090908,4621
Female,32,No,Yes,0,1,62,No Offer,Yes,48.58,No,Yes,Fiber Optic,13,No,Yes,Yes,No,Yes,Yes,Yes,Yes,Month-to-Month,Yes,Bank Withdrawal,100.15,6283.3,0.0,0,3011.96,1,6,101.34354838709677,4120
Male,22,No,No,0,0,32,No Offer,Yes,46.33,No,Yes,Fiber Optic,85,Yes,Yes,Yes,No,No,Yes,Yes,Yes,Month-to-Month,Yes,Credit Card,93.4,2979.3,0.0,0,1482.56,3,6,93.103125,3224
Male,79,Yes,Yes,0,1,66,Offer A,Yes,28.86,Yes,Yes,Fiber Optic,25,No,No,Yes,No,Yes,Yes,No,Yes,Month-to-Month,Yes,Credit Card,99.5,6822.15,0.0,0,1904.76,1,4,103.36590909090908,4479
Female,77,Yes,Yes,0,1,61,No Offer,Yes,35.11,Yes,Yes,Fiber Optic,17,No,Yes,Yes,No,Yes,Yes,No,Yes,One Year,Yes,Credit Card,104.4,6405.0,0.0,0,2141.71,1,5,105.0,4412
Female,51,No,Yes,2,10,56,Offer B,Yes,25.9,Yes,Yes,Cable,30,Yes,Yes,Yes,Yes,Yes,No,No,Yes,Two Year,No,Credit Card,81.25,4620.4,0.0,0,1450.4,4,6,82.50714285714285,5907
Male,27,No,No,0,0,66,Offer A,Yes,4.32,Yes,Yes,Fiber Optic,73,Yes,Yes,Yes,Yes,Yes,Yes,Yes,Yes,One Year,Yes,Bank Withdrawal,114.3,7383.7,0.0,0,285.12,3,8,111.87424242424242,5303
Male,71,Yes,Yes,0,1,24,No Offer,Yes,2.05,Yes,Yes,Fiber Optic,22,Yes,No,No,No,No,No,No,Yes,Month-to-Month,Yes,Bank Withdrawal,78.85,1772.25,0.0,0,49.2,1,2,73.84375,3079
Male,44,No,No,3,0,1,Offer E,Yes,42.55,No,Yes,DSL,25,No,No,Yes,No,No,No,No,Yes,Month-to-Month,Yes,Bank Withdrawal,49.85,49.85,0.0,0,42.55,4,2,49.85,5323
Female,19,No,No,0,0,14,No Offer,Yes,36.22,No,Yes,Cable,59,Yes,No,No,No,No,No,No,Yes,Month-to-Month,No,Bank Withdrawal,50.1,709.5,0.0,0,507.08,3,2,50.67857142857143,2331
Female,76,Yes,No,0,0,4,No Offer,Yes,35.67,No,Yes,Fiber Optic,8,No,Yes,No,No,No,No,No,Yes,Two Year,No,Bank Withdrawal,72.75,317.75,0.0,0,142.68,4,2,79.4375,4503
Female,48,No,No,0,0,27,No Offer,Yes,11.09,Yes,Yes,Fiber Optic,6,No,No,No,No,Yes,Yes,Yes,Yes,Month-to-Month,Yes,Mailed Check,94.55,2724.6,0.0,0,299.43,2,4,100.91111111111111,4464
Female,33,No,No,0,0,15,No Offer,Yes,9.71,Yes,Yes,DSL,26,No,No,No,No,No,No,No,Yes,Month-to-Month,Yes,Bank Withdrawal,49.1,679.55,0.0,0,145.65,1,1,45.30333333333333,5209
Female,23,No,No,0,0,9,No Offer,Yes,13.86,No,Yes,Fiber Optic,76,Yes,No,No,No,No,No,Yes,Yes,Month-to-Month,Yes,Credit Card,74.25,639.65,0.0,0,124.74,1,3,71.07222222222222,5393
Male,28,No,Yes,3,10,71,Offer A,Yes,10.11,Yes,Yes,DSL,59,Yes,Yes,Yes,Yes,Yes,Yes,Yes,Yes,Two Year,No,Bank Withdrawal,86.85,6263.8,0.0,0,717.81,4,8,88.22253521126761,6452
Male,48,No,Yes,2,10,32,No Offer,No,0.0,No,Yes,DSL,19,No,No,Yes,No,Yes,Yes,Yes,Yes,Month-to-Month,No,Credit Card,50.6,1653.45,0.0,0,0.0,3,5,51.6703125,3087
Male,62,No,Yes,3,3,61,No Offer,Yes,34.54,Yes,Yes,Fiber Optic,58,No,No,Yes,No,Yes,Yes,Yes,Yes,One Year,Yes,Bank Withdrawal,99.9,6241.35,0.0,0,2106.94,5,5,102.31721311475411,5641
Female,61,No,No,0,0,35,Offer C,Yes,23.77,No,No,No Internet,0,No,No,No,No,No,No,No,No,One Year,No,Credit Card,21.1,741.0,14.23,0,831.95,4,0,21.17142857142857,5707
Female,61,No,No,0,0,36,Offer C,No,0.0,No,Yes,Cable,27,Yes,No,No,No,No,No,No,Yes,Two Year,No,Bank Withdrawal,31.05,1126.35,0.0,0,0.0,4,2,31.287499999999998,4871
Male,31,No,Yes,0,1,72,No Offer,Yes,34.87,Yes,Yes,Fiber Optic,8,Yes,Yes,Yes,Yes,Yes,Yes,Yes,Yes,One Year,Yes,Bank Withdrawal,117.8,8684.8,0.0,0,2510.64,2,8,120.6222222222222,4432
Female,78,Yes,Yes,0,1,47,No Offer,Yes,46.77,Yes,Yes,DSL,24,Yes,Yes,Yes,No,No,No,No,Yes,Two Year,Yes,Credit Card,67.45,3252.0,0.0,0,2198.19,3,4,69.19148936170212,4074
Male,22,No,Yes,3,5,32,Offer C,Yes,35.05,No,No,No Internet,0,No,No,No,No,No,No,No,No,Month-to-Month,Yes,Credit Card,19.45,674.55,0.0,0,1121.6,4,0,21.0796875,4363
Male,69,Yes,Yes,1,9,64,No Offer,Yes,37.09,Yes,No,No Internet,0,No,No,No,No,No,No,No,No,Two Year,Yes,Bank Withdrawal,24.4,1548.65,0.0,0,2373.76,3,0,24.19765625,4772
Female,47,No,No,0,0,1,No Offer,Yes,16.47,No,No,No Internet,0,No,No,No,No,No,No,No,No,Month-to-Month,No,Credit Card,19.85,19.85,0.0,0,16.47,5,0,19.85,4905
Male,32,No,No,0,0,66,Offer A,Yes,11.56,No,Yes,DSL,30,Yes,Yes,No,No,No,No,No,Yes,One Year,Yes,Mailed Check,54.8,3465.7,0.0,0,762.96,4,3,52.51060606060606,4621
Female,44,No,No,0,0,48,Offer B,Yes,34.96,Yes,No,No Internet,0,No,No,No,No,No,No,No,No,One Year,No,Credit Card,25.05,1171.5,16.38,0,1678.08,4,0,24.40625,3642
Female,45,No,No,0,0,67,No Offer,Yes,43.3,Yes,No,No Internet,0,No,No,No,No,No,No,No,No,Two Year,Yes,Credit Card,26.1,1759.55,0.0,0,2901.1,3,0,26.26194029850746,6466
Male,36,No,Yes,0,5,71,Offer A,Yes,10.97,Yes,Yes,DSL,20,Yes,Yes,Yes,Yes,No,Yes,Yes,Yes,Two Year,Yes,Credit Card,80.1,5585.4,0.0,0,778.87,3,7,78.66760563380281,6045
Male,55,No,Yes,3,1,4,Offer E,Yes,8.58,Yes,Yes,DSL,57,No,No,No,No,No,No,No,Yes,Month-to-Month,Yes,Bank Withdrawal,50.9,225.6,0.0,0,34.32,3,1,56.4,5691
Male,49,No,No,0,0,72,No Offer,Yes,35.11,Yes,Yes,Fiber Optic,22,No,Yes,Yes,Yes,Yes,Yes,Yes,Yes,Two Year,No,Bank Withdrawal,109.2,7878.3,0.0,0,2527.92,3,7,109.42083333333333,4551
Female,57,No,Yes,0,5,67,Offer A,Yes,7.91,No,No,No Internet,0,No,No,No,No,No,No,No,No,One Year,Yes,Bank Withdrawal,20.85,1327.4,0.0,0,529.97,5,0,19.811940298507466,5972
Male,23,No,No,0,0,3,No Offer,Yes,47.68,No,Yes,DSL,82,No,No,No,No,Yes,No,Yes,Yes,Month-to-Month,No,Credit Card,53.4,188.7,0.0,0,143.04,2,3,62.9,2755
Male,50,No,No,0,0,65,Offer B,Yes,2.72,Yes,Yes,Fiber Optic,16,Yes,No,No,Yes,No,Yes,Yes,No,One Year,No,Bank Withdrawal,93.55,6069.25,0.0,30,176.8,3,4,93.37307692307692,5774
Female,21,No,Yes,1,6,33,Offer C,Yes,11.01,Yes,Yes,Fiber Optic,73,No,Yes,Yes,Yes,No,No,Yes,Yes,Month-to-Month,No,Credit Card,88.6,2888.7,0.0,0,363.33,3,5,87.53636363636363,3648
Male,46,No,No,0,0,2,No Offer,Yes,24.9,No,Yes,DSL,11,No,No,No,No,No,No,No,No,Month-to-Month,No,Mailed Check,44.65,74.9,0.0,10,49.8,1,0,37.45,4655
Female,34,No,No,0,0,10,No Offer,Yes,43.26,Yes,Yes,Fiber Optic,21,No,Yes,Yes,No,No,Yes,Yes,Yes,Month-to-Month,Yes,Bank Withdrawal,94.85,953.45,0.0,0,432.6,3,5,95.345,3074
Female,19,No,No,0,0,1,No Offer,Yes,40.48,No,No,No Internet,0,No,No,No,No,No,No,No,No,Month-to-Month,No,Credit Card,20.95,20.95,0.0,0,40.48,1,0,20.95,4285
Male,39,No,Yes,3,4,56,Offer B,Yes,23.52,Yes,Yes,Fiber Optic,53,No,Yes,No,Yes,Yes,No,No,Yes,Month-to-Month,Yes,Credit Card,96.95,5432.2,0.0,0,1317.12,5,4,97.00357142857142,6484
Female,37,No,No,0,0,8,Offer E,Yes,8.73,Yes,Yes,DSL,28,Yes,Yes,Yes,No,No,No,No,Yes,Month-to-Month,Yes,Bank Withdrawal,65.5,573.15,0.0,0,69.84,3,4,71.64375,3033
Female,67,Yes,Yes,0,1,52,No Offer,Yes,4.11,Yes,Yes,Fiber Optic,17,Yes,Yes,Yes,No,Yes,Yes,No,Yes,Two Year,Yes,Bank Withdrawal,109.1,5647.95,0.0,0,213.72,5,6,108.61442307692307,4428
Female,62,No,Yes,1,7,72,Offer A,Yes,21.14,Yes,No,No Internet,0,No,No,No,No,No,No,No,No,Two Year,No,Bank Withdrawal,23.75,1679.25,0.0,0,1522.08,5,0,23.322916666666668,4923
Female,66,Yes,No,0,0,1,Offer E,Yes,26.22,No,Yes,Cable,22,Yes,No,Yes,No,No,No,No,Yes,Month-to-Month,Yes,Bank Withdrawal,55.8,55.8,0.0,0,26.22,1,3,55.8,5527
Female,60,No,No,0,0,21,Offer D,Yes,30.59,No,Yes,Fiber Optic,11,No,No,No,No,No,No,No,Yes,Month-to-Month,Yes,Bank Withdrawal,68.65,1493.2,0.0,0,642.39,5,1,71.1047619047619,2006
Female,56,No,No,0,0,47,No Offer,Yes,45.67,Yes,Yes,DSL,3,Yes,Yes,No,Yes,No,Yes,Yes,Yes,Two Year,No,Credit Card,74.05,3496.3,0.0,0,2146.49,4,6,74.38936170212766,2831
Female,40,No,No,0,0,2,No Offer,Yes,36.81,No,Yes,Fiber Optic,16,Yes,Yes,No,Yes,No,No,No,Yes,Month-to-Month,Yes,Bank Withdrawal,86.25,181.65,0.0,0,73.62,2,4,90.825,3529
Male,59,No,Yes,2,0,59,Offer B,No,0.0,No,Yes,DSL,19,Yes,No,Yes,No,No,No,No,Yes,One Year,No,Credit Card,34.8,1980.3,0.0,0,0.0,4,3,33.56440677966101,6300
Male,24,No,No,0,0,14,Offer D,Yes,26.02,No,No,No Internet,0,No,No,No,No,No,No,No,No,One Year,No,Mailed Check,19.35,324.8,0.0,0,364.28,3,0,23.2,2400
Male,27,No,Yes,0,1,12,No Offer,Yes,27.82,No,Yes,DSL,26,No,No,No,No,No,Yes,Yes,Yes,One Year,No,Credit Card,53.65,696.35,0.0,0,333.84,1,3,58.02916666666667,2595
Male,19,No,Yes,0,5,18,No Offer,Yes,1.28,Yes,Yes,DSL,30,No,Yes,No,No,No,No,No,Yes,Month-to-Month,No,Credit Card,56.8,1074.65,0.0,0,23.04,5,2,59.70277777777778,5558
Male,53,No,Yes,0,6,72,No Offer,Yes,22.95,Yes,Yes,Fiber Optic,17,No,Yes,Yes,Yes,Yes,Yes,Yes,Yes,Two Year,Yes,Credit Card,109.75,7758.9,0.0,0,1652.4,3,7,107.76249999999999,5791
Female,19,No,Yes,1,7,69,No Offer,No,0.0,No,Yes,DSL,59,Yes,No,Yes,No,No,Yes,Yes,Yes,Two Year,Yes,Credit Card,43.95,2960.1,0.0,0,0.0,3,5,42.9,4479
Female,57,No,No,0,0,2,No Offer,Yes,48.34,Yes,Yes,Fiber Optic,28,No,No,No,No,Yes,Yes,Yes,Yes,Month-to-Month,Yes,Bank Withdrawal,96.0,174.8,0.0,0,96.68,2,4,87.4,3391
Female,42,No,Yes,0,4,18,Offer D,Yes,35.96,No,Yes,DSL,17,No,No,No,Yes,No,No,No,Yes,Month-to-Month,Yes,Credit Card,50.3,908.75,0.0,0,647.28,3,2,50.486111111111114,3740
Male,71,Yes,No,2,0,56,Offer B,Yes,10.57,No,Yes,Fiber Optic,28,Yes,No,No,No,Yes,Yes,No,Yes,One Year,No,Credit Card,94.8,5264.3,0.0,0,591.92,4,4,94.00535714285715,5693
Female,30,No,Yes,3,5,38,No Offer,Yes,46.27,No,Yes,Cable,30,Yes,Yes,No,No,No,No,No,Yes,Month-to-Month,No,Bank Withdrawal,54.5,2076.05,0.0,0,1758.26,3,3,54.63289473684211,5499
Male,42,No,Yes,0,5,72,Offer A,Yes,13.59,Yes,Yes,DSL,5,Yes,Yes,Yes,Yes,Yes,Yes,Yes,No,Two Year,No,Credit Card,92.3,6719.9,0.0,0,978.48,4,7,93.33194444444445,5136
Female,47,No,Yes,2,1,30,Offer C,Yes,16.48,No,Yes,DSL,17,Yes,No,No,Yes,No,Yes,Yes,Yes,Month-to-Month,No,Bank Withdrawal,66.3,1923.5,0.0,0,494.4,3,5,64.11666666666666,4631
Male,37,No,No,0,0,57,No Offer,Yes,38.73,No,No,No Internet,0,No,No,No,No,No,No,No,No,Two Year,No,Credit Card,20.75,1118.8,0.0,0,2207.61,3,0,19.628070175438594,6271
Male,30,No,Yes,0,5,64,Offer B,Yes,13.8,Yes,Yes,Fiber Optic,48,Yes,Yes,Yes,No,No,No,No,Yes,One Year,No,Bank Withdrawal,89.45,5692.65,0.0,0,883.2,3,4,88.94765625,5519
Male,56,No,Yes,0,7,31,Offer C,Yes,25.3,No,Yes,Cable,28,No,No,Yes,Yes,No,Yes,Yes,Yes,Month-to-Month,Yes,Credit Card,66.4,2019.8,0.0,0,784.3,4,5,65.15483870967742,3282
Female,51,No,Yes,2,4,40,No Offer,Yes,29.42,Yes,Yes,Fiber Optic,23,No,Yes,Yes,No,Yes,No,No,Yes,Month-to-Month,Yes,Credit Card,96.35,3915.4,0.0,0,1176.8,5,4,97.885,2004
Male,66,Yes,Yes,2,6,24,Offer C,Yes,4.06,Yes,Yes,Fiber Optic,28,Yes,No,No,No,No,No,No,Yes,Two Year,Yes,Bank Withdrawal,79.85,1857.75,0.0,0,97.44,3,2,77.40625,3412
Male,56,No,No,0,0,18,No Offer,Yes,12.21,Yes,Yes,DSL,8,Yes,No,Yes,No,Yes,No,No,Yes,Month-to-Month,No,Mailed Check,69.5,1199.4,0.0,0,219.78,3,4,66.63333333333334,4466
Female,70,Yes,Yes,0,1,35,No Offer,Yes,45.13,Yes,Yes,Fiber Optic,10,No,No,Yes,No,Yes,Yes,Yes,Yes,Two Year,No,Bank Withdrawal,102.05,3452.55,0.0,0,1579.55,5,5,98.64428571428572,3199
Female,49,No,Yes,2,6,72,Offer A,Yes,2.71,Yes,Yes,Fiber Optic,20,Yes,No,Yes,Yes,Yes,Yes,Yes,Yes,Two Year,No,Credit Card,107.45,7576.7,0.0,0,195.12,4,7,105.23194444444444,5246
Male,50,No,Yes,0,6,35,Offer C,Yes,45.97,Yes,Yes,DSL,13,No,Yes,No,Yes,Yes,No,No,Yes,One Year,Yes,Bank Withdrawal,69.0,2441.7,0.0,0,1608.95,3,4,69.76285714285714,5283
Female,20,No,Yes,2,1,7,No Offer,Yes,25.64,No,Yes,DSL,71,Yes,No,No,No,No,No,No,Yes,Month-to-Month,No,Credit Card,50.7,350.35,0.0,0,179.48,3,2,50.050000000000004,3097
Female,43,No,Yes,0,1,72,Offer A,Yes,24.89,Yes,Yes,Fiber Optic,5,Yes,Yes,Yes,Yes,Yes,Yes,Yes,Yes,Two Year,Yes,Credit Card,117.15,8529.5,0.0,0,1792.08,3,8,118.46527777777777,4743
Female,54,No,No,0,0,7,No Offer,Yes,19.21,No,Yes,Fiber Optic,16,No,No,No,No,No,Yes,Yes,No,Month-to-Month,Yes,Bank Withdrawal,79.3,523.15,0.0,10,134.47,1,2,74.73571428571428,3830
Female,41,No,Yes,3,7,55,Offer B,Yes,16.16,Yes,Yes,DSL,29,Yes,Yes,No,Yes,No,Yes,Yes,Yes,One Year,Yes,Bank Withdrawal,75.75,4264.25,0.0,0,888.8,3,6,77.53181818181818,4489
Male,39,No,No,0,0,3,No Offer,Yes,31.88,No,Yes,Fiber Optic,7,No,No,No,No,Yes,No,No,Yes,Month-to-Month,Yes,Bank Withdrawal,78.5,242.05,0.0,0,95.64,2,2,80.68333333333334,3567
Male,71,Yes,Yes,0,1,1,No Offer,Yes,4.89,Yes,Yes,Fiber Optic,11,No,No,No,No,Yes,Yes,No,Yes,Month-to-Month,Yes,Bank Withdrawal,95.1,95.1,0.0,0,4.89,1,3,95.1,5795
Female,47,No,No,0,0,13,No Offer,Yes,34.18,No,Yes,Fiber Optic,19,No,No,No,No,Yes,No,No,Yes,Month-to-Month,Yes,Credit Card,81.9,1028.9,0.0,0,444.34,3,2,79.14615384615385,2054
Male,19,No,Yes,0,9,3,Offer E,Yes,14.1,Yes,No,No Internet,0,No,No,No,No,No,No,No,No,Month-to-Month,Yes,Credit Card,23.6,89.05,0.0,0,42.3,5,0,29.683333333333334,5587
Male,25,No,Yes,3,8,68,Offer A,Yes,24.08,No,Yes,Fiber Optic,41,Yes,No,Yes,No,No,No,No,Yes,Two Year,No,Credit Card,80.35,5375.15,0.0,0,1637.44,3,3,79.04632352941177,5954
Female,24,No,No,0,0,42,Offer B,Yes,18.31,No,No,No Internet,0,No,No,No,No,No,No,No,No,Two Year,Yes,Bank Withdrawal,20.75,844.45,0.0,0,769.02,3,0,20.10595238095238,2574
Female,22,No,Yes,0,0,1,No Offer,Yes,35.6,No,Yes,DSL,58,No,No,No,No,Yes,No,Yes,Yes,Month-to-Month,No,Credit Card,55.2,55.2,0.0,0,35.6,2,3,55.2,3638
Female,46,No,Yes,2,1,3,Offer E,No,0.0,No,Yes,Cable,15,Yes,No,No,No,No,No,No,Yes,Month-to-Month,No,Credit Card,29.7,91.7,0.0,0,0.0,1,2,30.566666666666666,2613
Male,48,No,Yes,0,2,61,Offer B,Yes,11.53,Yes,No,No Internet,0,No,No,No,No,No,No,No,No,Two Year,No,Bank Withdrawal,25.45,1538.6,0.0,0,703.33,4,0,25.22295081967213,6015
Male,22,No,Yes,0,3,61,No Offer,Yes,19.27,No,No,No Internet,0,No,No,No,No,No,No,No,No,One Year,Yes,Credit Card,20.55,1252.0,0.0,0,1175.47,4,0,20.524590163934427,5110
Female,20,No,Yes,0,5,72,Offer A,Yes,23.7,Yes,Yes,Fiber Optic,85,Yes,No,Yes,Yes,Yes,Yes,Yes,Yes,Two Year,Yes,Credit Card,110.15,7881.2,0.0,0,1706.4,3,7,109.46111111111111,4498
Male,53,No,Yes,3,3,72,Offer A,Yes,20.42,Yes,No,No Internet,0,No,No,No,No,No,No,No,No,Two Year,No,Bank Withdrawal,24.3,1643.25,0.0,0,1470.24,4,0,22.822916666666668,5160
Female,30,No,No,0,0,1,Offer E,Yes,29.86,No,No,No Internet,0,No,No,No,No,No,No,No,No,Month-to-Month,Yes,Credit Card,20.35,20.35,0.0,0,29.86,4,0,20.35,2183
Male,25,No,No,0,0,5,No Offer,Yes,22.01,Yes,Yes,Cable,85,No,No,No,No,No,No,Yes,Yes,Month-to-Month,No,Bank Withdrawal,47.15,223.15,0.0,0,110.05,2,2,44.63,2857
Male,69,Yes,No,0,0,6,Offer E,Yes,48.32,No,Yes,Fiber Optic,11,No,No,No,No,Yes,No,No,Yes,Month-to-Month,Yes,Bank Withdrawal,79.7,497.6,0.0,0,289.92,5,2,82.93333333333334,2893
Male,32,No,Yes,3,5,30,Offer C,Yes,6.19,No,Yes,Fiber Optic,21,No,Yes,Yes,No,No,No,No,No,Month-to-Month,No,Bank Withdrawal,82.05,2570.2,0.0,120,185.7,3,2,85.67333333333333,5036
Female,29,No,No,0,0,2,Offer E,Yes,33.89,No,Yes,Fiber Optic,41,No,No,No,No,No,Yes,Yes,Yes,Month-to-Month,No,Bank Withdrawal,80.55,184.1,0.0,0,67.78,3,3,92.05,2856
Male,53,No,No,0,0,10,Offer D,No,0.0,No,Yes,DSL,22,No,Yes,No,Yes,No,No,No,Yes,Month-to-Month,No,Bank Withdrawal,35.75,389.8,0.0,0,0.0,3,3,38.980000000000004,2263
Female,38,No,No,0,0,34,No Offer,Yes,2.82,No,Yes,Fiber Optic,2,No,Yes,Yes,Yes,Yes,Yes,Yes,Yes,Month-to-Month,Yes,Bank Withdrawal,105.1,3634.8,0.0,0,95.88,5,7,106.90588235294118,3941
Male,40,No,No,0,0,24,No Offer,Yes,35.93,Yes,Yes,Fiber Optic,5,No,Yes,No,No,Yes,No,No,Yes,Month-to-Month,Yes,Credit Card,90.55,2282.55,0.0,0,862.32,2,3,95.10625,5927
Female,57,No,Yes,0,2,72,Offer A,No,0.0,No,Yes,DSL,15,Yes,Yes,Yes,No,No,Yes,Yes,Yes,Two Year,Yes,Bank Withdrawal,49.2,3580.95,0.0,0,0.0,3,6,49.735416666666666,4700
Male,22,No,No,0,0,60,No Offer,Yes,44.24,Yes,Yes,Fiber Optic,52,Yes,Yes,Yes,Yes,Yes,Yes,Yes,Yes,One Year,Yes,Credit Card,116.6,7049.5,0.0,0,2654.4,3,8,117.49166666666666,5680
Female,37,No,Yes,0,1,5,No Offer,Yes,41.57,No,Yes,Cable,27,Yes,No,Yes,No,No,Yes,Yes,Yes,Month-to-Month,Yes,Mailed Check,88.9,454.15,0.0,0,207.85,1,5,90.83,4356
Male,42,No,No,0,0,44,Offer B,Yes,34.98,No,Yes,Cable,2,Yes,No,No,Yes,Yes,No,No,Yes,One Year,No,Bank Withdrawal,65.4,2774.55,0.0,0,1539.12,3,4,63.05795454545455,5827
Male,35,No,No,0,0,3,No Offer,Yes,9.74,No,Yes,Fiber Optic,27,No,No,No,No,No,No,No,Yes,Month-to-Month,Yes,Credit Card,70.3,220.4,0.0,0,29.22,4,1,73.46666666666667,4275
Female,72,Yes,No,0,0,1,Offer E,Yes,34.51,No,Yes,Fiber Optic,15,No,No,No,No,No,No,No,Yes,Month-to-Month,Yes,Bank Withdrawal,69.6,69.6,0.0,0,34.51,1,1,69.6,3438
Female,35,No,Yes,2,3,67,Offer A,Yes,40.35,Yes,Yes,Fiber Optic,16,Yes,No,No,Yes,Yes,Yes,Yes,Yes,Two Year,No,Credit Card,106.7,7009.5,0.0,0,2703.45,3,6,104.61940298507463,4780
Male,57,No,Yes,0,2,72,Offer A,Yes,10.97,Yes,Yes,DSL,30,No,Yes,Yes,Yes,Yes,Yes,Yes,Yes,Two Year,No,Bank Withdrawal,85.95,6151.9,0.0,0,789.84,4,7,85.44305555555555,6450
Female,37,No,Yes,1,1,1,No Offer,No,0.0,No,Yes,DSL,19,Yes,No,No,No,No,No,No,Yes,Month-to-Month,No,Bank Withdrawal,30.5,30.5,0.0,0,0.0,1,2,30.5,5171
Female,22,No,Yes,2,7,18,Offer D,Yes,40.36,No,Yes,DSL,51,Yes,Yes,No,Yes,No,No,No,Yes,One Year,Yes,Credit Card,61.5,1087.45,0.0,0,726.48,4,4,60.41388888888889,3479
Female,37,No,No,0,0,68,No Offer,Yes,32.99,No,No,No Internet,0,No,No,No,No,No,No,No,No,Two Year,No,Credit Card,19.6,1441.65,0.0,0,2243.32,4,0,21.20073529411765,6161
Male,61,No,Yes,0,1,49,Offer B,Yes,39.55,Yes,Yes,Cable,10,Yes,No,Yes,Yes,Yes,Yes,Yes,Yes,One Year,No,Bank Withdrawal,84.35,4059.35,0.0,0,1937.95,2,7,82.84387755102041,6452
Male,46,No,Yes,0,8,63,No Offer,Yes,3.18,No,Yes,Fiber Optic,15,Yes,Yes,Yes,Yes,Yes,Yes,Yes,Yes,Two Year,Yes,Credit Card,110.1,6705.7,0.0,0,200.34,3,8,106.43968253968254,6216
Male,32,No,Yes,2,1,38,No Offer,Yes,25.84,Yes,Yes,Fiber Optic,19,No,No,Yes,Yes,Yes,No,No,No,Two Year,Yes,Bank Withdrawal,94.9,3616.25,0.0,0,981.92,3,3,95.16447368421052,2436
Male,43,No,Yes,3,5,55,No Offer,Yes,36.23,No,No,No Internet,0,No,No,No,No,No,No,No,No,One Year,No,Credit Card,19.5,1026.35,0.0,0,1992.65,4,0,18.66090909090909,5067
Male,60,No,Yes,0,8,71,No Offer,Yes,34.72,Yes,Yes,Fiber Optic,10,No,No,Yes,No,Yes,Yes,Yes,Yes,One Year,Yes,Credit Card,98.65,6962.85,0.0,0,2465.12,5,5,98.06830985915494,5101
Male,56,No,Yes,2,9,68,No Offer,Yes,8.88,No,Yes,Fiber Optic,17,No,Yes,Yes,Yes,Yes,Yes,Yes,Yes,One Year,No,Credit Card,105.75,7322.5,0.0,0,603.84,3,7,107.68382352941177,4437
Female,29,No,Yes,0,4,48,No Offer,Yes,47.64,No,Yes,Fiber Optic,59,No,Yes,Yes,No,Yes,Yes,Yes,Yes,One Year,Yes,Bank Withdrawal,97.05,4692.95,0.0,0,2286.72,5,6,97.76979166666666,5893
Male,23,No,Yes,0,1,3,No Offer,Yes,13.54,No,Yes,Cable,51,No,No,Yes,No,No,No,No,Yes,Month-to-Month,Yes,Bank Withdrawal,50.15,168.15,0.0,0,40.62,1,2,56.050000000000004,3273
Male,62,No,No,0,0,25,Offer C,Yes,5.57,Yes,No,No Internet,0,No,No,No,No,No,No,No,No,One Year,No,Bank Withdrawal,25.3,676.35,0.0,0,139.25,3,0,27.054000000000002,3779
Female,67,Yes,Yes,0,5,55,No Offer,Yes,33.21,No,Yes,Fiber Optic,4,No,No,Yes,Yes,Yes,No,No,Yes,Two Year,No,Credit Card,88.8,4805.3,0.0,0,1826.55,3,4,87.36909090909091,4291
Male,57,No,Yes,0,9,63,Offer B,Yes,17.38,No,No,No Internet,0,No,No,No,No,No,No,No,No,Two Year,No,Credit Card,19.25,1237.65,0.0,0,1094.94,3,0,19.645238095238096,4538
Female,79,Yes,No,0,0,2,No Offer,No,0.0,No,Yes,DSL,11,No,No,No,No,No,No,No,Yes,Month-to-Month,No,Bank Withdrawal,24.35,41.85,0.0,0,0.0,1,1,20.925,3278
Male,44,No,No,0,0,8,No Offer,Yes,19.49,No,Yes,Fiber Optic,10,No,No,Yes,No,Yes,Yes,Yes,No,Month-to-Month,Yes,Bank Withdrawal,94.7,740.3,0.0,80,155.92,1,4,92.5375,5811
Male,28,No,No,0,0,3,Offer E,No,0.0,No,Yes,DSL,69,No,No,No,No,No,No,No,Yes,Month-to-Month,No,Bank Withdrawal,25.1,79.8,0.0,0,0.0,5,1,26.599999999999998,2013
Female,75,Yes,No,0,0,28,Offer C,Yes,9.67,Yes,Yes,Fiber Optic,28,No,Yes,Yes,No,Yes,Yes,No,Yes,Month-to-Month,Yes,Bank Withdrawal,106.15,3152.5,0.0,0,270.76,1,5,112.58928571428571,5030
Male,57,No,Yes,0,1,1,Offer E,Yes,18.84,No,Yes,Fiber Optic,19,No,No,No,No,No,No,No,Yes,Month-to-Month,Yes,Bank Withdrawal,71.0,71.0,0.0,0,18.84,2,1,71.0,4207
Male,19,No,Yes,3,1,70,Offer A,No,0.0,No,Yes,Cable,47,No,Yes,Yes,Yes,Yes,Yes,Yes,Yes,One Year,No,Bank Withdrawal,60.35,4138.7,49.23,0,0.0,3,7,59.12428571428571,4122
Female,49,No,No,1,0,1,Offer E,Yes,46.17,No,Yes,Cable,19,No,No,No,No,No,No,No,Yes,Month-to-Month,No,Mailed Check,45.95,45.95,0.0,0,46.17,1,1,45.95,4563
Male,43,No,Yes,2,6,19,Offer D,Yes,4.7,No,No,No Internet,0,No,No,No,No,No,No,No,No,Month-to-Month,No,Credit Card,20.6,414.95,0.0,0,89.3,3,0,21.839473684210525,2276
Female,70,Yes,No,0,0,8,Offer E,Yes,44.63,Yes,Yes,Fiber Optic,29,No,No,No,No,No,Yes,No,Yes,Two Year,No,Bank Withdrawal,85.2,695.75,0.0,0,357.04,4,2,86.96875,2565
Female,56,No,No,0,0,31,No Offer,Yes,40.92,No,Yes,Fiber Optic,20,Yes,No,Yes,Yes,No,No,No,No,Month-to-Month,No,Bank Withdrawal,87.6,2724.25,0.0,70,1268.52,4,3,87.87903225806451,5094
Male,42,No,No,0,0,35,No Offer,Yes,20.07,Yes,Yes,Fiber Optic,23,Yes,No,Yes,Yes,Yes,Yes,Yes,Yes,Two Year,Yes,Bank Withdrawal,108.95,4025.5,0.0,0,702.45,3,7,115.01428571428572,5903
Female,39,No,Yes,2,6,30,Offer C,Yes,47.21,Yes,No,No Internet,0,No,No,No,No,No,No,No,No,Two Year,Yes,Credit Card,25.1,789.55,15.41,0,1416.3,3,0,26.31833333333333,5851
Male,33,No,No,0,0,1,No Offer,Yes,35.88,No,No,No Internet,0,No,No,No,No,No,No,No,No,Month-to-Month,No,Credit Card,19.2,19.2,0.0,0,35.88,3,0,19.2,4629
Female,61,No,Yes,0,1,60,Offer B,No,0.0,No,Yes,Cable,2,Yes,Yes,No,Yes,No,No,No,Yes,Two Year,No,Bank Withdrawal,37.7,2288.7,0.0,0,0.0,4,4,38.144999999999996,5148
Male,62,No,Yes,3,2,45,No Offer,Yes,7.48,Yes,Yes,Fiber Optic,27,No,Yes,Yes,Yes,Yes,Yes,Yes,Yes,Two Year,Yes,Bank Withdrawal,109.75,4900.65,0.0,0,336.6,3,7,108.90333333333332,4221
Male,22,No,No,0,0,71,No Offer,Yes,2.88,Yes,Yes,Fiber Optic,48,Yes,Yes,Yes,Yes,Yes,Yes,Yes,Yes,One Year,Yes,Bank Withdrawal,116.3,8309.55,0.0,0,204.48,4,8,117.03591549295774,4644
Female,76,Yes,No,0,0,16,No Offer,Yes,17.51,Yes,Yes,Fiber Optic,7,No,No,No,No,Yes,No,No,Yes,Month-to-Month,Yes,Bank Withdrawal,84.75,1350.15,0.0,0,280.16,2,2,84.384375,5136
Male,52,No,No,0,0,56,No Offer,Yes,47.82,Yes,No,No Internet,0,No,No,No,No,No,No,No,No,Two Year,Yes,Bank Withdrawal,25.95,1444.05,0.0,0,2677.92,3,0,25.786607142857143,4246
Female,35,No,Yes,0,1,56,Offer B,Yes,34.1,No,Yes,Fiber Optic,13,Yes,Yes,Yes,No,Yes,Yes,Yes,Yes,One Year,Yes,Credit Card,105.6,6068.65,0.0,0,1909.6,4,7,108.36874999999999,4196
Female,80,Yes,No,0,0,17,Offer D,Yes,30.37,No,Yes,Fiber Optic,28,No,Yes,Yes,No,Yes,No,No,Yes,Month-to-Month,Yes,Bank Withdrawal,89.15,1496.9,0.0,0,516.29,1,4,88.0529411764706,5082
Female,62,No,No,0,0,3,No Offer,Yes,20.1,Yes,Yes,DSL,29,No,No,No,No,Yes,No,No,No,Month-to-Month,Yes,Bank Withdrawal,60.25,170.5,0.0,70,60.3,4,1,56.833333333333336,4830
Male,62,No,Yes,2,1,72,No Offer,Yes,28.37,Yes,Yes,DSL,18,Yes,Yes,Yes,Yes,No,No,No,Yes,Two Year,No,Bank Withdrawal,69.85,5102.35,25.24,0,2042.64,3,5,70.86597222222223,6233
Female,80,Yes,No,0,0,3,No Offer,No,0.0,No,Yes,DSL,30,No,No,No,No,No,No,No,Yes,Month-to-Month,No,Bank Withdrawal,25.3,77.75,0.0,0,0.0,3,1,25.916666666666668,3542
Male,36,No,Yes,0,1,66,No Offer,Yes,25.83,Yes,Yes,Fiber Optic,24,No,Yes,Yes,No,No,Yes,Yes,Yes,One Year,No,Bank Withdrawal,95.3,6273.4,0.0,0,1704.78,4,5,95.05151515151515,5706
Male,77,Yes,Yes,0,5,64,No Offer,Yes,14.87,No,Yes,Fiber Optic,16,Yes,No,Yes,No,No,No,No,Yes,One Year,No,Credit Card,80.3,5017.7,0.0,0,951.68,3,3,78.4015625,4270
Male,44,No,No,0,0,4,Offer E,No,0.0,No,Yes,Cable,20,No,No,No,No,Yes,Yes,Yes,No,Month-to-Month,Yes,Bank Withdrawal,44.55,174.3,0.0,10,0.0,2,3,43.575,5605
Female,80,Yes,No,0,0,32,Offer C,Yes,31.57,No,Yes,Fiber Optic,4,No,No,No,No,Yes,Yes,No,Yes,Two Year,No,Bank Withdrawal,90.95,2897.95,25.55,0,1010.24,4,3,90.5609375,5936
Male,75,Yes,Yes,0,8,37,No Offer,Yes,23.54,No,Yes,Fiber Optic,7,No,No,No,No,No,No,No,Yes,Two Year,Yes,Bank Withdrawal,72.25,2575.45,0.0,0,870.98,3,1,69.60675675675675,4121
Female,74,Yes,Yes,0,7,66,Offer A,Yes,25.51,Yes,Yes,Fiber Optic,15,No,Yes,Yes,No,Yes,Yes,No,Yes,One Year,No,Credit Card,104.6,6819.45,0.0,0,1683.66,3,5,103.325,5722
Male,47,No,No,0,0,18,No Offer,Yes,33.8,Yes,Yes,Cable,17,Yes,No,No,No,No,No,No,No,Month-to-Month,No,Credit Card,56.25,969.85,0.0,30,608.4,4,1,53.88055555555556,2277
Male,42,No,No,0,0,2,Offer E,Yes,39.03,No,Yes,Fiber Optic,30,No,No,No,No,Yes,No,No,No,Month-to-Month,Yes,Bank Withdrawal,80.25,144.55,0.0,10,78.06,1,1,72.275,5055
Female,46,No,Yes,0,1,9,Offer E,Yes,31.75,No,Yes,Fiber Optic,25,No,No,Yes,No,No,No,No,Yes,Month-to-Month,Yes,Bank Withdrawal,75.75,655.9,0.0,0,285.75,3,2,72.87777777777778,5105
Female,28,No,Yes,2,1,58,Offer B,Yes,2.87,Yes,Yes,DSL,69,Yes,No,Yes,Yes,Yes,No,No,Yes,Two Year,No,Credit Card,75.8,4415.75,0.0,0,166.46,3,5,76.13362068965517,4292
Male,62,No,No,1,0,62,Offer B,Yes,17.56,Yes,No,No Internet,0,No,No,No,No,No,No,No,No,Two Year,Yes,Credit Card,24.4,1413.0,0.0,0,1088.72,3,0,22.79032258064516,4889
Female,54,No,No,0,0,2,No Offer,Yes,5.32,Yes,Yes,Fiber Optic,20,No,No,Yes,No,No,No,No,Yes,Month-to-Month,No,Credit Card,80.6,155.8,0.0,0,10.64,1,2,77.9,2683
Male,40,No,No,0,0,29,No Offer,No,0.0,No,Yes,DSL,27,No,Yes,No,Yes,No,No,No,Yes,Month-to-Month,No,Bank Withdrawal,34.3,1004.75,0.0,0,0.0,5,3,34.64655172413793,2555
Female,25,No,No,0,0,3,No Offer,No,0.0,No,Yes,DSL,46,No,No,No,No,Yes,No,No,Yes,Month-to-Month,Yes,Credit Card,34.8,113.95,0.0,0,0.0,4,2,37.983333333333334,2496
Male,43,No,No,0,0,18,No Offer,Yes,34.78,Yes,Yes,Fiber Optic,2,No,No,Yes,No,Yes,No,No,Yes,One Year,Yes,Credit Card,89.6,1633.0,0.0,0,626.04,3,3,90.72222222222223,2269
Female,46,No,Yes,0,1,57,Offer B,Yes,36.65,No,Yes,DSL,7,Yes,No,No,No,Yes,Yes,Yes,Yes,One Year,Yes,Bank Withdrawal,70.1,3913.3,0.0,0,2089.05,1,5,68.65438596491228,4669
Male,60,No,No,0,0,7,No Offer,Yes,15.51,Yes,Yes,Fiber Optic,23,No,No,No,No,Yes,Yes,Yes,Yes,Month-to-Month,Yes,Bank Withdrawal,93.85,635.6,0.0,0,108.57,1,4,90.8,3506
Female,43,No,No,3,0,10,No Offer,Yes,42.93,No,Yes,Fiber Optic,52,No,No,Yes,Yes,Yes,No,No,Yes,Month-to-Month,Yes,Bank Withdrawal,91.1,964.35,0.0,0,429.3,3,4,96.435,3857
Male,53,No,No,0,0,45,No Offer,No,0.0,No,Yes,DSL,10,Yes,No,Yes,Yes,No,No,No,Yes,One Year,No,Bank Withdrawal,42.3,1840.75,0.0,0,0.0,3,4,40.90555555555556,4307
Female,70,Yes,No,0,0,54,Offer B,Yes,12.08,Yes,Yes,DSL,5,Yes,Yes,No,Yes,Yes,Yes,Yes,Yes,One Year,No,Bank Withdrawal,82.45,4350.1,0.0,0,652.32,1,7,80.55740740740741,4149
Female,41,No,Yes,3,6,5,No Offer,Yes,6.7,Yes,No,No Internet,0,No,No,No,No,No,No,No,No,Month-to-Month,Yes,Credit Card,24.3,132.25,0.0,0,33.5,5,0,26.45,3181
Female,69,Yes,No,0,0,65,No Offer,Yes,32.41,Yes,Yes,Fiber Optic,21,No,Yes,Yes,No,Yes,No,No,Yes,Two Year,Yes,Bank Withdrawal,95.45,6223.3,0.0,0,2106.65,4,4,95.74307692307693,4168
Female,78,Yes,No,0,0,52,No Offer,No,0.0,No,Yes,DSL,23,No,Yes,Yes,Yes,Yes,No,No,Yes,Two Year,Yes,Bank Withdrawal,50.5,2566.3,0.0,0,0.0,3,5,49.35192307692308,5185
Female,21,No,Yes,0,7,11,No Offer,Yes,1.92,No,No,No Internet,0,No,No,No,No,No,No,No,No,One Year,No,Credit Card,20.6,233.9,0.0,0,21.12,3,0,21.263636363636365,4047
Male,48,No,Yes,0,2,72,No Offer,Yes,29.8,No,Yes,DSL,14,Yes,Yes,No,Yes,Yes,Yes,Yes,No,Two Year,Yes,Bank Withdrawal,79.35,5753.25,0.0,40,2145.6,3,6,79.90625,4278
Female,63,No,Yes,0,1,51,Offer B,Yes,45.76,No,Yes,Fiber Optic,13,No,No,No,No,No,No,No,No,Month-to-Month,No,Credit Card,69.15,3649.6,0.0,110,2333.76,4,0,71.56078431372549,5187
Male,50,No,No,0,0,65,Offer B,Yes,45.87,Yes,No,No Internet,0,No,No,No,No,No,No,No,No,One Year,No,Credit Card,24.8,1600.95,0.0,0,2981.55,4,0,24.63,5826
Male,44,No,No,1,0,1,Offer E,No,0.0,No,Yes,Cable,19,No,Yes,No,Yes,No,No,No,No,Month-to-Month,No,Credit Card,33.6,33.6,0.0,50,0.0,5,2,33.6,4369
Male,33,No,No,0,0,4,No Offer,Yes,21.03,No,Yes,DSL,3,No,No,No,No,No,Yes,Yes,Yes,Month-to-Month,Yes,Credit Card,55.3,238.5,0.0,0,84.12,4,3,59.625,3684
Female,54,No,Yes,0,9,56,Offer B,Yes,37.76,Yes,Yes,Fiber Optic,21,Yes,Yes,Yes,No,Yes,Yes,Yes,Yes,One Year,No,Bank Withdrawal,109.8,6109.65,0.0,0,2114.56,4,7,109.10089285714285,5648
Female,48,No,No,0,0,8,Offer E,Yes,45.59,Yes,Yes,Fiber Optic,8,No,No,No,No,Yes,No,No,Yes,Month-to-Month,Yes,Bank Withdrawal,87.05,762.1,0.0,0,364.72,1,2,95.2625,2545
Male,33,No,Yes,0,8,5,Offer E,Yes,15.74,Yes,Yes,Fiber Optic,28,Yes,No,No,No,No,Yes,Yes,Yes,Month-to-Month,Yes,Bank Withdrawal,89.15,413.25,0.0,0,78.7,3,4,82.65,2576
Male,61,No,Yes,6,2,7,No Offer,No,0.0,No,Yes,Cable,30,Yes,No,No,Yes,No,No,No,Yes,Month-to-Month,Yes,Bank Withdrawal,34.5,279.25,0.0,0,0.0,1,3,39.892857142857146,3520
Female,29,No,Yes,2,2,67,No Offer,No,0.0,No,Yes,Cable,51,Yes,Yes,Yes,Yes,Yes,No,No,Yes,Two Year,No,Credit Card,54.2,3623.95,0.0,0,0.0,3,6,54.08880597014925,5261
Female,44,No,No,0,0,18,Offer D,Yes,18.2,No,No,No Internet,0,No,No,No,No,No,No,No,No,Month-to-Month,No,Credit Card,19.65,391.7,0.0,0,327.6,3,0,21.76111111111111,4333
Male,56,No,Yes,0,1,19,No Offer,Yes,43.95,No,Yes,Fiber Optic,20,No,Yes,No,Yes,Yes,Yes,Yes,Yes,One Year,No,Bank Withdrawal,100.0,1888.65,0.0,0,835.05,2,6,99.40263157894738,2608
Male,21,No,No,0,0,41,No Offer,Yes,47.74,Yes,Yes,Fiber Optic,48,No,Yes,Yes,No,Yes,Yes,Yes,Yes,Month-to-Month,Yes,Bank Withdrawal,104.7,4346.4,0.0,0,1957.34,1,6,106.00975609756097,3316
Female,37,No,Yes,0,5,70,No Offer,Yes,43.81,Yes,Yes,DSL,17,Yes,No,No,Yes,Yes,Yes,Yes,Yes,Two Year,Yes,Bank Withdrawal,80.6,5460.2,0.0,0,3066.7,3,6,78.00285714285714,5880
Female,51,No,Yes,1,5,13,Offer D,Yes,19.63,No,Yes,DSL,12,Yes,No,No,Yes,No,No,No,Yes,One Year,No,Bank Withdrawal,54.15,701.05,0.0,0,255.19,3,3,53.926923076923075,4977
Male,61,No,No,0,0,6,Offer E,Yes,39.32,No,Yes,Fiber Optic,12,No,Yes,No,No,Yes,No,No,Yes,Month-to-Month,Yes,Bank Withdrawal,84.85,523.5,0.0,0,235.92,2,3,87.25,3420
Female,77,Yes,No,0,0,2,No Offer,Yes,23.46,Yes,Yes,Fiber Optic,25,No,No,No,No,No,No,No,Yes,Month-to-Month,Yes,Credit Card,75.45,158.4,0.0,0,46.92,3,1,79.2,3350
Female,26,No,Yes,2,6,72,No Offer,Yes,18.14,Yes,No,No Internet,0,No,No,No,No,No,No,No,No,One Year,Yes,Bank Withdrawal,23.3,1623.15,0.0,0,1306.08,5,0,22.543750000000003,4152
Male,63,No,No,0,0,11,Offer D,Yes,44.53,No,No,No Internet,0,No,No,No,No,No,No,No,No,Month-to-Month,Yes,Credit Card,20.45,237.3,0.0,0,489.83,4,0,21.572727272727274,2642
Female,51,No,No,0,0,1,No Offer,Yes,43.49,Yes,Yes,Cable,4,No,No,No,No,No,No,No,Yes,Month-to-Month,Yes,Bank Withdrawal,49.95,49.95,0.0,0,43.49,2,1,49.95,2041
Male,54,No,No,0,0,52,No Offer,Yes,20.8,Yes,Yes,Fiber Optic,30,Yes,No,Yes,Yes,Yes,Yes,Yes,No,Two Year,Yes,Bank Withdrawal,109.3,5731.4,3.85,60,1081.6,4,6,110.21923076923076,5624
Female,44,No,Yes,0,8,68,No Offer,No,0.0,No,Yes,DSL,15,No,Yes,Yes,Yes,Yes,Yes,Yes,Yes,Two Year,No,Credit Card,60.3,4109.0,0.0,0,0.0,4,7,60.4264705882353,4864
Female,49,No,Yes,0,10,63,Offer B,Yes,20.37,Yes,Yes,Fiber Optic,26,No,Yes,Yes,Yes,Yes,Yes,Yes,Yes,Month-to-Month,Yes,Bank Withdrawal,108.75,6871.7,0.0,0,1283.31,5,7,109.07460317460317,4582
Female,68,Yes,No,0,0,45,Offer B,Yes,6.9,Yes,Yes,Fiber Optic,20,No,No,Yes,No,Yes,Yes,No,Yes,One Year,Yes,Bank Withdrawal,100.15,4459.8,0.0,0,310.5,4,4,99.10666666666667,2636
Female,53,No,No,0,0,1,Offer E,Yes,26.06,No,Yes,Fiber Optic,3,No,No,Yes,No,No,No,No,Yes,Month-to-Month,No,Bank Withdrawal,75.3,75.3,0.0,0,26.06,1,2,75.3,2176
Female,20,No,Yes,0,8,72,No Offer,Yes,37.45,Yes,Yes,DSL,48,Yes,Yes,Yes,Yes,Yes,Yes,Yes,No,Two Year,Yes,Bank Withdrawal,92.4,6786.1,0.0,150,2696.4,3,7,94.2513888888889,5527
Male,60,No,No,0,0,31,No Offer,Yes,42.05,Yes,Yes,Fiber Optic,12,No,Yes,No,No,No,No,No,Yes,Month-to-Month,Yes,Bank Withdrawal,81.15,2640.55,0.0,0,1303.55,3,2,85.17903225806452,3031
Female,37,No,Yes,5,5,27,Offer C,Yes,19.32,No,Yes,DSL,30,No,Yes,No,No,No,No,No,Yes,Month-to-Month,No,Credit Card,49.85,1336.15,0.0,0,521.64,3,2,49.48703703703704,5580
Male,26,No,No,0,0,27,No Offer,Yes,20.66,No,No,No Internet,0,No,No,No,No,No,No,No,No,Month-to-Month,Yes,Bank Withdrawal,19.4,529.8,0.0,0,557.82,5,0,19.62222222222222,3792
Male,53,No,No,0,0,35,Offer C,Yes,25.04,Yes,Yes,Fiber Optic,21,No,No,No,No,No,No,No,Yes,Month-to-Month,No,Credit Card,75.35,2636.05,0.0,0,876.4,3,1,75.3157142857143,2785
Female,52,No,Yes,0,6,72,No Offer,Yes,42.64,Yes,Yes,DSL,15,Yes,Yes,Yes,Yes,Yes,Yes,Yes,Yes,Two Year,Yes,Bank Withdrawal,90.95,6468.6,0.0,0,3070.08,3,8,89.84166666666667,6091
Male,72,Yes,Yes,0,6,44,Offer B,Yes,14.65,Yes,Yes,Fiber Optic,30,No,No,Yes,No,Yes,No,No,Yes,Two Year,Yes,Bank Withdrawal,89.2,4040.2,0.0,0,644.6,4,3,91.82272727272726,2925
Male,49,No,Yes,0,0,67,No Offer,Yes,42.77,Yes,Yes,DSL,3,Yes,No,Yes,No,Yes,Yes,Yes,Yes,Two Year,Yes,Bank Withdrawal,79.7,5293.4,0.0,0,2865.59,1,6,79.00597014925373,6289
Female,64,No,Yes,1,1,53,Offer B,Yes,28.36,Yes,Yes,Fiber Optic,17,Yes,Yes,Yes,Yes,No,Yes,Yes,Yes,Two Year,Yes,Bank Withdrawal,104.05,5566.4,0.0,0,1503.08,3,7,105.02641509433961,4190
Female,48,No,Yes,4,1,54,No Offer,Yes,41.93,No,No,No Internet,0,No,No,No,No,No,No,No,No,Two Year,Yes,Bank Withdrawal,20.35,1092.35,0.0,0,2264.22,3,0,20.2287037037037,5646
Male,42,No,Yes,3,7,61,Offer B,Yes,31.49,No,No,No Internet,0,No,No,No,No,No,No,No,No,One Year,No,Credit Card,20.4,1226.45,0.0,0,1920.89,3,0,20.105737704918035,5897
Male,58,No,No,0,0,1,No Offer,Yes,6.44,No,Yes,DSL,4,No,No,No,Yes,No,No,No,Yes,Month-to-Month,No,Mailed Check,51.25,51.25,0.0,0,6.44,1,2,51.25,2180
Female,41,No,No,0,0,63,Offer B,Yes,40.34,No,Yes,Fiber Optic,8,No,No,Yes,Yes,Yes,No,No,Yes,One Year,Yes,Credit Card,90.05,5817.0,0.0,0,2541.42,3,4,92.33333333333333,4039
Male,21,No,Yes,0,7,70,Offer A,No,0.0,No,Yes,DSL,30,Yes,No,Yes,Yes,Yes,Yes,Yes,Yes,Two Year,No,Bank Withdrawal,59.5,4144.8,23.72,0,0.0,4,7,59.21142857142858,4031
Female,27,No,No,0,0,19,No Offer,No,0.0,No,Yes,DSL,48,No,No,No,No,Yes,Yes,Yes,Yes,One Year,Yes,Credit Card,44.85,893.55,0.0,0,0.0,3,4,47.02894736842105,5182
Male,38,No,Yes,0,9,55,Offer B,Yes,6.63,No,Yes,DSL,23,Yes,Yes,Yes,No,No,No,No,Yes,Two Year,No,Bank Withdrawal,58.6,3068.6,0.0,0,364.65,3,4,55.79272727272727,6231
Female,59,No,Yes,0,1,6,Offer E,Yes,6.94,No,Yes,DSL,28,No,No,No,Yes,No,No,No,Yes,Month-to-Month,Yes,Bank Withdrawal,49.15,270.8,0.0,0,41.64,1,2,45.13333333333333,5271
Male,43,No,Yes,0,6,8,No Offer,Yes,23.18,Yes,No,No Internet,0,No,No,No,No,No,No,No,No,One Year,No,Mailed Check,24.4,203.95,0.0,0,185.44,5,0,25.49375,2028
Female,34,No,No,0,0,8,No Offer,Yes,36.39,No,Yes,Fiber Optic,7,No,No,No,No,Yes,No,No,Yes,Month-to-Month,Yes,Bank Withdrawal,80.1,679.3,0.0,0,291.12,1,2,84.9125,5071
Female,64,No,Yes,3,9,72,No Offer,Yes,6.9,No,No,No Internet,0,No,No,No,No,No,No,No,No,Two Year,Yes,Credit Card,20.7,1482.3,0.0,0,496.8,5,0,20.5875,4528
Male,38,No,Yes,2,1,69,No Offer,Yes,42.9,No,Yes,Fiber Optic,24,Yes,Yes,No,Yes,Yes,Yes,Yes,Yes,Two Year,Yes,Credit Card,106.35,7261.75,0.0,0,2960.1,4,7,105.2427536231884,6315
Male,46,No,No,0,0,17,No Offer,Yes,31.6,No,No,No Internet,0,No,No,No,No,No,No,No,No,One Year,Yes,Credit Card,20.1,279.5,0.0,0,537.2,4,0,16.441176470588236,2185
Male,51,No,Yes,0,8,67,No Offer,Yes,46.89,No,Yes,Fiber Optic,29,Yes,Yes,Yes,Yes,Yes,Yes,Yes,Yes,Two Year,Yes,Bank Withdrawal,111.05,7321.05,0.0,0,3141.63,3,8,109.26940298507463,6103
Male,40,No,No,0,0,68,No Offer,Yes,49.42,Yes,Yes,Fiber Optic,7,Yes,Yes,Yes,No,No,Yes,Yes,Yes,Two Year,Yes,Bank Withdrawal,102.1,7149.35,0.0,0,3360.56,3,6,105.1375,5228
Male,20,No,No,2,0,27,No Offer,Yes,30.36,No,No,No Internet,0,No,No,No,No,No,No,No,No,Month-to-Month,No,Credit Card,19.15,537.35,0.0,0,819.72,3,0,19.901851851851852,4004
Male,77,Yes,No,0,0,1,No Offer,Yes,49.6,Yes,Yes,Fiber Optic,20,No,No,Yes,No,Yes,No,No,No,Month-to-Month,Yes,Bank Withdrawal,88.8,88.8,0.0,10,49.6,1,2,88.8,3106
Female,38,No,No,0,0,9,No Offer,Yes,15.62,No,Yes,DSL,2,No,No,No,No,No,No,No,Yes,Month-to-Month,No,Bank Withdrawal,45.15,416.45,0.0,0,140.58,1,1,46.27222222222222,3757
Male,70,Yes,Yes,0,5,4,No Offer,Yes,6.03,No,Yes,Fiber Optic,8,No,No,No,No,No,No,No,Yes,Two Year,Yes,Bank Withdrawal,70.2,280.35,30.75,0,24.12,5,1,70.0875,4444
Female,55,No,No,0,0,47,No Offer,Yes,26.35,No,Yes,Cable,5,Yes,Yes,No,Yes,No,No,No,Yes,One Year,Yes,Credit Card,58.9,2813.05,0.0,0,1238.45,4,4,59.85212765957447,5774
Female,57,No,Yes,0,6,59,No Offer,Yes,14.49,Yes,Yes,Cable,25,Yes,Yes,No,Yes,No,No,No,Yes,One Year,No,Mailed Check,65.5,3801.3,0.0,0,854.91,3,4,64.42881355932204,5631
Male,20,No,No,0,0,4,No Offer,Yes,41.94,No,No,No Internet,0,No,No,No,No,No,No,No,No,Month-to-Month,No,Credit Card,19.75,78.3,0.0,0,167.76,3,0,19.575,4987
Female,28,No,Yes,0,8,41,Offer B,Yes,18.84,Yes,Yes,Cable,26,Yes,Yes,Yes,No,Yes,No,No,Yes,One Year,Yes,Credit Card,78.35,3211.2,0.0,0,772.44,3,5,78.32195121951219,2894
Female,41,No,No,0,0,72,Offer A,Yes,19.6,Yes,Yes,Fiber Optic,15,Yes,Yes,Yes,Yes,Yes,Yes,Yes,Yes,Two Year,No,Credit Card,115.05,8405.0,0.0,0,1411.2,3,8,116.73611111111111,5905
Female,35,No,No,0,0,10,Offer D,Yes,37.36,Yes,Yes,Fiber Optic,28,Yes,No,No,No,Yes,Yes,Yes,Yes,Month-to-Month,Yes,Bank Withdrawal,98.7,973.25,0.0,0,373.6,1,5,97.325,5561
Male,19,No,Yes,3,10,52,No Offer,Yes,40.76,No,No,No Internet,0,No,No,No,No,No,No,No,No,Two Year,No,Credit Card,19.2,1054.75,0.0,0,2119.52,5,0,20.283653846153847,4203
Male,57,No,No,0,0,1,No Offer,Yes,22.03,No,Yes,Fiber Optic,26,No,No,No,No,No,No,No,Yes,Month-to-Month,Yes,Bank Withdrawal,69.35,69.35,0.0,0,22.03,2,1,69.35,2843
Male,62,No,Yes,2,4,72,Offer A,Yes,44.0,Yes,Yes,Fiber Optic,20,No,No,No,No,No,Yes,Yes,Yes,Two Year,Yes,Credit Card,84.5,6130.85,0.0,0,3168.0,5,3,85.15069444444445,6202
Male,54,No,No,0,0,1,No Offer,Yes,8.02,No,No,No Internet,0,No,No,No,No,No,No,No,No,Month-to-Month,Yes,Credit Card,19.5,19.5,0.0,0,8.02,5,0,19.5,3753
Female,75,Yes,No,0,0,6,Offer E,Yes,8.91,No,Yes,Fiber Optic,27,No,No,Yes,No,No,No,No,No,Month-to-Month,No,Bank Withdrawal,74.4,434.1,0.0,20,53.46,1,1,72.35000000000001,3964
Male,23,No,No,0,0,24,No Offer,Yes,27.97,Yes,Yes,Fiber Optic,58,No,No,Yes,No,Yes,No,Yes,Yes,Month-to-Month,Yes,Mailed Check,89.85,2165.05,0.0,0,671.28,3,4,90.21041666666667,2050
Male,34,No,No,0,0,10,No Offer,Yes,49.58,No,Yes,DSL,17,No,No,No,No,No,No,No,Yes,Month-to-Month,Yes,Credit Card,44.85,435.4,0.0,0,495.8,2,1,43.54,4061
Female,50,No,No,0,0,22,Offer D,Yes,10.25,No,No,No Internet,0,No,No,No,No,No,No,No,No,One Year,No,Bank Withdrawal,20.85,450.65,0.0,0,225.5,5,0,20.48409090909091,3171
Female,26,No,No,0,0,8,No Offer,Yes,5.27,No,No,No Internet,0,No,No,No,No,No,No,No,No,One Year,Yes,Bank Withdrawal,20.2,140.95,0.0,0,42.16,4,0,17.61875,5066
Male,62,No,No,0,0,29,Offer C,Yes,48.2,No,Yes,Fiber Optic,19,No,No,Yes,Yes,Yes,Yes,Yes,Yes,Month-to-Month,Yes,Credit Card,98.8,2807.1,0.0,0,1397.8,5,6,96.79655172413793,4580
Female,26,No,Yes,2,6,38,No Offer,Yes,2.86,No,No,No Internet,0,No,No,No,No,No,No,No,No,Month-to-Month,No,Credit Card,20.45,781.25,0.0,0,108.68,4,0,20.55921052631579,5587
Male,32,No,Yes,1,1,72,No Offer,No,0.0,No,Yes,DSL,16,Yes,Yes,Yes,Yes,Yes,Yes,Yes,No,Two Year,Yes,Bank Withdrawal,65.65,4664.5,0.0,60,0.0,3,7,64.78472222222223,4934
Male,40,No,Yes,1,1,51,Offer B,Yes,28.96,No,No,No Internet,0,No,No,No,No,No,No,No,No,Two Year,No,Credit Card,19.55,1086.75,0.0,0,1476.96,4,0,21.308823529411764,5974
Male,35,No,Yes,0,1,17,No Offer,Yes,13.68,No,Yes,Fiber Optic,11,No,No,No,No,No,No,No,Yes,Month-to-Month,Yes,Bank Withdrawal,70.4,1214.05,0.0,0,232.56,1,1,71.41470588235293,4469
Female,46,No,No,0,0,13,No Offer,No,0.0,No,Yes,Cable,16,No,Yes,No,No,No,No,No,Yes,Month-to-Month,Yes,Bank Withdrawal,31.05,347.25,0.0,0,0.0,2,2,26.71153846153846,5131
Female,52,No,No,0,0,51,No Offer,No,0.0,No,Yes,DSL,24,No,Yes,Yes,No,Yes,Yes,Yes,Yes,One Year,Yes,Credit Card,56.4,2928.5,0.0,0,0.0,4,6,57.42156862745098,4380
Male,76,Yes,Yes,0,3,46,No Offer,Yes,49.11,Yes,Yes,Fiber Optic,17,Yes,Yes,Yes,No,Yes,No,No,Yes,Month-to-Month,Yes,Bank Withdrawal,100.7,4541.2,46.64,0,2259.06,1,5,98.72173913043478,5712
Female,20,No,Yes,2,0,10,Offer D,Yes,6.5,Yes,Yes,Fiber Optic,76,No,No,No,No,No,Yes,Yes,Yes,Month-to-Month,No,Bank Withdrawal,85.95,858.6,0.0,0,65.0,3,3,85.86,4922
Female,41,No,Yes,3,7,50,No Offer,Yes,47.48,No,Yes,Fiber Optic,27,No,No,Yes,Yes,Yes,Yes,Yes,Yes,One Year,No,Credit Card,103.05,5153.5,0.0,0,2374.0,4,6,103.07,5905
Female,28,No,Yes,0,8,17,Offer D,Yes,8.74,No,No,No Internet,0,No,No,No,No,No,No,No,No,One Year,No,Credit Card,20.75,418.25,0.0,0,148.58,4,0,24.602941176470587,3646
Female,35,No,No,0,0,17,No Offer,Yes,4.38,No,No,No Internet,0,No,No,No,No,No,No,No,No,One Year,No,Mailed Check,20.15,353.65,0.0,0,74.46,5,0,20.802941176470586,4650
Male,57,No,Yes,0,6,37,No Offer,Yes,27.41,Yes,Yes,DSL,10,Yes,No,No,No,No,No,No,Yes,Month-to-Month,Yes,Mailed Check,55.05,2030.75,0.0,0,1014.17,5,2,54.88513513513514,3839
Male,33,No,No,0,0,3,No Offer,Yes,2.78,No,No,No Internet,0,No,No,No,No,No,No,No,No,One Year,Yes,Credit Card,19.45,69.25,0.0,0,8.34,4,0,23.083333333333332,2787
Female,56,No,Yes,1,7,61,No Offer,Yes,34.84,Yes,No,No Internet,0,No,No,No,No,No,No,No,No,Two Year,Yes,Credit Card,24.2,1445.2,0.0,0,2125.24,3,0,23.691803278688525,6201
Female,54,No,No,0,0,44,No Offer,Yes,40.17,Yes,Yes,Fiber Optic,6,No,Yes,Yes,No,No,No,No,Yes,Month-to-Month,Yes,Bank Withdrawal,84.8,3862.55,0.0,0,1767.48,2,3,87.78522727272728,3997
Female,46,No,No,3,0,35,No Offer,Yes,12.56,No,Yes,DSL,56,Yes,Yes,No,No,No,No,No,Yes,One Year,No,Credit Card,55.6,2016.45,0.0,0,439.6,3,3,57.612857142857145,5964
Male,40,No,No,0,0,5,Offer E,Yes,42.52,No,No,No Internet,0,No,No,No,No,No,No,No,No,Month-to-Month,No,Bank Withdrawal,20.65,93.55,0.0,0,212.6,4,0,18.71,5597
Male,34,No,No,2,0,9,Offer E,Yes,45.83,No,No,No Internet,0,No,No,No,No,No,No,No,No,Month-to-Month,No,Credit Card,20.4,184.1,0.0,0,412.47,4,0,20.455555555555556,4195
Female,57,No,No,0,0,10,No Offer,Yes,2.84,No,No,No Internet,0,No,No,No,No,No,No,No,No,One Year,Yes,Credit Card,19.8,198.25,0.0,0,28.4,3,0,19.825,5270
Female,41,No,No,0,0,7,No Offer,Yes,39.59,No,No,No Internet,0,No,No,No,No,No,No,No,No,One Year,No,Credit Card,20.25,129.15,0.0,0,277.13,5,0,18.45,4208
Male,71,Yes,No,0,0,55,No Offer,No,0.0,No,Yes,DSL,23,No,No,Yes,No,Yes,Yes,No,Yes,One Year,Yes,Bank Withdrawal,50.05,2743.45,0.0,0,0.0,4,4,49.880909090909086,4932
Male,38,No,No,0,0,60,Offer B,No,0.0,No,Yes,DSL,25,Yes,Yes,Yes,No,No,No,No,Yes,Two Year,No,Bank Withdrawal,39.6,2424.5,38.46,0,0.0,3,4,40.40833333333333,5544
Female,65,Yes,Yes,0,10,65,Offer B,Yes,36.49,No,Yes,Fiber Optic,9,No,Yes,Yes,Yes,Yes,Yes,Yes,Yes,Two Year,Yes,Credit Card,105.85,6725.5,0.0,0,2371.85,4,7,103.46923076923076,4872
Female,57,No,No,0,0,19,Offer D,Yes,40.22,No,Yes,Cable,22,No,No,No,No,No,Yes,Yes,Yes,Month-to-Month,Yes,Bank Withdrawal,56.2,1093.4,0.0,0,764.18,5,3,57.54736842105264,3384
Female,65,Yes,Yes,0,1,29,No Offer,Yes,22.33,Yes,Yes,Fiber Optic,6,No,No,Yes,No,Yes,Yes,Yes,Yes,Month-to-Month,Yes,Bank Withdrawal,99.05,2952.85,0.0,0,647.57,1,5,101.82241379310345,3179
Male,54,No,Yes,3,9,53,No Offer,Yes,27.93,Yes,Yes,DSL,57,Yes,Yes,No,No,No,Yes,Yes,Yes,Two Year,No,Bank Withdrawal,69.7,3686.05,0.0,0,1480.29,3,5,69.54811320754717,4975
Male,53,No,Yes,0,0,5,Offer E,Yes,31.76,No,No,No Internet,0,No,No,No,No,No,No,No,No,Month-to-Month,No,Mailed Check,19.35,126.05,0.0,0,158.8,1,0,25.21,3864
Female,43,No,Yes,3,10,71,Offer A,Yes,41.71,Yes,Yes,Cable,20,Yes,Yes,Yes,Yes,Yes,Yes,Yes,Yes,Two Year,Yes,Credit Card,90.55,6239.05,0.0,0,2961.41,4,8,87.87394366197184,6009
Female,27,No,Yes,1,1,4,No Offer,Yes,39.89,No,No,No Internet,0,No,No,No,No,No,No,No,No,Month-to-Month,No,Credit Card,20.85,62.9,0.0,0,159.56,5,0,15.725,3172
Female,40,No,Yes,0,9,41,Offer B,Yes,8.44,No,No,No Internet,0,No,No,No,No,No,No,No,No,Two Year,No,Credit Card,20.65,875.55,0.0,0,346.04,3,0,21.35487804878049,5062
Male,39,No,Yes,2,2,67,Offer A,No,0.0,No,Yes,DSL,17,Yes,No,No,No,Yes,Yes,Yes,Yes,Two Year,No,Credit Card,50.9,3281.65,0.0,0,0.0,4,5,48.97985074626866,5281
Male,37,No,Yes,0,8,14,Offer D,Yes,45.57,Yes,Yes,Fiber Optic,10,No,Yes,Yes,No,No,No,No,Yes,Month-to-Month,Yes,Bank Withdrawal,82.65,1185.0,0.0,0,637.98,5,3,84.64285714285714,4965
Male,55,No,Yes,3,7,10,No Offer,Yes,13.83,No,No,No Internet,0,No,No,No,No,No,No,No,No,Month-to-Month,Yes,Credit Card,20.05,218.5,0.0,0,138.3,4,0,21.85,2049
Male,60,No,No,0,0,35,Offer C,Yes,49.61,No,Yes,Fiber Optic,26,Yes,No,No,Yes,No,Yes,Yes,Yes,One Year,Yes,Bank Withdrawal,89.2,3251.3,0.0,0,1736.35,4,5,92.89428571428572,4446
Female,58,No,Yes,0,1,9,Offer E,Yes,22.0,Yes,Yes,Fiber Optic,7,Yes,Yes,Yes,No,No,No,No,Yes,Month-to-Month,No,Bank Withdrawal,91.75,865.8,0.0,0,198.0,1,4,96.19999999999999,4176
Male,65,Yes,No,0,0,12,Offer D,Yes,28.63,No,Yes,Cable,7,No,Yes,Yes,Yes,No,No,No,No,Month-to-Month,Yes,Credit Card,83.8,1029.75,44.58,80,343.56,1,3,85.8125,5565
Male,32,No,Yes,0,4,71,No Offer,Yes,15.12,Yes,Yes,DSL,30,No,Yes,Yes,Yes,Yes,Yes,Yes,Yes,Two Year,No,Credit Card,84.2,5956.85,0.0,0,1073.52,4,7,83.8992957746479,4753
Male,75,Yes,No,0,0,31,No Offer,Yes,46.71,Yes,Yes,Fiber Optic,24,No,Yes,No,No,Yes,No,No,No,Two Year,Yes,Bank Withdrawal,90.7,2845.15,0.0,100,1448.01,5,2,91.77903225806452,3493
Female,52,No,No,0,0,3,No Offer,Yes,17.01,No,Yes,Fiber Optic,28,No,Yes,No,No,Yes,Yes,Yes,Yes,Month-to-Month,No,Bank Withdrawal,95.4,293.15,0.0,0,51.03,3,5,97.71666666666665,2813
Male,57,No,Yes,2,4,42,Offer B,Yes,9.33,No,No,No Internet,0,No,No,No,No,No,No,No,No,One Year,No,Credit Card,20.25,854.9,0.0,0,391.86,4,0,20.354761904761904,4439
Female,41,No,Yes,0,9,72,Offer A,Yes,9.6,Yes,Yes,Fiber Optic,25,Yes,Yes,No,Yes,No,No,No,Yes,Two Year,Yes,Bank Withdrawal,90.35,6563.4,0.0,0,691.2,3,4,91.15833333333333,5794
Female,65,Yes,No,0,0,4,No Offer,Yes,36.93,No,Yes,Fiber Optic,18,No,No,No,No,Yes,No,No,Yes,Month-to-Month,Yes,Bank Withdrawal,78.85,292.8,0.0,0,147.72,3,2,73.2,5301
Male,49,No,No,0,0,4,No Offer,Yes,23.04,No,No,No Internet,0,No,No,No,No,No,No,No,No,One Year,No,Credit Card,19.7,117.8,0.0,0,92.16,3,0,29.45,5018
Male,52,No,Yes,0,9,42,No Offer,Yes,41.16,Yes,Yes,Fiber Optic,11,Yes,No,Yes,No,No,Yes,Yes,Yes,Month-to-Month,Yes,Bank Withdrawal,94.4,4014.6,0.0,0,1728.72,3,5,95.58571428571429,2662
Male,48,No,Yes,0,1,68,Offer A,Yes,23.67,Yes,Yes,Fiber Optic,22,Yes,Yes,Yes,Yes,Yes,Yes,Yes,Yes,Two Year,Yes,Bank Withdrawal,113.15,7856.0,0.0,0,1609.56,1,8,115.52941176470588,4610
Male,76,Yes,Yes,0,0,64,No Offer,Yes,29.43,Yes,No,No Internet,0,No,No,No,No,No,No,No,No,Two Year,No,Credit Card,25.65,1740.8,0.0,0,1883.52,5,0,27.2,6469
Female,62,No,Yes,3,3,54,Offer B,Yes,42.35,Yes,Yes,Fiber Optic,76,Yes,Yes,No,No,Yes,Yes,Yes,Yes,Month-to-Month,Yes,Bank Withdrawal,104.1,5645.8,0.0,0,2286.9,4,6,104.55185185185185,5795
Male,56,No,Yes,0,3,37,No Offer,Yes,2.15,No,No,No Internet,0,No,No,No,No,No,No,No,No,Month-to-Month,No,Bank Withdrawal,20.35,697.65,45.07,0,79.55,4,0,18.855405405405406,3078
Male,80,Yes,Yes,0,3,71,Offer A,Yes,37.25,Yes,No,No Internet,0,No,No,No,No,No,No,No,No,Two Year,No,Credit Card,25.45,1789.65,0.0,0,2644.75,5,0,25.206338028169014,5341
Female,59,No,Yes,0,6,55,Offer B,Yes,24.93,No,Yes,Fiber Optic,17,Yes,No,No,No,Yes,Yes,Yes,Yes,One Year,Yes,Bank Withdrawal,94.75,5276.1,0.0,0,1371.15,4,5,95.92909090909092,6021
Male,37,No,No,0,0,64,No Offer,Yes,45.82,Yes,Yes,Fiber Optic,14,No,Yes,Yes,No,Yes,Yes,Yes,Yes,Two Year,Yes,Bank Withdrawal,104.4,6692.65,0.0,0,2932.48,4,6,104.57265625,5617
Female,35,No,Yes,0,10,72,Offer A,Yes,29.0,Yes,Yes,Fiber Optic,22,Yes,Yes,Yes,Yes,Yes,Yes,Yes,Yes,Two Year,Yes,Bank Withdrawal,113.65,8182.75,0.0,0,2088.0,3,8,113.64930555555556,5411
Female,22,No,No,0,0,65,No Offer,Yes,26.83,Yes,Yes,Fiber Optic,59,No,Yes,No,Yes,Yes,Yes,Yes,Yes,One Year,Yes,Bank Withdrawal,105.05,6744.25,0.0,0,1743.95,5,6,103.75769230769231,5742
Female,50,No,No,0,0,11,No Offer,Yes,1.87,Yes,No,No Internet,0,No,No,No,No,No,No,No,No,One Year,No,Bank Withdrawal,25.2,245.15,0.0,0,20.57,4,0,22.286363636363635,4998
Female,62,No,No,0,0,53,Offer B,Yes,10.32,No,No,No Internet,0,No,No,No,No,No,No,No,No,Two Year,No,Mailed Check,18.7,1005.7,0.0,0,546.96,5,0,18.975471698113207,4116
Male,21,No,Yes,0,1,3,Offer E,Yes,29.29,No,Yes,Cable,52,No,Yes,Yes,No,No,No,Yes,Yes,Month-to-Month,Yes,Mailed Check,56.15,168.15,0.0,0,87.87,1,4,56.050000000000004,2539
Male,49,No,No,5,0,14,No Offer,Yes,40.66,No,No,No Internet,0,No,No,No,No,No,No,No,No,Month-to-Month,No,Credit Card,19.95,268.4,0.0,0,569.24,5,0,19.17142857142857,5770
Female,72,Yes,No,0,0,5,Offer E,Yes,36.27,No,Yes,Fiber Optic,17,Yes,Yes,No,No,No,No,No,Yes,Month-to-Month,No,Bank Withdrawal,80.7,374.8,0.0,0,181.35,4,3,74.96000000000001,3468
Male,66,Yes,No,0,0,68,No Offer,Yes,19.67,Yes,Yes,Fiber Optic,28,No,Yes,Yes,No,No,Yes,No,Yes,Month-to-Month,Yes,Bank Withdrawal,95.9,6503.2,0.0,0,1337.56,3,4,95.63529411764705,5080
Male,65,Yes,Yes,0,6,19,No Offer,No,0.0,No,Yes,DSL,14,No,Yes,Yes,No,No,No,No,Yes,Month-to-Month,Yes,Credit Card,34.3,577.15,0.0,0,0.0,5,3,30.376315789473683,4615
Female,22,No,No,0,0,21,Offer D,Yes,6.12,No,Yes,Fiber Optic,51,No,Yes,No,Yes,Yes,Yes,Yes,Yes,Month-to-Month,Yes,Bank Withdrawal,99.15,1956.4,0.0,0,128.52,3,6,93.16190476190476,5324
Male,69,Yes,Yes,0,2,23,No Offer,Yes,45.83,No,No,No Internet,0,No,No,No,No,No,No,No,No,One Year,Yes,Bank Withdrawal,20.75,485.2,37.64,0,1054.09,5,0,21.09565217391304,3418
Male,34,No,No,0,0,2,No Offer,Yes,16.76,No,Yes,Fiber Optic,27,No,Yes,No,No,Yes,Yes,Yes,Yes,Month-to-Month,No,Bank Withdrawal,95.65,167.3,0.0,0,33.52,3,5,83.65,5332
Male,36,No,Yes,0,1,63,No Offer,No,0.0,No,Yes,Cable,5,Yes,Yes,Yes,No,Yes,Yes,Yes,Yes,Two Year,No,Bank Withdrawal,59.0,3707.6,0.0,0,0.0,3,7,58.85079365079365,5639
Female,73,Yes,Yes,0,1,1,No Offer,Yes,37.3,No,Yes,Fiber Optic,8,No,No,No,No,No,No,No,Yes,Month-to-Month,Yes,Bank Withdrawal,69.25,69.25,0.0,0,37.3,1,1,69.25,4568
Female,45,No,Yes,0,1,59,No Offer,Yes,20.78,Yes,Yes,Fiber Optic,26,No,No,Yes,Yes,Yes,No,No,Yes,Month-to-Month,No,Bank Withdrawal,93.35,5386.5,36.07,0,1226.02,3,4,91.29661016949153,4814
Male,79,Yes,Yes,0,1,30,Offer C,Yes,48.02,Yes,Yes,Fiber Optic,24,No,No,No,Yes,Yes,Yes,No,Yes,Month-to-Month,Yes,Bank Withdrawal,101.5,2917.65,0.0,0,1440.6,5,4,97.25500000000001,4828
Male,37,No,No,0,0,12,Offer D,Yes,2.29,Yes,No,No Internet,0,No,No,No,No,No,No,No,No,Month-to-Month,No,Bank Withdrawal,25.0,316.2,0.0,0,27.48,4,0,26.349999999999998,4408
Male,56,No,No,0,0,65,No Offer,Yes,4.9,Yes,No,No Internet,0,No,No,No,No,No,No,No,No,Two Year,No,Credit Card,25.75,1654.75,41.74,0,318.5,5,0,25.45769230769231,5707
Male,65,Yes,No,0,0,15,Offer D,Yes,29.11,No,Yes,Fiber Optic,29,No,Yes,No,No,No,No,No,Yes,Month-to-Month,Yes,Bank Withdrawal,74.4,1074.3,0.0,0,436.65,1,2,71.61999999999999,4616
Female,21,No,Yes,0,2,25,No Offer,Yes,10.49,No,No,No Internet,0,No,No,No,No,No,No,No,No,One Year,Yes,Bank Withdrawal,20.2,507.9,0.0,0,262.25,3,0,20.316,4129
Female,31,No,No,0,0,2,Offer E,Yes,37.76,No,Yes,Fiber Optic,10,No,No,No,No,No,No,No,Yes,Month-to-Month,No,Bank Withdrawal,70.0,153.05,0.0,0,75.52,3,1,76.525,2928
Male,65,Yes,No,0,0,14,No Offer,Yes,37.62,Yes,Yes,Fiber Optic,10,No,No,No,No,Yes,Yes,Yes,Yes,Month-to-Month,Yes,Bank Withdrawal,95.6,1273.3,0.0,0,526.68,3,4,90.95,3502
Female,34,No,No,0,0,23,Offer D,Yes,10.41,No,No,No Internet,0,No,No,No,No,No,No,No,No,One Year,Yes,Credit Card,19.65,478.1,0.0,0,239.43,3,0,20.786956521739132,5916
Male,23,No,No,0,0,26,No Offer,Yes,38.04,Yes,Yes,DSL,73,Yes,Yes,No,No,No,No,No,Yes,One Year,No,Bank Withdrawal,61.55,1581.95,0.0,0,989.04,3,3,60.84423076923077,5156
Male,45,No,No,0,0,1,No Offer,Yes,45.28,No,Yes,DSL,2,No,No,No,No,No,No,No,Yes,Month-to-Month,No,Mailed Check,44.6,44.6,0.0,0,45.28,4,1,44.6,4864
Female,55,No,Yes,0,1,1,Offer E,Yes,28.04,No,Yes,Fiber Optic,30,No,No,No,No,Yes,No,No,Yes,Month-to-Month,No,Bank Withdrawal,78.8,78.8,0.0,0,28.04,3,2,78.8,5075
Female,57,No,No,0,0,4,Offer E,Yes,38.96,No,Yes,DSL,10,No,No,No,No,Yes,No,No,Yes,Month-to-Month,No,Credit Card,55.5,227.35,0.0,0,155.84,4,2,56.8375,2328
Female,46,No,Yes,0,10,44,Offer B,Yes,32.72,Yes,Yes,Fiber Optic,6,Yes,Yes,Yes,Yes,No,No,No,Yes,Month-to-Month,Yes,Credit Card,95.1,4060.55,0.0,0,1439.68,3,5,92.28522727272728,2221
Female,49,No,No,0,0,68,Offer A,Yes,2.83,No,No,No Internet,0,No,No,No,No,No,No,No,No,Two Year,No,Bank Withdrawal,20.05,1386.9,0.0,0,192.44,4,0,20.39558823529412,5740
Male,50,No,No,0,0,1,Offer E,Yes,16.36,No,No,No Internet,0,No,No,No,No,No,No,No,No,Month-to-Month,No,Credit Card,19.3,19.3,0.0,0,16.36,5,0,19.3,5626
Male,23,No,Yes,0,5,70,Offer A,Yes,45.24,Yes,Yes,Fiber Optic,42,No,Yes,Yes,Yes,No,Yes,Yes,Yes,Two Year,Yes,Bank Withdrawal,98.7,6858.9,0.0,0,3166.8,3,6,97.9842857142857,5582
Male,78,Yes,Yes,0,1,20,No Offer,Yes,32.54,No,Yes,Fiber Optic,5,Yes,No,Yes,Yes,No,Yes,No,Yes,One Year,No,Credit Card,94.3,1818.3,0.0,0,650.8,3,5,90.91499999999999,2574
Male,25,No,No,0,0,5,No Offer,No,0.0,No,Yes,Cable,59,Yes,No,Yes,Yes,No,No,Yes,Yes,Month-to-Month,No,Credit Card,40.0,223.45,0.0,0,0.0,1,5,44.69,3125
Female,27,No,Yes,0,1,68,Offer A,Yes,1.29,Yes,Yes,Fiber Optic,27,Yes,Yes,Yes,Yes,Yes,Yes,Yes,Yes,Two Year,No,Credit Card,118.6,7990.05,38.57,0,87.72,4,8,117.50073529411765,4175
Female,24,No,No,0,0,43,No Offer,Yes,12.88,Yes,Yes,Fiber Optic,59,No,Yes,Yes,No,Yes,Yes,Yes,Yes,Two Year,Yes,Bank Withdrawal,104.6,4759.85,0.0,0,553.84,1,6,110.69418604651163,5250
Female,63,No,No,0,0,17,Offer D,Yes,3.84,No,No,No Internet,0,No,No,No,No,No,No,No,No,One Year,No,Credit Card,20.05,337.9,43.68,0,65.28,4,0,19.876470588235293,4828
Female,26,No,No,0,0,8,Offer E,Yes,19.68,Yes,Yes,Fiber Optic,41,Yes,No,No,Yes,Yes,Yes,Yes,Yes,Month-to-Month,Yes,Bank Withdrawal,103.35,847.3,0.0,0,157.44,1,6,105.9125,2363
Male,64,No,Yes,0,6,52,Offer B,Yes,41.34,Yes,Yes,Cable,24,Yes,Yes,Yes,Yes,No,Yes,Yes,Yes,One Year,Yes,Credit Card,81.4,4354.45,0.0,0,2149.68,4,7,83.73942307692307,4628
Male,71,Yes,Yes,1,9,38,No Offer,Yes,28.3,Yes,Yes,Fiber Optic,27,No,Yes,No,No,Yes,Yes,No,Yes,One Year,No,Bank Withdrawal,101.15,3741.85,0.0,0,1075.4,5,4,98.46973684210526,4036
Female,48,No,Yes,3,1,53,No Offer,Yes,43.71,No,No,No Internet,0,No,No,No,No,No,No,No,No,Two Year,No,Credit Card,20.9,1146.05,0.0,0,2316.63,5,0,21.623584905660376,4254
Male,39,No,Yes,0,10,72,No Offer,Yes,31.15,Yes,Yes,Cable,16,No,Yes,Yes,Yes,Yes,Yes,Yes,Yes,Two Year,Yes,Credit Card,85.45,6227.5,0.0,0,2242.8,4,7,86.49305555555556,5641
Female,58,No,Yes,0,1,54,Offer B,Yes,32.72,No,No,No Internet,0,No,No,No,No,No,No,No,No,Two Year,No,Credit Card,20.05,1102.4,0.0,0,1766.88,5,0,20.414814814814818,4212
Female,55,No,Yes,1,1,1,Offer E,Yes,3.09,No,No,No Internet,0,No,No,No,No,No,No,No,No,Month-to-Month,Yes,Credit Card,20.15,20.15,0.0,0,3.09,2,0,20.15,4277
Female,62,No,No,0,0,37,Offer C,Yes,30.17,No,No,No Internet,0,No,No,No,No,No,No,No,No,One Year,Yes,Bank Withdrawal,19.8,695.05,0.0,0,1116.29,5,0,18.785135135135135,5987
Male,69,Yes,Yes,0,4,70,No Offer,Yes,40.94,Yes,Yes,DSL,8,Yes,Yes,Yes,Yes,Yes,Yes,No,Yes,Two Year,Yes,Credit Card,88.55,6306.5,0.0,0,2865.8,3,7,90.09285714285714,4097
Male,19,No,No,0,0,67,Offer A,Yes,37.32,Yes,Yes,DSL,59,Yes,Yes,Yes,Yes,Yes,Yes,Yes,Yes,One Year,Yes,Bank Withdrawal,88.8,5903.15,0.0,0,2500.44,3,8,88.10671641791045,4081
Female,62,No,Yes,0,5,40,No Offer,Yes,48.29,Yes,Yes,DSL,23,No,Yes,No,No,No,No,No,Yes,Month-to-Month,No,Credit Card,56.6,2379.1,0.0,0,1931.6,5,2,59.4775,3359
Male,22,No,No,2,0,1,No Offer,Yes,34.4,No,Yes,Cable,52,No,No,Yes,No,No,No,Yes,Yes,Month-to-Month,No,Bank Withdrawal,48.95,48.95,0.0,0,34.4,1,3,48.95,3913
Female,25,No,No,0,0,5,Offer E,Yes,1.49,Yes,Yes,Fiber Optic,51,No,Yes,No,No,Yes,No,Yes,Yes,Month-to-Month,Yes,Bank Withdrawal,90.8,455.5,0.0,0,7.45,3,4,91.1,5090
Male,44,No,Yes,0,7,44,No Offer,Yes,32.22,Yes,No,No Internet,0,No,No,No,No,No,No,No,No,One Year,No,Bank Withdrawal,24.85,1013.6,0.0,0,1417.68,3,0,23.036363636363635,5331
Female,47,No,No,0,0,1,No Offer,Yes,37.51,No,Yes,Fiber Optic,10,No,No,No,No,No,No,No,Yes,Month-to-Month,No,Mailed Check,71.1,71.1,0.0,0,37.51,5,1,71.1,3029
Male,79,Yes,Yes,0,6,33,No Offer,Yes,44.1,Yes,Yes,Fiber Optic,22,No,Yes,No,No,Yes,Yes,No,Yes,Month-to-Month,Yes,Bank Withdrawal,100.6,3270.25,0.0,0,1455.3,4,4,99.09848484848484,3669
Male,54,No,No,0,0,1,Offer E,Yes,42.95,No,Yes,DSL,9,No,No,No,No,No,No,No,Yes,Month-to-Month,Yes,Credit Card,44.3,44.3,0.0,0,42.95,5,1,44.3,4427
Male,37,No,Yes,2,7,60,No Offer,Yes,43.24,No,Yes,DSL,28,Yes,Yes,Yes,No,No,No,No,Yes,Two Year,No,Bank Withdrawal,60.5,3694.45,0.0,0,2594.4,3,4,61.57416666666666,6026
Male,35,No,Yes,1,5,72,Offer A,Yes,17.49,Yes,Yes,Fiber Optic,12,No,Yes,Yes,No,Yes,Yes,Yes,No,One Year,Yes,Credit Card,104.45,7459.0,0.0,130,1259.28,5,5,103.59722222222223,4750
Female,20,No,Yes,2,3,7,No Offer,No,0.0,No,Yes,DSL,76,No,No,No,No,No,No,Yes,Yes,Month-to-Month,Yes,Bank Withdrawal,24.7,149.05,0.0,0,0.0,3,2,21.292857142857144,3872
Male,31,No,Yes,0,1,71,Offer A,Yes,18.42,Yes,Yes,DSL,29,Yes,Yes,Yes,Yes,Yes,Yes,Yes,Yes,Two Year,No,Bank Withdrawal,90.35,6325.25,0.0,0,1307.82,4,8,89.08802816901408,6483
Male,55,No,No,0,0,66,Offer A,Yes,48.78,Yes,Yes,Fiber Optic,8,No,Yes,No,No,No,Yes,Yes,No,Month-to-Month,No,Credit Card,89.4,5976.9,36.02,40,3219.48,3,3,90.5590909090909,4889
Male,24,No,No,0,0,1,No Offer,Yes,35.77,No,Yes,Fiber Optic,69,No,No,No,No,No,Yes,Yes,Yes,Month-to-Month,No,Bank Withdrawal,80.5,80.5,0.0,0,35.77,1,3,80.5,2734
Male,35,No,Yes,2,1,53,Offer B,Yes,37.57,Yes,Yes,DSL,15,Yes,Yes,No,Yes,No,No,No,Yes,One Year,No,Bank Withdrawal,64.15,3491.55,0.0,0,1991.21,3,4,65.87830188679246,5570
Male,43,No,Yes,0,5,48,Offer B,Yes,15.95,No,No,No Internet,0,No,No,No,No,No,No,No,No,Two Year,No,Credit Card,19.25,855.1,0.0,0,765.6,4,0,17.814583333333335,2282
Female,58,No,Yes,0,2,56,No Offer,Yes,42.86,Yes,Yes,DSL,8,Yes,No,Yes,No,No,Yes,Yes,Yes,One Year,Yes,Bank Withdrawal,68.75,3808.0,0.0,0,2400.16,3,5,68.0,6198
Female,73,Yes,Yes,0,3,70,Offer A,Yes,39.34,Yes,Yes,Fiber Optic,13,No,Yes,No,Yes,Yes,Yes,No,Yes,Two Year,Yes,Bank Withdrawal,104.45,7349.35,0.0,0,2753.8,4,5,104.99071428571429,5004
Male,21,No,Yes,0,10,61,No Offer,Yes,28.8,Yes,Yes,Cable,52,Yes,No,Yes,Yes,No,Yes,Yes,Yes,Two Year,No,Credit Card,75.35,4729.3,0.0,0,1756.8,4,6,77.52950819672131,6466
Female,20,No,No,0,0,58,No Offer,Yes,35.55,No,Yes,Fiber Optic,73,No,No,No,Yes,Yes,Yes,Yes,Yes,Month-to-Month,Yes,Bank Withdrawal,95.3,5817.7,0.0,0,2061.9,4,5,100.3051724137931,6460
Female,27,No,No,3,0,28,No Offer,Yes,26.09,No,No,No Internet,0,No,No,No,No,No,No,No,No,Month-to-Month,No,Credit Card,20.25,535.35,0.0,0,730.52,5,0,19.119642857142857,4476
Female,43,No,No,0,0,9,No Offer,Yes,46.94,No,No,No Internet,0,No,No,No,No,No,No,No,No,Month-to-Month,Yes,Bank Withdrawal,19.5,178.85,0.0,0,422.46,4,0,19.87222222222222,4283
Female,39,No,Yes,0,1,67,No Offer,Yes,35.03,Yes,Yes,Fiber Optic,23,Yes,No,Yes,Yes,Yes,Yes,Yes,Yes,One Year,Yes,Bank Withdrawal,111.25,7511.65,0.0,0,2347.01,3,7,112.1141791044776,5649
Female,30,No,No,0,0,69,Offer A,Yes,23.92,Yes,Yes,Fiber Optic,42,No,Yes,Yes,Yes,Yes,Yes,Yes,Yes,Two Year,Yes,Bank Withdrawal,110.5,7455.45,0.0,0,1650.48,4,7,108.05,4803
Male,60,No,No,0,0,24,No Offer,Yes,9.53,No,Yes,Fiber Optic,24,No,Yes,Yes,Yes,No,No,No,Yes,Month-to-Month,Yes,Bank Withdrawal,85.95,2107.15,0.0,0,228.72,3,4,87.79791666666667,5421
Male,35,No,Yes,0,7,33,Offer C,Yes,48.85,No,Yes,Cable,30,Yes,No,Yes,No,Yes,Yes,Yes,Yes,One Year,No,Credit Card,74.75,2453.3,0.0,0,1612.05,3,6,74.34242424242424,5344
Female,62,No,Yes,3,1,8,Offer E,Yes,12.41,Yes,Yes,DSL,53,No,Yes,No,No,No,No,No,Yes,Month-to-Month,No,Bank Withdrawal,55.75,446.8,0.0,0,99.28,4,2,55.85,5681
Female,21,No,Yes,0,2,20,Offer D,Yes,19.15,No,No,No Internet,0,No,No,No,No,No,No,No,No,One Year,Yes,Credit Card,20.0,416.45,0.0,0,383.0,5,0,20.822499999999998,3585
Male,40,No,Yes,1,2,36,No Offer,Yes,8.0,No,Yes,Cable,19,Yes,Yes,No,No,No,No,No,Yes,One Year,No,Credit Card,53.65,1939.35,0.0,0,288.0,4,3,53.87083333333333,4113
Male,42,No,No,0,0,49,No Offer,Yes,18.97,Yes,Yes,Fiber Optic,3,No,No,No,Yes,Yes,Yes,Yes,Yes,One Year,Yes,Bank Withdrawal,100.6,5069.65,0.0,0,929.53,2,5,103.46224489795918,5585
Male,74,Yes,No,0,0,2,No Offer,Yes,6.51,No,Yes,Fiber Optic,11,No,Yes,No,No,No,No,No,Yes,Month-to-Month,Yes,Bank Withdrawal,74.7,165.4,0.0,0,13.02,2,2,82.7,2803
Female,69,Yes,Yes,0,3,71,No Offer,Yes,47.02,Yes,Yes,Fiber Optic,12,Yes,Yes,Yes,Yes,No,No,No,Yes,Two Year,Yes,Credit Card,96.35,6766.95,0.0,0,3338.42,4,5,95.30915492957746,5309
Male,47,No,Yes,2,3,7,No Offer,Yes,49.98,No,Yes,Cable,25,Yes,No,Yes,Yes,No,Yes,Yes,Yes,Month-to-Month,Yes,Credit Card,71.35,515.75,0.0,0,349.86,3,6,73.67857142857143,3459
Male,50,No,Yes,0,10,69,Offer A,Yes,3.81,Yes,Yes,Fiber Optic,4,No,No,Yes,No,Yes,Yes,Yes,Yes,One Year,No,Bank Withdrawal,99.5,6841.45,0.0,0,262.89,4,5,99.15144927536231,4237
Female,42,No,Yes,0,2,71,Offer A,Yes,24.71,Yes,No,No Internet,0,No,No,No,No,No,No,No,No,Two Year,Yes,Credit Card,25.95,1801.9,0.0,0,1754.41,5,0,25.378873239436622,5072
Male,49,No,Yes,1,1,6,Offer E,Yes,1.86,No,Yes,DSL,19,No,Yes,Yes,No,No,No,No,Yes,Month-to-Month,Yes,Mailed Check,55.3,324.25,0.0,0,11.16,2,3,54.041666666666664,3878
Female,76,Yes,Yes,1,7,46,Offer B,Yes,20.42,Yes,Yes,Fiber Optic,16,Yes,Yes,No,Yes,Yes,Yes,No,Yes,Two Year,Yes,Bank Withdrawal,110.2,4972.1,0.0,0,939.32,3,6,108.08913043478262,4162
Female,67,Yes,Yes,1,8,29,No Offer,No,0.0,No,Yes,DSL,20,No,Yes,Yes,No,No,No,No,Yes,Two Year,Yes,Credit Card,35.65,1025.15,25.07,0,0.0,5,3,35.35,4107
Male,36,No,Yes,0,1,72,No Offer,Yes,36.03,Yes,No,No Internet,0,No,No,No,No,No,No,No,No,Two Year,No,Credit Card,25.85,1872.2,5.73,0,2594.16,5,0,26.00277777777778,5514
Male,58,No,No,0,0,2,No Offer,Yes,1.97,No,No,No Internet,0,No,No,No,No,No,No,No,No,Month-to-Month,No,Credit Card,19.75,39.3,0.0,0,3.94,4,0,19.65,4064
Female,63,No,Yes,1,5,15,No Offer,Yes,39.77,No,Yes,DSL,18,No,Yes,Yes,Yes,Yes,Yes,Yes,Yes,Month-to-Month,No,Bank Withdrawal,76.5,1155.6,0.0,0,596.55,5,7,77.03999999999999,3851
Female,66,Yes,Yes,1,1,55,No Offer,Yes,34.57,Yes,Yes,Cable,19,Yes,No,Yes,Yes,Yes,No,No,Yes,One Year,No,Bank Withdrawal,76.25,4154.55,0.0,0,1901.35,3,5,75.53727272727274,4319
Female,61,No,Yes,0,1,46,No Offer,Yes,37.02,No,Yes,DSL,6,No,Yes,No,Yes,Yes,No,No,Yes,Two Year,Yes,Credit Card,64.2,3009.5,0.0,0,1702.92,4,4,65.42391304347827,4699
Male,35,No,No,0,0,10,No Offer,Yes,26.43,Yes,Yes,Fiber Optic,13,No,Yes,Yes,No,No,Yes,Yes,Yes,Month-to-Month,Yes,Bank Withdrawal,95.25,1021.55,0.0,0,264.3,3,5,102.155,4810
Male,20,No,No,1,0,40,No Offer,Yes,8.08,No,Yes,DSL,76,Yes,Yes,No,No,No,No,No,Yes,Month-to-Month,Yes,Mailed Check,55.25,2139.2,0.0,0,323.2,1,3,53.48,2810
Female,21,No,No,0,0,8,Offer E,Yes,1.28,Yes,Yes,Fiber Optic,42,No,No,No,No,No,No,No,Yes,Month-to-Month,Yes,Credit Card,74.6,548.9,0.0,0,10.24,5,1,68.6125,2142
Male,35,No,No,0,0,2,Offer E,Yes,13.73,No,Yes,DSL,11,Yes,No,No,No,No,No,No,Yes,Month-to-Month,Yes,Bank Withdrawal,47.8,92.45,0.0,0,27.46,1,2,46.225,4134
Male,24,No,No,0,0,3,No Offer,Yes,25.1,No,Yes,Fiber Optic,59,No,No,Yes,Yes,Yes,No,Yes,Yes,Month-to-Month,Yes,Credit Card,89.85,244.45,0.0,0,75.3,5,5,81.48333333333333,4096
Male,24,No,Yes,0,2,72,Offer A,Yes,39.61,Yes,Yes,DSL,85,Yes,Yes,Yes,Yes,No,Yes,Yes,Yes,Two Year,No,Bank Withdrawal,78.85,5763.15,0.0,0,2851.92,3,7,80.04374999999999,5091
Male,54,No,Yes,0,5,12,No Offer,Yes,45.15,Yes,No,No Internet,0,No,No,No,No,No,No,No,No,One Year,No,Mailed Check,26.4,314.95,0.0,0,541.8,4,0,26.245833333333334,3277
Female,57,No,No,1,0,24,No Offer,Yes,34.24,No,No,No Internet,0,No,No,No,No,No,No,No,No,Two Year,No,Mailed Check,19.75,498.1,0.0,0,821.76,3,0,20.754166666666666,2639
Female,50,No,No,0,0,13,Offer D,Yes,21.36,No,No,No Internet,0,No,No,No,No,No,No,No,No,Month-to-Month,Yes,Credit Card,19.3,279.3,0.0,0,277.68,5,0,21.484615384615385,5917
Male,19,No,Yes,0,3,33,Offer C,Yes,15.89,No,Yes,DSL,52,Yes,Yes,No,Yes,No,No,No,Yes,Two Year,Yes,Credit Card,61.05,2018.4,0.0,0,524.37,3,4,61.163636363636364,3215
Male,41,No,No,0,0,1,Offer E,Yes,5.43,Yes,Yes,Fiber Optic,18,No,No,No,No,No,Yes,Yes,Yes,Month-to-Month,Yes,Bank Withdrawal,86.6,86.6,0.0,0,5.43,3,3,86.6,5228
Female,27,No,Yes,0,1,33,No Offer,Yes,15.45,No,Yes,Cable,59,No,Yes,No,Yes,No,No,No,Yes,One Year,Yes,Credit Card,53.75,1857.3,0.0,0,509.85,3,3,56.28181818181818,3160
Female,62,No,No,0,0,3,No Offer,Yes,15.59,No,Yes,Cable,27,No,No,No,No,No,No,No,Yes,Month-to-Month,No,Bank Withdrawal,44.6,122.7,0.0,0,46.77,4,1,40.9,3122
Female,48,No,No,0,0,59,Offer B,Yes,31.23,Yes,Yes,Fiber Optic,16,No,Yes,Yes,No,No,No,No,Yes,Month-to-Month,Yes,Bank Withdrawal,83.25,4949.1,0.0,0,1842.57,3,3,83.88305084745764,4094
Male,37,No,Yes,0,1,5,Offer E,No,0.0,No,Yes,DSL,7,No,No,No,No,No,No,No,Yes,Month-to-Month,Yes,Bank Withdrawal,24.95,100.4,0.0,0,0.0,1,1,20.080000000000002,5865
Female,26,No,No,2,0,48,Offer B,No,0.0,No,Yes,DSL,48,No,Yes,Yes,No,No,Yes,Yes,Yes,Month-to-Month,No,Credit Card,45.55,2108.35,0.0,0,0.0,3,5,43.92395833333333,4106
Male,79,Yes,No,0,0,21,No Offer,Yes,42.27,No,Yes,Fiber Optic,7,No,No,Yes,No,Yes,Yes,No,Yes,Month-to-Month,Yes,Bank Withdrawal,96.8,2030.3,10.2,0,887.67,1,4,96.68095238095238,4317
Female,51,No,Yes,2,4,2,Offer E,No,0.0,No,Yes,Cable,27,No,No,No,Yes,No,No,No,Yes,Month-to-Month,No,Bank Withdrawal,29.05,44.75,0.0,0,0.0,4,2,22.375,4998
Male,28,No,No,0,0,9,No Offer,Yes,4.02,No,No,No Internet,0,No,No,No,No,No,No,No,No,One Year,Yes,Bank Withdrawal,19.9,164.6,0.0,0,36.18,4,0,18.288888888888888,3643
Male,40,No,Yes,0,4,62,Offer B,Yes,48.73,Yes,No,No Internet,0,No,No,No,No,No,No,No,No,Two Year,Yes,Bank Withdrawal,24.25,1424.6,0.0,0,3021.26,5,0,22.97741935483871,4444
Male,31,No,Yes,0,2,57,No Offer,Yes,16.78,Yes,Yes,Fiber Optic,29,No,No,Yes,Yes,Yes,Yes,Yes,Yes,Two Year,No,Bank Withdrawal,107.95,5969.85,0.0,0,956.46,3,6,104.73421052631579,4687
Female,52,No,Yes,2,10,58,No Offer,Yes,25.86,No,No,No Internet,0,No,No,No,No,No,No,No,No,Two Year,No,Credit Card,20.5,1191.4,36.92,0,1499.88,4,0,20.54137931034483,6186
Female,30,No,Yes,0,1,50,No Offer,Yes,28.1,No,No,No Internet,0,No,No,No,No,No,No,No,No,One Year,Yes,Bank Withdrawal,19.85,943.1,0.0,0,1405.0,5,0,18.862000000000002,4358
Male,28,No,Yes,0,0,66,Offer A,Yes,7.28,Yes,Yes,Fiber Optic,51,No,Yes,Yes,No,Yes,Yes,Yes,Yes,Month-to-Month,Yes,Credit Card,105.0,7133.25,0.0,0,480.48,1,6,108.07954545454545,5723
Male,58,No,No,0,0,10,No Offer,Yes,15.71,No,No,No Internet,0,No,No,No,No,No,No,No,No,One Year,No,Credit Card,19.5,225.85,0.0,0,157.1,3,0,22.585,5039
Male,35,No,No,0,0,46,Offer B,No,0.0,No,Yes,DSL,18,No,No,Yes,Yes,No,No,No,Yes,One Year,No,Credit Card,33.7,1537.85,0.0,0,0.0,3,3,33.43152173913043,3007
Male,35,No,No,0,0,41,Offer B,Yes,41.85,Yes,Yes,Fiber Optic,16,No,Yes,No,No,Yes,No,No,Yes,Month-to-Month,Yes,Bank Withdrawal,89.2,3645.75,2.21,0,1715.85,5,3,88.92073170731707,3259
Female,67,Yes,Yes,2,1,62,No Offer,Yes,45.76,Yes,Yes,Fiber Optic,12,No,Yes,Yes,No,No,Yes,No,No,Two Year,Yes,Credit Card,96.1,6019.35,0.0,150,2837.12,4,3,97.08629032258065,5868
Female,27,No,Yes,3,9,28,No Offer,Yes,15.85,No,No,No Internet,0,No,No,No,No,No,No,No,No,Month-to-Month,Yes,Bank Withdrawal,19.55,543.8,0.0,0,443.8,4,0,19.42142857142857,3948
Male,33,No,No,0,0,36,Offer C,Yes,8.5,No,No,No Internet,0,No,No,No,No,No,No,No,No,Two Year,Yes,Credit Card,18.55,689.0,0.0,0,306.0,3,0,19.13888888888889,5703
Male,23,No,No,0,0,1,No Offer,Yes,18.15,No,No,No Internet,0,No,No,No,No,No,No,No,No,Month-to-Month,No,Credit Card,20.05,20.05,0.0,0,18.15,5,0,20.05,2798
Female,32,No,Yes,2,3,36,No Offer,Yes,19.73,No,Yes,DSL,19,Yes,No,No,No,No,No,No,Yes,Month-to-Month,No,Credit Card,51.05,1815.0,0.0,0,710.28,3,2,50.416666666666664,2161
Male,78,Yes,Yes,0,1,58,No Offer,Yes,49.38,Yes,Yes,Fiber Optic,19,Yes,Yes,Yes,No,Yes,Yes,No,Yes,One Year,Yes,Bank Withdrawal,108.85,6287.25,0.0,0,2864.04,1,6,108.40086206896552,4739
Male,41,No,Yes,0,7,70,Offer A,Yes,24.93,No,Yes,DSL,15,Yes,Yes,No,Yes,No,Yes,Yes,Yes,Two Year,No,Credit Card,67.95,4664.15,0.0,0,1745.1,3,6,66.63071428571428,5514
Male,48,No,Yes,0,5,72,No Offer,Yes,12.02,Yes,Yes,Cable,26,Yes,Yes,Yes,Yes,Yes,Yes,Yes,Yes,Two Year,Yes,Bank Withdrawal,87.1,6230.1,0.0,0,865.44,3,8,86.52916666666667,5993
Male,28,No,No,0,0,25,Offer C,Yes,7.55,No,Yes,DSL,71,Yes,Yes,No,Yes,Yes,Yes,Yes,Yes,Month-to-Month,Yes,Credit Card,79.0,1902.0,0.0,0,188.75,4,7,76.08,5263
Male,56,No,No,0,0,13,Offer D,Yes,10.11,No,No,No Internet,0,No,No,No,No,No,No,No,No,Two Year,No,Credit Card,19.75,265.75,0.0,0,131.43,5,0,20.442307692307693,2016
Female,56,No,No,3,0,7,Offer E,Yes,49.66,No,No,No Internet,0,No,No,No,No,No,No,No,No,One Year,No,Credit Card,20.05,96.8,0.0,0,347.62,5,0,13.828571428571427,3810
Male,75,Yes,Yes,0,1,37,Offer C,Yes,46.61,Yes,Yes,Fiber Optic,26,No,No,No,No,Yes,No,No,Yes,Month-to-Month,Yes,Bank Withdrawal,85.7,3171.15,0.0,0,1724.57,2,2,85.70675675675676,4712
Male,33,No,No,2,0,45,No Offer,Yes,23.54,Yes,Yes,Fiber Optic,12,No,No,Yes,No,Yes,Yes,Yes,Yes,Two Year,No,Bank Withdrawal,99.7,4634.35,0.0,0,1059.3,4,5,102.98555555555556,3333
Female,63,No,No,0,0,1,Offer E,Yes,6.43,No,Yes,DSL,27,No,No,No,No,No,Yes,Yes,No,Month-to-Month,Yes,Bank Withdrawal,55.45,55.45,0.0,10,6.43,4,2,55.45,5286
Female,56,No,No,2,0,39,No Offer,No,0.0,No,Yes,DSL,24,No,No,Yes,No,No,No,No,No,Month-to-Month,No,Credit Card,30.1,1131.3,0.0,150,0.0,3,1,29.007692307692306,3106
Female,68,Yes,No,0,0,1,Offer E,Yes,45.8,No,Yes,Fiber Optic,10,No,No,No,No,No,No,No,Yes,Month-to-Month,Yes,Bank Withdrawal,69.6,69.6,0.0,0,45.8,2,1,69.6,2151
Female,25,No,No,0,0,1,No Offer,Yes,47.36,No,Yes,Cable,41,No,No,No,No,No,No,No,Yes,Month-to-Month,No,Credit Card,45.3,45.3,0.0,0,47.36,5,1,45.3,3575
Male,63,No,Yes,0,1,52,No Offer,Yes,46.59,Yes,Yes,Fiber Optic,26,No,No,Yes,Yes,No,Yes,Yes,No,Two Year,Yes,Bank Withdrawal,96.25,4990.25,0.0,120,2422.68,3,4,95.96634615384616,4751
Male,61,No,No,0,0,13,No Offer,Yes,30.88,No,Yes,Fiber Optic,3,No,Yes,Yes,No,No,No,No,Yes,Month-to-Month,Yes,Bank Withdrawal,79.8,973.45,0.0,0,401.44,2,3,74.88076923076923,5067
Male,75,Yes,Yes,0,1,24,No Offer,No,0.0,No,Yes,DSL,5,Yes,No,No,No,No,Yes,No,Yes,Month-to-Month,No,Bank Withdrawal,39.1,971.3,0.0,0,0.0,1,3,40.47083333333333,4591
Male,44,No,No,0,0,12,Offer D,Yes,18.38,No,Yes,Fiber Optic,3,Yes,No,Yes,No,No,No,No,Yes,Month-to-Month,No,Bank Withdrawal,81.7,858.6,0.0,0,220.56,1,3,71.55,2850
Female,33,No,No,2,0,7,No Offer,No,0.0,No,Yes,Cable,19,Yes,No,No,No,No,No,No,Yes,Month-to-Month,No,Credit Card,29.8,201.95,0.0,0,0.0,3,2,28.849999999999998,4236
Male,55,No,Yes,0,5,71,No Offer,Yes,44.82,No,No,No Internet,0,No,No,No,No,No,No,No,No,One Year,No,Bank Withdrawal,20.85,1539.75,0.0,0,3182.22,4,0,21.68661971830986,4837
Female,59,No,No,0,0,8,Offer E,Yes,26.47,No,No,No Internet,0,No,No,No,No,No,No,No,No,Month-to-Month,Yes,Mailed Check,20.7,137.6,0.0,0,211.76,5,0,17.2,3330
Female,47,No,Yes,2,1,1,Offer E,Yes,9.73,No,Yes,DSL,29,No,No,Yes,No,No,No,No,Yes,Month-to-Month,No,Mailed Check,50.45,50.45,0.0,0,9.73,2,2,50.45,2426
Male,48,No,No,0,0,54,Offer B,Yes,27.3,No,No,No Internet,0,No,No,No,No,No,No,No,No,Two Year,No,Credit Card,20.0,1149.65,0.0,0,1474.2,3,0,21.289814814814818,6094
Male,47,No,No,0,0,8,No Offer,Yes,41.13,No,Yes,DSL,27,Yes,No,Yes,No,No,Yes,Yes,Yes,Month-to-Month,Yes,Bank Withdrawal,66.7,579.0,0.0,0,329.04,3,5,72.375,4490
Male,59,No,No,0,0,20,Offer D,Yes,30.13,No,No,No Internet,0,No,No,No,No,No,No,No,No,One Year,Yes,Mailed Check,19.7,415.9,0.0,0,602.6,4,0,20.794999999999998,2860
Male,54,No,No,0,0,13,Offer D,Yes,5.43,No,Yes,Fiber Optic,26,No,No,No,No,Yes,Yes,Yes,No,Month-to-Month,Yes,Bank Withdrawal,91.1,1135.7,0.0,80,70.59,2,3,87.36153846153846,5347
Female,59,No,Yes,0,10,66,No Offer,Yes,37.38,Yes,Yes,Fiber Optic,8,Yes,Yes,No,Yes,No,No,No,Yes,One Year,No,Bank Withdrawal,89.0,5898.6,0.0,0,2467.08,3,4,89.37272727272727,4488
Male,31,No,No,0,0,1,No Offer,Yes,3.97,Yes,Yes,DSL,11,No,No,No,No,No,No,No,Yes,Month-to-Month,Yes,Credit Card,49.8,49.8,0.0,0,3.97,4,1,49.8,4796
Male,51,No,No,0,0,45,Offer B,Yes,24.75,Yes,Yes,Fiber Optic,13,No,No,Yes,Yes,Yes,Yes,Yes,Yes,Month-to-Month,Yes,Bank Withdrawal,103.65,4747.85,0.0,0,1113.75,5,6,105.50777777777779,2183
Male,63,No,Yes,0,2,33,No Offer,Yes,34.22,No,No,No Internet,0,No,No,No,No,No,No,No,No,One Year,No,Credit Card,20.6,690.25,0.0,0,1129.26,5,0,20.916666666666668,5212
Male,29,No,No,0,0,1,Offer E,Yes,7.32,No,No,No Internet,0,No,No,No,No,No,No,No,No,Month-to-Month,No,Credit Card,20.55,20.55,0.0,0,7.32,4,0,20.55,4801
Female,19,No,No,0,0,65,Offer B,Yes,43.29,No,Yes,DSL,76,Yes,Yes,No,Yes,No,No,No,No,Two Year,Yes,Mailed Check,59.6,3739.8,0.0,120,2813.85,4,3,57.535384615384615,4372
Male,50,No,Yes,0,5,71,No Offer,Yes,44.06,Yes,Yes,Fiber Optic,6,Yes,Yes,Yes,No,Yes,No,No,No,Two Year,Yes,Bank Withdrawal,99.0,6994.6,0.0,40,3128.26,3,4,98.51549295774649,5295
Female,23,No,No,0,0,30,No Offer,No,0.0,No,Yes,Cable,42,No,No,No,Yes,No,Yes,Yes,Yes,One Year,Yes,Credit Card,40.35,1187.05,0.0,0,0.0,4,4,39.568333333333335,5455
Male,59,No,Yes,3,1,15,No Offer,Yes,31.14,No,No,No Internet,0,No,No,No,No,No,No,No,No,Month-to-Month,Yes,Bank Withdrawal,20.0,288.05,0.0,0,467.1,1,0,19.203333333333333,4672
Female,49,No,No,0,0,27,No Offer,Yes,35.17,Yes,Yes,Fiber Optic,24,No,No,No,No,Yes,Yes,Yes,Yes,Month-to-Month,Yes,Bank Withdrawal,95.6,2595.25,0.0,0,949.59,4,4,96.12037037037037,2026
Female,30,No,No,0,0,5,Offer E,Yes,3.37,No,No,No Internet,0,No,No,No,No,No,No,No,No,Month-to-Month,No,Credit Card,20.15,117.95,0.0,0,16.85,4,0,23.59,5020
Female,56,No,Yes,0,6,72,Offer A,Yes,14.65,Yes,Yes,DSL,20,Yes,No,Yes,Yes,No,No,No,Yes,Two Year,No,Bank Withdrawal,66.85,4758.8,0.0,0,1054.8,3,4,66.09444444444445,6264
Male,45,No,No,0,0,48,No Offer,Yes,3.59,No,Yes,DSL,10,No,Yes,Yes,Yes,Yes,Yes,Yes,Yes,Two Year,No,Credit Card,78.9,3771.5,0.0,0,172.32,4,7,78.57291666666667,4063
Male,47,No,Yes,0,3,7,Offer E,No,0.0,No,Yes,DSL,17,Yes,Yes,No,No,No,No,No,Yes,Month-to-Month,No,Credit Card,34.2,256.6,0.0,0,0.0,4,3,36.65714285714286,5100
Female,21,No,Yes,0,4,4,Offer E,Yes,9.98,Yes,Yes,Fiber Optic,51,No,Yes,No,No,Yes,Yes,Yes,Yes,Month-to-Month,Yes,Bank Withdrawal,97.95,384.5,0.0,0,39.92,3,5,96.125,2570
Female,44,No,Yes,1,5,48,No Offer,Yes,8.94,Yes,Yes,DSL,27,No,Yes,No,Yes,Yes,Yes,Yes,Yes,Two Year,No,Bank Withdrawal,79.65,3870.3,0.0,0,429.12,4,6,80.63125000000001,3246
Female,76,Yes,No,0,0,49,No Offer,Yes,24.84,Yes,Yes,Fiber Optic,14,Yes,No,No,No,Yes,Yes,Yes,Yes,One Year,No,Credit Card,101.55,5070.4,0.0,0,1217.16,3,5,103.47755102040816,5348
Female,72,Yes,No,1,0,27,Offer C,Yes,3.33,Yes,Yes,Fiber Optic,18,No,No,Yes,No,No,No,No,No,Month-to-Month,Yes,Bank Withdrawal,78.05,2135.5,0.0,10,89.91,1,1,79.0925925925926,4638
Male,26,No,Yes,0,1,36,No Offer,Yes,12.61,No,No,No Internet,0,No,No,No,No,No,No,No,No,One Year,No,Bank Withdrawal,20.85,720.05,0.0,0,453.96,4,0,20.001388888888886,5744
Male,41,No,No,0,0,9,No Offer,Yes,30.8,No,Yes,Fiber Optic,3,No,No,No,Yes,Yes,Yes,Yes,Yes,Month-to-Month,Yes,Bank Withdrawal,95.9,827.45,0.0,0,277.2,3,5,91.9388888888889,5017
Male,20,No,No,2,0,54,Offer B,Yes,4.16,No,Yes,Cable,59,No,Yes,Yes,Yes,No,No,No,Yes,One Year,Yes,Bank Withdrawal,61.0,3283.05,0.0,0,224.64,4,4,60.797222222222224,5594
Male,26,No,No,0,0,4,Offer E,Yes,34.69,No,Yes,DSL,47,Yes,No,Yes,No,No,No,No,Yes,Month-to-Month,No,Bank Withdrawal,56.75,245.15,0.0,0,138.76,3,3,61.2875,2401
Female,28,No,Yes,2,1,71,Offer A,Yes,20.49,No,No,No Internet,0,No,No,No,No,No,No,No,No,Two Year,No,Credit Card,19.9,1397.3,0.0,0,1454.79,3,0,19.680281690140845,6015
Female,63,No,No,0,0,50,Offer B,Yes,29.8,No,Yes,Fiber Optic,26,No,No,Yes,Yes,No,Yes,Yes,Yes,Two Year,Yes,Bank Withdrawal,89.7,4304.5,0.0,0,1490.0,4,5,86.09,5306
Male,24,No,Yes,3,8,35,No Offer,Yes,48.3,Yes,Yes,Fiber Optic,73,No,Yes,Yes,Yes,Yes,Yes,Yes,Yes,Month-to-Month,Yes,Bank Withdrawal,109.95,3782.4,31.9,0,1690.5,3,7,108.06857142857143,5721
Female,38,No,No,1,0,1,No Offer,Yes,5.36,No,Yes,Fiber Optic,19,No,No,No,No,Yes,Yes,Yes,Yes,Month-to-Month,Yes,Bank Withdrawal,89.35,89.35,0.0,0,5.36,3,4,89.35,2432
Female,42,No,No,0,0,5,No Offer,Yes,24.83,No,Yes,DSL,26,Yes,No,Yes,No,No,No,No,Yes,Month-to-Month,No,Credit Card,55.8,300.4,0.0,0,124.15,4,3,60.08,5104
Male,34,No,No,0,0,1,No Offer,No,0.0,No,Yes,DSL,22,No,No,No,Yes,No,No,No,Yes,Month-to-Month,No,Credit Card,29.15,29.15,0.0,0,0.0,5,2,29.15,3923
Male,33,No,Yes,2,8,4,Offer E,Yes,35.09,No,Yes,DSL,30,No,No,No,No,No,No,No,Yes,Month-to-Month,No,Credit Card,45.25,155.35,0.0,0,140.36,5,1,38.8375,2776
Female,51,No,No,0,0,64,No Offer,Yes,44.31,Yes,Yes,Fiber Optic,4,Yes,Yes,Yes,Yes,Yes,Yes,Yes,Yes,Two Year,Yes,Bank Withdrawal,115.1,7334.05,0.0,0,2835.84,3,8,114.59453125,5213
Male,74,Yes,Yes,0,6,46,No Offer,Yes,4.2,Yes,Yes,Fiber Optic,22,No,No,Yes,No,Yes,Yes,No,Yes,One Year,Yes,Bank Withdrawal,98.85,4564.9,0.0,0,193.2,5,4,99.23695652173912,2641
Male,56,No,No,0,0,20,No Offer,Yes,3.8,No,Yes,Fiber Optic,26,No,No,No,No,No,No,No,No,Month-to-Month,No,Credit Card,70.55,1493.55,17.6,0,76.0,3,0,74.6775,5790
Female,30,No,Yes,2,1,35,Offer C,Yes,18.29,No,No,No Internet,0,No,No,No,No,No,No,No,No,One Year,No,Credit Card,19.65,708.8,0.0,0,640.15,3,0,20.25142857142857,3739
Female,70,Yes,No,0,0,31,No Offer,Yes,15.43,Yes,Yes,Fiber Optic,2,No,No,No,No,No,No,No,Yes,Month-to-Month,Yes,Bank Withdrawal,73.9,2217.15,0.0,0,478.33,1,1,71.5209677419355,2560
Male,60,No,Yes,3,1,72,No Offer,Yes,32.47,Yes,Yes,Fiber Optic,76,Yes,Yes,Yes,Yes,Yes,Yes,Yes,Yes,Two Year,Yes,Bank Withdrawal,114.0,8093.15,0.0,0,2337.84,3,8,112.4048611111111,4558
Male,29,No,No,0,0,16,No Offer,Yes,48.45,No,Yes,DSL,59,No,No,No,Yes,No,No,No,Yes,Month-to-Month,Yes,Credit Card,49.45,799.0,0.0,0,775.2,4,2,49.9375,3446
Male,38,No,Yes,1,1,58,No Offer,Yes,47.69,No,Yes,Fiber Optic,24,No,Yes,No,No,Yes,Yes,Yes,Yes,Month-to-Month,Yes,Bank Withdrawal,92.85,5305.05,0.0,0,2766.02,5,5,91.46637931034483,4879
Female,46,No,No,0,0,32,No Offer,Yes,43.8,No,No,No Internet,0,No,No,No,No,No,No,No,No,One Year,No,Bank Withdrawal,19.75,624.15,0.0,0,1401.6,4,0,19.5046875,4691
Female,36,No,No,0,0,4,Offer E,Yes,39.9,No,Yes,Cable,20,No,No,No,No,No,No,No,Yes,Month-to-Month,Yes,Credit Card,45.3,196.95,0.0,0,159.6,2,1,49.2375,3443
Female,23,No,No,0,0,60,No Offer,Yes,35.47,Yes,Yes,Fiber Optic,51,No,Yes,Yes,No,Yes,Yes,Yes,No,Two Year,No,Bank Withdrawal,104.7,6333.8,0.0,150,2128.2,5,5,105.56333333333333,6186
Male,46,No,No,0,0,31,No Offer,Yes,34.38,No,Yes,Fiber Optic,20,No,Yes,No,Yes,No,No,No,No,Month-to-Month,Yes,Bank Withdrawal,78.45,2435.15,0.0,40,1065.78,1,2,78.55322580645162,3091
Male,36,No,No,0,0,51,No Offer,Yes,47.43,No,No,No Internet,0,No,No,No,No,No,No,No,No,Two Year,No,Credit Card,20.45,1042.65,0.0,0,2418.93,4,0,20.444117647058825,6097
Male,58,No,Yes,0,8,49,Offer B,Yes,36.3,No,Yes,Fiber Optic,9,No,Yes,No,No,Yes,Yes,Yes,No,Two Year,Yes,Bank Withdrawal,94.8,4690.65,0.0,70,1778.7,4,4,95.72755102040816,4252
Female,67,Yes,Yes,0,1,28,Offer C,Yes,16.43,Yes,Yes,Fiber Optic,20,No,No,No,Yes,Yes,Yes,No,Yes,Month-to-Month,Yes,Credit Card,101.3,2812.2,0.0,0,460.04,3,4,100.43571428571428,4994
Male,26,No,Yes,0,9,70,Offer A,Yes,41.05,No,Yes,Fiber Optic,59,Yes,Yes,Yes,Yes,No,Yes,Yes,Yes,Two Year,No,Credit Card,101.0,7085.5,0.0,0,2873.5,3,7,101.22142857142858,5025
Female,20,No,No,0,0,1,No Offer,Yes,35.01,Yes,Yes,Fiber Optic,52,No,No,No,No,No,No,No,Yes,Month-to-Month,No,Bank Withdrawal,76.0,76.0,0.0,0,35.01,1,1,76.0,2567
Male,58,No,No,0,0,2,Offer E,Yes,14.14,No,Yes,Fiber Optic,28,No,No,Yes,No,No,Yes,Yes,Yes,Month-to-Month,Yes,Bank Withdrawal,85.85,167.3,0.0,0,28.28,1,4,83.65,3273
Female,19,No,Yes,0,1,25,Offer C,No,0.0,No,Yes,Cable,82,No,No,No,No,Yes,No,No,Yes,Month-to-Month,Yes,Bank Withdrawal,34.0,853.0,0.0,0,0.0,1,2,34.12,5024
Female,53,No,No,0,0,2,No Offer,No,0.0,No,Yes,DSL,18,No,No,No,Yes,No,No,No,Yes,Month-to-Month,Yes,Bank Withdrawal,30.9,59.05,0.0,0,0.0,2,2,29.525,2860
Male,40,No,No,0,0,11,No Offer,Yes,44.94,No,Yes,Fiber Optic,25,No,No,No,Yes,No,No,No,Yes,Month-to-Month,Yes,Bank Withdrawal,73.85,926.25,0.0,0,494.34,2,2,84.20454545454545,3634
Female,33,No,Yes,2,3,37,Offer C,Yes,1.08,Yes,Yes,Fiber Optic,16,No,Yes,No,No,Yes,No,No,Yes,Month-to-Month,Yes,Bank Withdrawal,88.8,3340.55,0.0,0,39.96,4,3,90.28513513513514,3746
Male,46,No,No,0,0,10,Offer D,No,0.0,No,Yes,DSL,30,No,No,Yes,No,No,No,No,No,Month-to-Month,No,Credit Card,29.5,255.25,0.0,40,0.0,3,1,25.525,3797
Male,30,No,Yes,0,0,35,No Offer,Yes,24.83,Yes,Yes,Fiber Optic,51,No,No,No,Yes,No,Yes,Yes,No,Month-to-Month,Yes,Bank Withdrawal,89.85,3161.2,0.0,20,869.05,3,3,90.32,4945
Female,50,No,Yes,0,3,46,Offer B,No,0.0,No,Yes,DSL,30,Yes,Yes,No,No,Yes,No,No,Yes,Month-to-Month,No,Bank Withdrawal,45.55,2062.15,0.0,0,0.0,4,4,44.82934782608696,5565
Female,41,No,No,0,0,1,No Offer,Yes,34.04,No,Yes,DSL,23,No,No,No,Yes,No,No,No,Yes,Month-to-Month,Yes,Bank Withdrawal,52.2,52.2,0.0,0,34.04,1,2,52.2,4138
Male,74,Yes,Yes,0,3,37,No Offer,Yes,49.37,Yes,Yes,Fiber Optic,4,No,No,No,No,Yes,Yes,Yes,Yes,Month-to-Month,Yes,Bank Withdrawal,92.5,3473.4,0.0,0,1826.69,1,4,93.87567567567568,4127
Female,46,No,No,0,0,29,No Offer,Yes,2.76,No,No,No Internet,0,No,No,No,No,No,No,No,No,Month-to-Month,No,Credit Card,19.35,601.6,0.0,0,80.04,5,0,20.7448275862069,5227
Male,26,No,No,0,0,20,No Offer,Yes,23.22,Yes,Yes,Fiber Optic,59,No,No,No,Yes,Yes,Yes,Yes,Yes,Month-to-Month,Yes,Mailed Check,98.55,2031.95,0.0,0,464.4,3,5,101.5975,3300
Female,49,No,No,0,0,1,No Offer,Yes,26.14,No,Yes,DSL,22,No,No,No,No,No,Yes,Yes,Yes,Month-to-Month,Yes,Bank Withdrawal,56.25,56.25,0.0,0,26.14,1,3,56.25,3065
Female,52,No,No,0,0,13,No Offer,Yes,26.57,No,No,No Internet,0,No,No,No,No,No,No,No,No,One Year,No,Mailed Check,20.2,273.25,0.0,0,345.41,5,0,21.01923076923077,2953
Male,34,No,Yes,0,3,6,No Offer,Yes,8.59,Yes,Yes,Fiber Optic,28,No,No,No,No,Yes,No,No,Yes,Month-to-Month,Yes,Bank Withdrawal,82.85,460.25,48.95,0,51.54,1,2,76.70833333333333,4458
Female,46,No,No,0,0,10,Offer D,Yes,3.55,No,Yes,DSL,29,No,No,No,No,No,No,No,No,Month-to-Month,No,Credit Card,45.25,428.7,44.9,0,35.5,5,0,42.87,5369
Male,44,No,Yes,1,9,38,Offer C,Yes,33.1,Yes,No,No Internet,0,No,No,No,No,No,No,No,No,Two Year,No,Credit Card,25.05,963.95,0.0,0,1257.8,3,0,25.367105263157896,3772
Female,30,No,Yes,2,4,40,No Offer,Yes,29.14,No,Yes,DSL,48,Yes,Yes,No,Yes,No,Yes,Yes,Yes,Month-to-Month,Yes,Credit Card,71.35,2847.2,0.0,0,1165.6,4,6,71.17999999999999,5807
Female,35,No,Yes,0,6,45,Offer B,Yes,42.32,Yes,No,No Internet,0,No,No,No,No,No,No,No,No,Two Year,No,Credit Card,25.5,1121.05,0.0,0,1904.4,3,0,24.912222222222223,3146
Female,56,No,No,0,0,46,Offer B,Yes,46.83,Yes,Yes,DSL,2,Yes,No,Yes,No,Yes,Yes,Yes,Yes,Two Year,No,Mailed Check,79.2,3593.8,0.0,0,2154.18,4,6,78.12608695652175,2007
Female,64,No,No,0,0,1,No Offer,Yes,21.52,No,Yes,Fiber Optic,25,No,No,No,No,No,No,No,Yes,Month-to-Month,No,Bank Withdrawal,69.7,69.7,0.0,0,21.52,2,1,69.7,4620
Male,46,No,No,0,0,63,Offer B,Yes,18.05,Yes,Yes,DSL,11,Yes,Yes,Yes,Yes,No,No,No,No,One Year,No,Bank Withdrawal,71.5,4576.3,0.0,70,1137.15,3,4,72.63968253968254,5342
Female,44,No,Yes,3,10,15,Offer D,Yes,46.64,No,No,No Internet,0,No,No,No,No,No,No,No,No,One Year,No,Credit Card,20.35,335.95,0.0,0,699.6,3,0,22.396666666666665,3205
Female,42,No,No,0,0,1,Offer E,Yes,20.11,No,No,No Internet,0,No,No,No,No,No,No,No,No,Month-to-Month,No,Credit Card,19.5,19.5,0.0,0,20.11,5,0,19.5,3107
Male,71,Yes,Yes,0,1,69,No Offer,Yes,18.41,Yes,Yes,Fiber Optic,17,No,Yes,Yes,Yes,Yes,Yes,No,Yes,Two Year,Yes,Bank Withdrawal,109.95,7634.25,0.0,0,1270.29,5,6,110.6413043478261,4297
Female,31,No,No,0,0,37,No Offer,No,0.0,No,Yes,DSL,10,No,No,No,Yes,No,No,No,Yes,Month-to-Month,No,Credit Card,28.6,973.55,0.0,0,0.0,2,2,26.31216216216216,4429
Female,28,No,No,0,0,1,No Offer,Yes,4.13,No,Yes,Fiber Optic,51,Yes,No,No,No,No,No,No,Yes,Month-to-Month,No,Mailed Check,75.3,75.3,0.0,0,4.13,1,2,75.3,3244
Female,75,Yes,No,0,0,1,No Offer,Yes,39.61,Yes,Yes,Fiber Optic,16,No,No,No,No,No,No,No,Yes,Month-to-Month,Yes,Credit Card,74.45,74.45,0.0,0,39.61,3,1,74.45,4291
Female,58,No,Yes,0,0,5,No Offer,Yes,18.65,No,Yes,Fiber Optic,10,No,No,No,No,No,No,No,Yes,Month-to-Month,Yes,Bank Withdrawal,68.95,351.5,0.0,0,93.25,3,1,70.3,5536
Male,28,No,Yes,1,1,47,Offer B,Yes,39.25,Yes,Yes,DSL,26,No,Yes,No,No,No,No,Yes,Yes,Month-to-Month,No,Bank Withdrawal,54.25,2538.2,0.0,0,1844.75,5,3,54.00425531914893,2320
Male,25,No,No,0,0,24,No Offer,Yes,38.68,No,Yes,DSL,73,No,No,Yes,No,No,No,No,Yes,Month-to-Month,Yes,Credit Card,49.7,1167.8,0.0,0,928.32,5,2,48.65833333333333,5832
Female,61,No,Yes,3,2,33,No Offer,Yes,24.27,No,No,No Internet,0,No,No,No,No,No,No,No,No,Two Year,No,Credit Card,20.1,670.35,0.0,0,800.91,3,0,20.313636363636363,3700
Male,34,No,No,0,0,1,No Offer,Yes,41.77,No,Yes,Fiber Optic,15,No,No,No,No,No,Yes,Yes,Yes,Month-to-Month,Yes,Bank Withdrawal,80.8,80.8,0.0,0,41.77,3,3,80.8,4424
Female,69,Yes,No,0,0,3,No Offer,Yes,5.54,No,Yes,Fiber Optic,16,No,No,No,No,No,No,No,Yes,Month-to-Month,Yes,Bank Withdrawal,70.3,235.5,0.0,0,16.62,3,1,78.5,5165
Female,61,No,No,0,0,51,Offer B,Yes,29.87,No,No,No Internet,0,No,No,No,No,No,No,No,No,One Year,Yes,Bank Withdrawal,19.85,996.95,0.0,0,1523.37,5,0,19.548039215686277,5089
Female,73,Yes,No,0,0,11,No Offer,Yes,2.81,Yes,Yes,DSL,3,Yes,No,No,No,No,No,No,Yes,Two Year,Yes,Bank Withdrawal,55.6,580.8,15.2,0,30.91,4,2,52.8,5014
Male,71,Yes,No,0,0,1,Offer E,Yes,11.89,No,Yes,DSL,12,No,No,No,No,No,No,No,Yes,One Year,No,Bank Withdrawal,45.25,45.25,0.0,0,11.89,3,1,45.25,3144
Male,57,No,No,0,0,1,Offer E,Yes,5.55,No,Yes,DSL,13,No,No,No,No,No,No,No,Yes,Month-to-Month,Yes,Mailed Check,45.7,45.7,0.0,0,5.55,3,1,45.7,2295
Male,23,No,No,0,0,10,No Offer,Yes,30.3,No,Yes,DSL,73,No,No,No,No,No,Yes,Yes,No,Month-to-Month,Yes,Bank Withdrawal,56.75,503.25,0.0,30,303.0,5,2,50.325,2037
Female,23,No,No,0,0,1,Offer E,Yes,22.16,No,Yes,Fiber Optic,47,No,No,Yes,No,No,No,No,No,Month-to-Month,Yes,Mailed Check,74.6,74.6,0.0,10,22.16,3,1,74.6,3860
Female,46,No,Yes,0,0,71,No Offer,Yes,44.84,Yes,No,No Internet,0,No,No,No,No,No,No,No,No,Two Year,No,Credit Card,25.05,1873.7,0.0,0,3183.64,5,0,26.390140845070423,6334
Male,47,No,No,0,0,1,Offer E,Yes,4.02,No,Yes,Cable,11,No,No,No,No,No,No,No,Yes,Month-to-Month,Yes,Bank Withdrawal,42.9,42.9,0.0,0,4.02,1,1,42.9,4895
Female,33,No,No,0,0,66,Offer A,Yes,43.14,Yes,Yes,Fiber Optic,20,Yes,Yes,Yes,Yes,No,Yes,Yes,Yes,Month-to-Month,Yes,Bank Withdrawal,103.1,6595.0,0.0,0,2847.24,3,7,99.92424242424242,6183
Female,44,No,No,0,0,15,Offer D,Yes,6.22,Yes,Yes,Fiber Optic,4,Yes,No,Yes,No,No,No,No,Yes,Month-to-Month,Yes,Credit Card,84.35,1302.65,0.0,0,93.3,3,3,86.84333333333333,3314
Female,26,No,No,1,0,43,No Offer,Yes,5.6,No,Yes,Cable,30,Yes,Yes,No,No,No,Yes,Yes,Yes,Month-to-Month,Yes,Bank Withdrawal,63.95,2737.05,0.0,0,240.8,3,5,63.65232558139535,4205
Female,59,No,No,0,0,13,No Offer,No,0.0,No,Yes,Cable,7,Yes,No,No,No,No,No,No,Yes,Month-to-Month,Yes,Bank Withdrawal,30.85,394.1,0.0,0,0.0,3,2,30.315384615384616,2444
Female,29,No,No,0,0,36,No Offer,Yes,44.7,Yes,Yes,DSL,59,Yes,No,Yes,Yes,Yes,Yes,Yes,Yes,One Year,Yes,Credit Card,89.65,3348.1,0.0,0,1609.2,3,7,93.00277777777778,4844
Female,57,No,Yes,1,1,72,No Offer,Yes,6.41,Yes,Yes,Fiber Optic,14,Yes,Yes,Yes,Yes,Yes,No,No,Yes,Two Year,No,Credit Card,106.1,7657.4,0.0,0,461.52,4,6,106.35277777777777,5146
Female,51,No,Yes,1,10,68,Offer A,Yes,46.61,No,No,No Internet,0,No,No,No,No,No,No,No,No,Two Year,Yes,Bank Withdrawal,19.35,1292.65,0.0,0,3169.48,4,0,19.009558823529414,6303
Female,52,No,No,0,0,10,No Offer,Yes,10.46,No,No,No Internet,0,No,No,No,No,No,No,No,No,Month-to-Month,Yes,Bank Withdrawal,21.2,222.65,0.0,0,104.6,4,0,22.265,2066
Male,48,No,Yes,2,1,8,Offer E,Yes,6.78,No,Yes,DSL,24,No,No,No,No,No,No,No,Yes,One Year,Yes,Credit Card,43.45,345.5,0.0,0,54.24,3,1,43.1875,4184
Male,24,No,Yes,2,8,49,Offer B,No,0.0,No,Yes,DSL,47,Yes,No,No,No,No,Yes,Yes,Yes,Month-to-Month,Yes,Bank Withdrawal,39.2,1838.15,0.0,0,0.0,4,4,37.51326530612245,4810
Male,69,Yes,No,0,0,1,Offer E,Yes,28.67,No,Yes,DSL,4,No,No,No,No,No,No,No,Yes,Two Year,No,Bank Withdrawal,44.0,44.0,0.0,0,28.67,4,1,44.0,4320
Male,46,No,Yes,0,10,50,Offer B,Yes,38.29,Yes,Yes,Fiber Optic,16,No,Yes,No,No,Yes,Yes,Yes,Yes,One Year,Yes,Bank Withdrawal,98.25,4858.7,3.55,0,1914.5,4,5,97.17399999999999,5154
Female,41,No,Yes,0,5,64,Offer B,Yes,11.85,Yes,Yes,DSL,2,Yes,No,Yes,Yes,Yes,Yes,Yes,Yes,Two Year,Yes,Credit Card,85.0,5484.4,0.0,0,758.4,4,7,85.69375,5472
Female,25,No,Yes,0,1,72,Offer A,Yes,25.82,Yes,Yes,Fiber Optic,59,Yes,Yes,No,No,Yes,Yes,Yes,Yes,One Year,Yes,Bank Withdrawal,104.15,7303.05,0.0,0,1859.04,3,6,101.43125,4594
Male,27,No,No,0,0,17,No Offer,Yes,13.02,No,Yes,Cable,73,No,No,No,No,No,No,No,Yes,One Year,No,Credit Card,44.6,681.4,0.0,0,221.34,4,1,40.08235294117647,2130
Male,38,No,Yes,1,4,68,Offer A,Yes,36.51,No,Yes,DSL,24,Yes,Yes,Yes,Yes,No,No,No,Yes,Two Year,No,Credit Card,62.65,4375.8,0.0,0,2482.68,3,5,64.35000000000001,5215
Male,38,No,Yes,0,7,8,No Offer,Yes,22.34,No,No,No Internet,0,No,No,No,No,No,No,No,No,Month-to-Month,Yes,Bank Withdrawal,19.55,161.15,0.0,0,178.72,5,0,20.14375,4909
Male,22,No,Yes,2,10,50,No Offer,Yes,36.61,No,Yes,DSL,41,No,No,No,No,No,No,No,Yes,One Year,Yes,Bank Withdrawal,44.8,2230.85,36.22,0,1830.5,5,1,44.617,6115
Female,22,No,No,0,0,1,No Offer,Yes,31.03,Yes,Yes,Fiber Optic,27,No,No,No,No,No,Yes,Yes,Yes,Month-to-Month,Yes,Credit Card,85.45,85.45,0.0,0,31.03,1,3,85.45,2318
Female,39,No,No,0,0,1,No Offer,Yes,12.46,No,Yes,DSL,14,No,No,No,No,No,No,No,Yes,Month-to-Month,No,Credit Card,45.35,45.35,0.0,0,12.46,4,1,45.35,3980
Male,40,No,Yes,2,3,38,No Offer,Yes,24.16,No,No,No Internet,0,No,No,No,No,No,No,No,No,Month-to-Month,No,Bank Withdrawal,19.6,717.3,0.0,0,918.08,3,0,18.876315789473683,3854
Female,29,No,Yes,0,6,72,Offer A,Yes,12.32,No,Yes,DSL,59,Yes,Yes,Yes,No,No,Yes,Yes,Yes,Two Year,No,Credit Card,68.75,4888.2,0.0,0,887.04,3,6,67.89166666666667,4505
Male,78,Yes,Yes,0,9,32,Offer C,Yes,43.54,Yes,Yes,Fiber Optic,3,No,Yes,Yes,No,No,Yes,No,Yes,Two Year,Yes,Bank Withdrawal,93.5,2970.8,0.0,0,1393.28,5,4,92.8375,5804
Male,45,No,Yes,3,1,68,Offer A,Yes,35.89,No,No,No Internet,0,No,No,No,No,No,No,No,No,Two Year,No,Bank Withdrawal,19.95,1377.7,28.98,0,2440.52,3,0,20.26029411764706,4165
Male,58,No,No,0,0,1,Offer E,Yes,1.61,No,No,No Internet,0,No,No,No,No,No,No,No,No,Month-to-Month,Yes,Credit Card,19.75,19.75,0.0,0,1.61,5,0,19.75,5809
Male,29,No,Yes,0,1,29,Offer C,Yes,26.03,Yes,Yes,Fiber Optic,47,No,Yes,No,No,No,No,No,Yes,Month-to-Month,Yes,Bank Withdrawal,80.15,2265.25,0.0,0,754.87,3,2,78.11206896551724,5189
Male,74,Yes,No,0,0,14,No Offer,Yes,11.31,No,Yes,Fiber Optic,24,No,No,No,No,Yes,Yes,No,Yes,Month-to-Month,No,Credit Card,90.45,1266.1,0.0,0,158.34,3,3,90.43571428571428,4777
Female,68,Yes,Yes,0,10,70,No Offer,Yes,38.5,Yes,Yes,Fiber Optic,25,Yes,No,No,No,No,Yes,Yes,Yes,Two Year,Yes,Bank Withdrawal,90.85,6470.1,0.0,0,2695.0,4,4,92.43,5129
Female,44,No,Yes,0,1,53,No Offer,Yes,30.09,No,Yes,Fiber Optic,11,Yes,Yes,Yes,No,Yes,Yes,Yes,Yes,One Year,Yes,Bank Withdrawal,106.1,5769.75,0.0,0,1594.77,3,7,108.86320754716981,4471
Female,46,No,Yes,0,1,12,No Offer,No,0.0,No,Yes,DSL,27,No,Yes,No,No,No,No,No,Yes,Month-to-Month,No,Mailed Check,29.2,309.1,0.0,0,0.0,1,2,25.758333333333336,3747
Female,39,No,Yes,0,8,72,No Offer,Yes,11.02,Yes,Yes,Fiber Optic,17,Yes,Yes,Yes,Yes,No,No,No,No,Two Year,Yes,Bank Withdrawal,94.25,6849.75,0.0,100,793.44,4,4,95.13541666666667,6295
Female,21,No,Yes,0,1,72,Offer A,Yes,22.22,Yes,No,No Internet,0,No,No,No,No,No,No,No,No,Two Year,No,Credit Card,26.45,1914.5,0.0,0,1599.84,4,0,26.59027777777778,5534
Male,39,No,Yes,0,10,51,Offer B,Yes,9.99,Yes,Yes,DSL,5,No,No,No,Yes,Yes,Yes,Yes,Yes,Two Year,Yes,Bank Withdrawal,75.2,3901.25,0.0,0,509.49,3,5,76.49509803921569,4708
Male,34,No,Yes,0,2,38,Offer C,Yes,32.11,Yes,Yes,DSL,16,No,No,Yes,Yes,No,Yes,Yes,Yes,One Year,No,Credit Card,69.0,2669.45,0.0,0,1220.18,4,5,70.2486842105263,4487
Female,25,No,Yes,3,6,10,Offer E,Yes,5.59,Yes,Yes,DSL,59,No,Yes,Yes,Yes,Yes,No,No,Yes,Two Year,No,Credit Card,73.35,733.5,0.0,0,55.9,4,5,73.35,2342
Male,64,No,Yes,0,1,44,No Offer,Yes,27.4,No,No,No Internet,0,No,No,No,No,No,No,No,No,One Year,Yes,Bank Withdrawal,20.5,865.05,0.0,0,1205.6,3,0,19.660227272727273,3093
Male,31,No,No,0,0,21,No Offer,Yes,22.53,No,No,No Internet,0,No,No,No,No,No,No,No,No,One Year,Yes,Credit Card,20.35,422.7,0.0,0,473.13,5,0,20.128571428571426,3721
Male,28,No,No,0,0,4,Offer E,Yes,42.06,Yes,Yes,Fiber Optic,58,No,Yes,No,No,No,No,Yes,Yes,Month-to-Month,No,Bank Withdrawal,78.45,330.05,0.0,0,168.24,1,3,82.5125,5048
Female,48,No,Yes,3,3,64,Offer B,Yes,39.37,Yes,Yes,Fiber Optic,53,No,Yes,Yes,Yes,Yes,Yes,Yes,Yes,One Year,Yes,Bank Withdrawal,111.45,7266.95,0.0,0,2519.68,5,7,113.54609375,5129
Male,58,No,No,0,0,12,No Offer,Yes,44.78,No,Yes,DSL,12,No,Yes,No,No,No,No,No,Yes,Month-to-Month,Yes,Bank Withdrawal,49.05,593.05,29.32,0,537.36,5,2,49.42083333333333,4244
Female,30,No,No,0,0,29,No Offer,No,0.0,No,Yes,Cable,59,No,No,No,Yes,No,No,No,Yes,Month-to-Month,Yes,Bank Withdrawal,31.2,926.2,0.0,0,0.0,5,2,31.93793103448276,4761
Female,62,No,Yes,2,5,35,No Offer,Yes,15.41,No,No,No Internet,0,No,No,No,No,No,No,No,No,Two Year,No,Credit Card,19.7,730.4,0.0,0,539.35,4,0,20.86857142857143,5636
Female,44,No,No,0,0,14,No Offer,Yes,1.19,Yes,Yes,Fiber Optic,23,No,No,Yes,No,No,No,No,Yes,Month-to-Month,Yes,Bank Withdrawal,80.45,1072.0,0.0,0,16.66,1,2,76.57142857142857,4155
Female,35,No,Yes,1,0,22,Offer D,Yes,46.45,No,No,No Internet,0,No,No,No,No,No,No,No,No,Month-to-Month,No,Bank Withdrawal,19.05,454.05,0.0,0,1021.9,3,0,20.638636363636365,4312
Female,72,Yes,No,0,0,1,Offer E,Yes,18.2,No,Yes,Fiber Optic,13,No,No,No,No,No,No,No,Yes,Month-to-Month,Yes,Bank Withdrawal,70.55,70.55,0.0,0,18.2,3,1,70.55,2146
Male,64,No,No,0,0,4,Offer E,Yes,3.69,Yes,No,No Internet,0,No,No,No,No,No,No,No,No,Month-to-Month,No,Credit Card,25.25,101.9,0.0,0,14.76,5,0,25.475,3962
Male,75,Yes,Yes,0,4,72,Offer A,Yes,5.6,Yes,Yes,Fiber Optic,19,Yes,Yes,Yes,Yes,Yes,Yes,Yes,Yes,Two Year,Yes,Mailed Check,114.5,8331.95,0.0,0,403.2,3,8,115.7215277777778,6051
Male,52,No,No,0,0,35,No Offer,Yes,41.21,Yes,Yes,Fiber Optic,6,No,No,No,No,Yes,No,No,Yes,Month-to-Month,No,Bank Withdrawal,83.15,2848.45,18.84,0,1442.35,4,2,81.38428571428571,2332
Female,54,No,Yes,2,1,1,No Offer,Yes,28.73,No,No,No Internet,0,No,No,No,No,No,No,No,No,Month-to-Month,No,Mailed Check,19.45,19.45,0.0,0,28.73,2,0,19.45,2865
Male,48,No,No,0,0,69,Offer A,Yes,44.57,Yes,Yes,Fiber Optic,28,No,Yes,No,Yes,Yes,Yes,Yes,Yes,One Year,Yes,Bank Withdrawal,105.2,7386.05,0.0,0,3075.33,3,6,107.04420289855072,6247
Female,21,No,Yes,0,6,10,No Offer,Yes,9.41,No,Yes,Cable,69,No,No,Yes,Yes,No,No,No,Yes,Month-to-Month,No,Credit Card,55.2,528.35,0.0,0,94.1,1,3,52.835,5925
Male,58,No,Yes,0,0,72,No Offer,Yes,43.12,Yes,Yes,Fiber Optic,6,Yes,Yes,Yes,Yes,Yes,Yes,Yes,Yes,Two Year,Yes,Bank Withdrawal,115.8,8424.9,0.0,0,3104.64,3,8,117.01249999999999,6479
Male,25,No,Yes,0,1,71,No Offer,Yes,3.57,Yes,Yes,DSL,52,Yes,Yes,Yes,Yes,Yes,Yes,Yes,Yes,Two Year,No,Bank Withdrawal,90.4,6668.05,0.0,0,253.47,3,8,93.91619718309859,5633
Male,36,No,Yes,0,1,10,Offer D,Yes,31.72,No,Yes,Fiber Optic,23,No,No,No,No,No,No,No,Yes,Month-to-Month,Yes,Bank Withdrawal,70.3,738.2,0.0,0,317.2,3,1,73.82000000000001,2162
Male,58,No,No,0,0,5,No Offer,Yes,32.81,No,Yes,Fiber Optic,16,No,Yes,No,No,No,No,No,Yes,Month-to-Month,Yes,Bank Withdrawal,74.65,383.65,0.0,0,164.05,3,2,76.72999999999999,3319
Male,39,No,No,3,0,48,No Offer,Yes,26.24,Yes,Yes,Cable,53,Yes,Yes,Yes,No,No,No,No,Yes,One Year,Yes,Bank Withdrawal,64.4,3035.35,0.0,0,1259.52,4,4,63.23645833333333,2545
Male,71,Yes,Yes,0,8,7,No Offer,Yes,41.97,No,Yes,Fiber Optic,11,No,No,No,No,Yes,Yes,Yes,Yes,Two Year,Yes,Bank Withdrawal,89.0,605.45,0.0,0,293.79,4,4,86.49285714285715,5711
Female,54,No,No,0,0,15,No Offer,Yes,22.39,No,Yes,Fiber Optic,7,Yes,No,Yes,Yes,Yes,Yes,Yes,Yes,Month-to-Month,No,Bank Withdrawal,105.1,1582.75,0.0,0,335.85,1,7,105.51666666666667,2122
Male,47,No,Yes,3,9,69,No Offer,Yes,26.35,Yes,Yes,DSL,53,Yes,No,Yes,Yes,Yes,Yes,Yes,Yes,Two Year,No,Bank Withdrawal,86.9,6194.1,0.0,0,1818.15,3,7,89.7695652173913,4667
Female,51,No,No,3,0,62,Offer B,Yes,2.83,Yes,No,No Internet,0,No,No,No,No,No,No,No,No,Two Year,No,Bank Withdrawal,26.0,1638.7,0.0,0,175.46,3,0,26.43064516129032,4535
Female,24,No,Yes,0,10,48,No Offer,Yes,37.96,No,No,No Internet,0,No,No,No,No,No,No,No,No,Two Year,No,Bank Withdrawal,20.65,1057.0,0.0,0,1822.08,5,0,22.020833333333332,4124
Male,21,No,Yes,2,3,61,Offer B,Yes,12.72,No,Yes,Cable,48,Yes,Yes,Yes,Yes,Yes,Yes,Yes,Yes,One Year,No,Bank Withdrawal,84.9,5264.5,0.0,0,775.92,3,8,86.30327868852459,4413
Male,25,No,Yes,2,7,1,Offer E,Yes,18.63,No,No,No Internet,0,No,No,No,No,No,No,No,No,Month-to-Month,Yes,Bank Withdrawal,20.15,20.15,0.0,0,18.63,3,0,20.15,3960
Male,80,Yes,No,0,0,30,No Offer,Yes,38.61,No,Yes,DSL,5,Yes,Yes,No,No,Yes,Yes,No,Yes,One Year,Yes,Bank Withdrawal,74.75,2111.3,0.0,0,1158.3,4,5,70.37666666666668,3033
Female,73,Yes,No,2,0,33,Offer C,Yes,12.75,Yes,Yes,Fiber Optic,19,No,Yes,Yes,No,Yes,Yes,No,Yes,Two Year,Yes,Bank Withdrawal,105.35,3465.05,0.0,0,420.75,5,5,105.00151515151515,4738
Female,62,No,No,0,0,1,Offer E,Yes,12.4,No,Yes,Fiber Optic,28,No,No,No,No,No,No,No,Yes,Month-to-Month,No,Bank Withdrawal,68.65,68.65,0.0,0,12.4,2,1,68.65,3052
Male,60,No,Yes,1,1,13,Offer D,Yes,44.05,No,Yes,Fiber Optic,19,No,No,Yes,No,Yes,Yes,Yes,Yes,Month-to-Month,No,Bank Withdrawal,97.0,1334.45,0.0,0,572.65,3,5,102.65,5282
Female,28,No,No,0,0,2,No Offer,Yes,15.25,No,Yes,DSL,82,No,No,Yes,No,No,Yes,Yes,Yes,Month-to-Month,No,Bank Withdrawal,60.85,111.4,0.0,0,30.5,5,4,55.7,3796
Male,21,No,No,0,0,3,Offer E,Yes,29.84,No,Yes,Fiber Optic,30,No,No,Yes,No,No,Yes,Yes,Yes,Month-to-Month,No,Credit Card,85.7,256.75,0.0,0,89.52,5,4,85.58333333333333,5806
Female,61,No,No,0,0,7,No Offer,Yes,40.32,Yes,Yes,Fiber Optic,18,Yes,No,No,No,No,No,No,Yes,Month-to-Month,Yes,Credit Card,79.65,604.7,0.0,0,282.24,1,2,86.38571428571429,4513
Female,52,No,No,0,0,6,Offer E,Yes,30.54,No,Yes,Fiber Optic,27,No,No,No,No,No,No,No,Yes,Month-to-Month,No,Credit Card,70.55,433.95,0.0,0,183.24,3,1,72.325,4059
Female,40,No,Yes,1,1,6,Offer E,Yes,6.48,No,No,No Internet,0,No,No,No,No,No,No,No,No,Month-to-Month,No,Credit Card,19.85,119.3,0.0,0,38.88,3,0,19.883333333333333,5060
Male,73,Yes,Yes,2,1,28,No Offer,Yes,4.71,Yes,Yes,DSL,21,No,No,No,No,No,No,No,No,One Year,Yes,Bank Withdrawal,51.0,1381.8,0.0,80,131.88,3,0,49.35,5195
Male,28,No,No,0,0,8,Offer E,Yes,22.15,No,No,No Internet,0,No,No,No,No,No,No,No,No,Month-to-Month,Yes,Bank Withdrawal,19.7,168.9,0.0,0,177.2,4,0,21.1125,5498
Female,70,Yes,No,0,0,49,No Offer,Yes,47.72,No,Yes,Fiber Optic,21,No,Yes,Yes,No,No,Yes,No,Yes,One Year,Yes,Bank Withdrawal,89.85,4287.2,0.0,0,2338.28,4,4,87.4938775510204,5982
Male,57,No,No,0,0,45,No Offer,Yes,28.72,No,Yes,Fiber Optic,3,Yes,Yes,Yes,Yes,Yes,Yes,Yes,Yes,One Year,No,Credit Card,112.2,5031.85,0.0,0,1292.4,3,8,111.81888888888889,3091
Male,59,No,No,0,0,48,No Offer,Yes,9.91,Yes,Yes,Fiber Optic,4,No,Yes,Yes,No,Yes,Yes,Yes,Yes,Two Year,Yes,Bank Withdrawal,108.1,5067.45,0.0,0,475.68,4,6,105.57187499999999,5994
Female,19,No,No,0,0,51,Offer B,Yes,43.79,Yes,Yes,Fiber Optic,82,No,Yes,Yes,Yes,Yes,Yes,Yes,Yes,One Year,Yes,Bank Withdrawal,111.5,5703.25,0.0,0,2233.29,4,7,111.82843137254902,4363
Male,29,No,Yes,0,9,69,Offer A,Yes,3.41,Yes,Yes,Fiber Optic,41,Yes,Yes,Yes,Yes,Yes,Yes,Yes,Yes,Two Year,Yes,Bank Withdrawal,112.55,7806.5,0.0,0,235.29,4,8,113.1376811594203,5532
Female,60,No,No,0,0,15,Offer D,No,0.0,No,Yes,DSL,25,Yes,Yes,Yes,Yes,No,No,No,Yes,One Year,No,Credit Card,45.9,693.45,16.27,0,0.0,3,5,46.230000000000004,3572
Male,69,Yes,No,0,0,1,No Offer,Yes,11.34,Yes,Yes,Fiber Optic,20,No,No,No,No,No,No,No,Yes,Month-to-Month,Yes,Bank Withdrawal,74.7,74.7,0.0,0,11.34,1,1,74.7,3348
Female,47,No,Yes,0,1,1,Offer E,Yes,33.46,No,Yes,Fiber Optic,12,No,No,No,No,No,No,No,No,Month-to-Month,Yes,Mailed Check,69.4,69.4,0.0,10,33.46,1,0,69.4,2404
Male,69,Yes,No,0,0,1,Offer E,Yes,19.87,No,No,No Internet,0,No,No,No,No,No,No,No,No,Month-to-Month,No,Credit Card,20.05,20.05,0.0,0,19.87,1,0,20.05,3491
Female,63,No,No,3,0,1,No Offer,Yes,33.21,No,Yes,DSL,75,Yes,No,No,Yes,No,No,No,Yes,Month-to-Month,No,Bank Withdrawal,54.5,54.5,0.0,0,33.21,3,3,54.5,4359
Female,77,Yes,Yes,0,2,13,No Offer,Yes,37.86,No,Yes,Fiber Optic,19,No,No,No,No,No,No,No,No,Month-to-Month,Yes,Bank Withdrawal,70.15,916.75,0.0,90,492.18,2,0,70.51923076923077,5101
Male,39,No,Yes,3,7,60,No Offer,Yes,27.2,No,Yes,DSL,21,No,Yes,No,Yes,Yes,Yes,Yes,Yes,Two Year,No,Bank Withdrawal,76.95,4543.95,0.0,0,1632.0,4,6,75.7325,5053
Male,38,No,No,0,0,1,No Offer,No,0.0,No,Yes,DSL,26,No,No,No,No,No,Yes,Yes,Yes,Month-to-Month,Yes,Bank Withdrawal,35.55,35.55,0.0,0,0.0,1,3,35.55,3958
Female,66,Yes,Yes,1,9,32,Offer C,Yes,5.73,Yes,Yes,Fiber Optic,30,No,No,Yes,No,Yes,No,No,Yes,One Year,Yes,Credit Card,91.35,2896.55,26.98,0,183.36,5,3,90.5171875,2965
Female,27,No,No,0,0,42,Offer B,Yes,22.08,No,Yes,Cable,26,Yes,Yes,Yes,No,No,No,No,Yes,Month-to-Month,No,Bank Withdrawal,59.65,2536.55,0.0,0,927.36,3,4,60.394047619047626,3048
Male,75,Yes,No,0,0,1,Offer E,No,0.0,No,Yes,DSL,26,No,Yes,Yes,No,No,Yes,No,Yes,Month-to-Month,Yes,Bank Withdrawal,43.3,43.3,0.0,0,0.0,3,4,43.3,4972
Male,43,No,No,0,0,1,Offer E,Yes,17.25,No,No,No Internet,0,No,No,No,No,No,No,No,No,Month-to-Month,No,Mailed Check,19.65,19.65,0.0,0,17.25,2,0,19.65,5717
Female,42,No,Yes,2,9,45,No Offer,Yes,21.73,No,No,No Internet,0,No,No,No,No,No,No,No,No,Two Year,Yes,Bank Withdrawal,20.0,886.4,0.0,0,977.85,4,0,19.697777777777777,5169
Male,51,No,No,0,0,2,Offer E,Yes,17.33,No,Yes,Fiber Optic,14,No,No,No,No,No,Yes,Yes,Yes,Month-to-Month,Yes,Bank Withdrawal,80.95,171.15,0.0,0,34.66,3,3,85.575,3533
Female,43,No,Yes,1,3,65,No Offer,Yes,28.46,Yes,Yes,Cable,14,Yes,Yes,Yes,Yes,Yes,Yes,Yes,Yes,Two Year,Yes,Credit Card,90.45,5957.9,0.0,0,1849.9,3,8,91.66,5509
Female,22,No,Yes,2,8,17,Offer D,Yes,44.9,No,Yes,DSL,47,Yes,Yes,No,No,Yes,Yes,Yes,Yes,Month-to-Month,No,Credit Card,74.55,1215.8,0.0,0,763.3,3,6,71.51764705882353,4451
Female,73,Yes,Yes,0,1,72,Offer A,Yes,35.04,Yes,Yes,Fiber Optic,22,Yes,No,Yes,Yes,Yes,Yes,No,Yes,Two Year,Yes,Mailed Check,109.75,8075.35,0.0,0,2522.88,4,6,112.1576388888889,6010
Female,47,No,No,3,0,34,No Offer,Yes,32.94,No,Yes,Fiber Optic,21,Yes,Yes,Yes,No,Yes,Yes,Yes,No,Month-to-Month,Yes,Bank Withdrawal,105.35,3688.6,0.0,110,1119.96,4,6,108.48823529411764,5432
Male,54,No,No,1,0,27,No Offer,Yes,2.65,Yes,No,No Internet,0,No,No,No,No,No,No,No,No,Two Year,Yes,Credit Card,25.85,788.55,0.0,0,71.55,5,0,29.205555555555552,2682
Male,59,No,No,0,0,9,Offer E,Yes,49.74,No,No,No Internet,0,No,No,No,No,No,No,No,No,Month-to-Month,Yes,Credit Card,18.95,185.6,0.0,0,447.66,3,0,20.62222222222222,5403
Female,26,No,No,0,0,5,Offer E,Yes,43.99,No,Yes,Fiber Optic,42,No,No,No,No,No,Yes,Yes,No,Month-to-Month,Yes,Bank Withdrawal,80.0,412.5,40.0,10,219.95,3,2,82.5,3937
Male,45,No,Yes,1,2,23,Offer D,No,0.0,No,Yes,DSL,19,No,No,No,Yes,No,No,No,Yes,Month-to-Month,Yes,Bank Withdrawal,30.35,678.75,0.0,0,0.0,4,2,29.51086956521739,4960
Male,37,No,Yes,0,10,45,No Offer,Yes,43.27,No,Yes,DSL,4,Yes,No,Yes,No,No,No,No,No,Two Year,No,Credit Card,53.3,2296.25,0.0,90,1947.15,3,2,51.02777777777778,2929
Male,62,No,No,0,0,30,No Offer,Yes,31.97,Yes,Yes,Fiber Optic,2,No,No,No,Yes,No,Yes,Yes,Yes,Month-to-Month,Yes,Credit Card,89.9,2723.15,0.0,0,959.1,3,4,90.77166666666668,3233
Female,58,No,No,0,0,56,No Offer,No,0.0,No,Yes,DSL,23,No,No,No,No,Yes,Yes,Yes,Yes,Month-to-Month,Yes,Credit Card,44.85,2564.95,0.0,0,0.0,5,4,45.802678571428565,4021
Male,71,Yes,Yes,0,8,56,No Offer,Yes,31.68,No,Yes,DSL,30,Yes,Yes,Yes,Yes,Yes,Yes,No,Yes,Two Year,Yes,Bank Withdrawal,85.65,4824.45,0.0,0,1774.08,3,7,86.15089285714285,6500
Female,53,No,Yes,0,6,71,Offer A,Yes,5.22,Yes,Yes,Fiber Optic,10,Yes,Yes,No,No,Yes,No,No,Yes,One Year,No,Credit Card,95.65,6856.95,0.0,0,370.62,3,4,96.57676056338028,5856
Male,23,No,No,0,0,1,No Offer,Yes,14.26,No,Yes,Fiber Optic,46,No,No,No,No,Yes,Yes,Yes,Yes,Month-to-Month,Yes,Bank Withdrawal,88.35,88.35,0.0,0,14.26,1,4,88.35,4254
Female,57,No,Yes,0,1,37,No Offer,Yes,45.19,No,No,No Internet,0,No,No,No,No,No,No,No,No,Month-to-Month,No,Bank Withdrawal,19.5,805.2,0.0,0,1672.03,4,0,21.762162162162163,3924
Female,36,No,Yes,3,3,25,Offer C,Yes,2.82,No,No,No Internet,0,No,No,No,No,No,No,No,No,Two Year,Yes,Credit Card,18.7,383.65,0.0,0,70.5,4,0,15.345999999999998,2289
Male,49,No,No,0,0,22,Offer D,Yes,22.97,Yes,No,No Internet,0,No,No,No,No,No,No,No,No,Month-to-Month,Yes,Credit Card,24.85,493.4,21.32,0,505.34,4,0,22.427272727272726,3534
Female,36,No,No,0,0,50,No Offer,Yes,12.62,No,No,No Internet,0,No,No,No,No,No,No,No,No,Two Year,No,Credit Card,19.4,1023.95,0.0,0,631.0,5,0,20.479,6233
Male,72,Yes,Yes,0,1,33,No Offer,Yes,27.78,Yes,Yes,Fiber Optic,8,No,No,No,No,Yes,Yes,No,Yes,Month-to-Month,Yes,Bank Withdrawal,94.5,3105.55,0.0,0,916.74,3,3,94.10757575757576,4333
Male,72,Yes,Yes,0,1,10,No Offer,Yes,11.12,No,Yes,Fiber Optic,30,No,Yes,Yes,Yes,Yes,No,No,No,Month-to-Month,Yes,Credit Card,92.5,934.1,0.0,100,111.2,1,4,93.41,2415
Female,30,No,Yes,2,1,4,No Offer,Yes,28.55,No,No,No Internet,0,No,No,No,No,No,No,No,No,Month-to-Month,Yes,Bank Withdrawal,19.95,82.9,0.0,0,114.2,4,0,20.725,2951
Female,52,No,No,0,0,53,No Offer,Yes,29.39,Yes,Yes,Fiber Optic,12,Yes,Yes,Yes,No,Yes,No,No,Yes,One Year,No,Credit Card,98.6,5311.85,0.0,0,1557.67,3,5,100.22358490566039,4635
Male,44,No,No,0,0,71,Offer A,Yes,41.34,Yes,Yes,Fiber Optic,10,No,Yes,No,No,No,No,No,Yes,One Year,Yes,Credit Card,79.05,5552.5,0.0,0,2935.14,4,2,78.20422535211267,5466
Female,74,Yes,No,0,0,3,Offer E,Yes,41.44,No,Yes,Fiber Optic,13,No,No,Yes,No,No,No,No,No,One Year,No,Credit Card,75.05,202.9,5.49,10,124.32,4,1,67.63333333333334,3545
Female,39,No,No,0,0,64,No Offer,Yes,28.13,Yes,Yes,Fiber Optic,18,No,No,Yes,No,Yes,Yes,Yes,Yes,One Year,Yes,Credit Card,100.05,6254.2,0.0,0,1800.32,1,5,97.721875,5452
Female,26,No,Yes,0,7,72,Offer A,Yes,28.59,Yes,Yes,Fiber Optic,58,No,Yes,No,No,Yes,Yes,Yes,Yes,Two Year,Yes,Credit Card,97.7,6869.7,0.0,0,2058.48,5,5,95.4125,5406
Female,60,No,Yes,3,4,69,Offer A,No,0.0,No,Yes,Cable,56,No,Yes,Yes,No,Yes,Yes,Yes,Yes,Two Year,Yes,Credit Card,54.95,3772.5,0.0,0,0.0,4,6,54.67391304347826,4175
Female,70,Yes,Yes,0,1,68,Offer A,Yes,24.13,Yes,Yes,Fiber Optic,24,No,Yes,No,No,No,Yes,No,Yes,Month-to-Month,Yes,Bank Withdrawal,89.6,6127.6,0.0,0,1640.84,1,3,90.11176470588236,5651
Male,22,No,No,0,0,2,Offer E,Yes,40.43,Yes,Yes,Cable,27,No,No,No,No,Yes,No,Yes,Yes,Month-to-Month,Yes,Bank Withdrawal,85.65,181.5,0.0,0,80.86,1,3,90.75,3878
Male,63,No,Yes,0,1,1,Offer E,Yes,44.73,Yes,Yes,Fiber Optic,3,No,No,No,No,No,No,No,Yes,Month-to-Month,Yes,Bank Withdrawal,74.6,74.6,0.0,0,44.73,1,1,74.6,5861
Female,34,No,Yes,0,1,1,No Offer,Yes,11.08,No,Yes,Fiber Optic,13,No,No,No,No,No,No,No,Yes,Month-to-Month,Yes,Bank Withdrawal,69.8,69.8,0.0,0,11.08,3,1,69.8,2123
Male,42,No,No,0,0,2,No Offer,Yes,44.34,No,No,No Internet,0,No,No,No,No,No,No,No,No,Month-to-Month,No,Credit Card,19.35,46.35,0.0,0,88.68,3,0,23.175,5863
Male,80,Yes,No,0,0,21,No Offer,Yes,34.62,No,Yes,DSL,14,No,No,Yes,No,Yes,No,No,Yes,Month-to-Month,Yes,Bank Withdrawal,60.05,1236.15,0.0,0,727.02,1,3,58.86428571428572,4716
Female,28,No,Yes,1,1,6,Offer E,Yes,24.83,Yes,Yes,Cable,82,No,No,No,No,No,No,No,Yes,Month-to-Month,Yes,Credit Card,48.95,273.25,0.0,0,148.98,3,1,45.541666666666664,3061
Female,35,No,Yes,0,2,61,No Offer,Yes,17.49,Yes,Yes,Fiber Optic,21,No,Yes,No,No,Yes,Yes,Yes,Yes,Two Year,Yes,Bank Withdrawal,101.05,5971.25,0.0,0,1066.89,4,5,97.88934426229508,6311
Female,40,No,Yes,3,3,68,No Offer,Yes,14.11,Yes,Yes,Fiber Optic,57,Yes,No,Yes,Yes,Yes,Yes,Yes,Yes,Two Year,No,Credit Card,111.75,7511.3,0.0,0,959.48,4,7,110.46029411764707,4967
Male,61,No,Yes,4,8,25,Offer C,Yes,19.56,Yes,No,No Internet,0,No,No,No,No,No,No,No,No,Month-to-Month,Yes,Bank Withdrawal,25.4,546.85,0.0,0,489.0,3,0,21.874000000000002,5250
Female,46,No,Yes,0,7,65,No Offer,Yes,10.23,No,Yes,Cable,14,No,No,No,Yes,Yes,No,No,Yes,Two Year,Yes,Credit Card,59.8,3808.2,0.0,0,664.95,5,3,58.58769230769231,6034
Female,44,No,No,3,0,3,No Offer,No,0.0,No,Yes,DSL,53,No,Yes,No,No,No,No,No,Yes,Month-to-Month,No,Mailed Check,29.65,90.05,0.0,0,0.0,3,2,30.016666666666666,5880
Female,62,No,No,0,0,19,No Offer,Yes,11.86,Yes,No,No Internet,0,No,No,No,No,No,No,No,No,Month-to-Month,No,Bank Withdrawal,24.7,465.85,1.65,0,225.34,5,0,24.51842105263158,3612
Female,37,No,Yes,3,10,50,No Offer,Yes,10.13,No,No,No Internet,0,No,No,No,No,No,No,No,No,Two Year,No,Credit Card,20.55,1070.25,0.0,0,506.5,4,0,21.405,4878
Male,24,No,No,0,0,53,No Offer,Yes,34.16,Yes,No,No Internet,0,No,No,No,No,No,No,No,No,Two Year,No,Credit Card,24.6,1279.0,37.68,0,1810.48,5,0,24.132075471698112,4610
Female,59,No,Yes,3,10,69,Offer A,Yes,7.84,Yes,Yes,Cable,21,Yes,Yes,No,Yes,Yes,No,No,Yes,One Year,No,Credit Card,73.7,4885.85,0.0,0,540.96,4,5,70.80942028985508,4268
Female,48,No,Yes,0,3,63,Offer B,Yes,8.98,Yes,Yes,Fiber Optic,16,Yes,Yes,Yes,No,Yes,No,No,No,Month-to-Month,Yes,Bank Withdrawal,100.55,6215.35,0.0,0,565.74,2,4,98.65634920634922,5413
Female,63,No,Yes,3,8,24,Offer C,Yes,21.43,Yes,Yes,DSL,56,Yes,No,Yes,No,Yes,Yes,Yes,Yes,Two Year,No,Credit Card,78.6,1846.65,0.0,0,514.32,4,6,76.94375000000001,2939
Female,59,No,Yes,3,4,72,No Offer,Yes,48.29,Yes,No,No Internet,0,No,No,No,No,No,No,No,No,Two Year,Yes,Bank Withdrawal,24.05,1709.15,0.0,0,3476.88,4,0,23.738194444444446,4755
Male,76,Yes,Yes,0,4,54,Offer B,No,0.0,No,Yes,DSL,4,No,No,No,No,No,No,No,Yes,Month-to-Month,Yes,Bank Withdrawal,24.95,1364.75,0.0,0,0.0,3,1,25.27314814814815,4691
Female,40,No,No,0,0,2,Offer E,Yes,43.27,No,No,No Internet,0,No,No,No,No,No,No,No,No,Month-to-Month,Yes,Mailed Check,20.0,40.9,0.0,0,86.54,4,0,20.45,2237
Male,24,No,No,0,0,6,No Offer,Yes,27.54,No,No,No Internet,0,No,No,No,No,No,No,No,No,Month-to-Month,No,Mailed Check,18.95,110.15,0.0,0,165.24,4,0,18.358333333333334,5920
Male,56,No,No,0,0,5,No Offer,Yes,12.35,No,Yes,Fiber Optic,13,No,No,No,No,Yes,No,No,Yes,Month-to-Month,Yes,Credit Card,80.1,398.55,0.0,0,61.75,3,2,79.71000000000001,5225
Male,32,No,No,0,0,5,Offer E,Yes,31.14,No,Yes,Fiber Optic,5,No,No,No,No,No,No,No,Yes,Month-to-Month,Yes,Bank Withdrawal,69.75,324.6,0.0,0,155.7,1,1,64.92,3965
Female,23,No,Yes,0,3,72,No Offer,Yes,44.92,Yes,Yes,DSL,69,Yes,Yes,Yes,Yes,Yes,Yes,Yes,Yes,Two Year,No,Credit Card,89.8,6510.45,0.0,0,3234.24,3,8,90.42291666666667,5762
Male,70,Yes,No,0,0,20,Offer D,Yes,48.46,No,Yes,Fiber Optic,23,No,No,No,No,Yes,Yes,No,Yes,Two Year,No,Bank Withdrawal,89.95,1648.45,0.0,0,969.2,4,3,82.4225,4812
Male,27,No,Yes,0,1,21,Offer D,Yes,21.83,Yes,Yes,Fiber Optic,59,No,No,Yes,Yes,Yes,Yes,Yes,Yes,Month-to-Month,Yes,Bank Withdrawal,106.1,2249.95,0.0,0,458.43,1,6,107.14047619047618,3584
Female,27,No,Yes,2,10,10,Offer D,Yes,18.57,Yes,No,No Internet,0,No,No,No,No,No,No,No,No,Two Year,No,Credit Card,26.1,225.55,0.0,0,185.7,5,0,22.555,3179
Female,74,Yes,Yes,0,1,40,No Offer,Yes,19.76,No,Yes,Fiber Optic,22,No,Yes,No,Yes,Yes,Yes,Yes,Yes,One Year,Yes,Credit Card,99.2,4062.2,0.0,0,790.4,3,6,101.55499999999999,5098
Male,48,No,Yes,0,8,54,No Offer,Yes,14.18,No,Yes,DSL,25,Yes,Yes,No,No,Yes,Yes,Yes,Yes,Two Year,Yes,Bank Withdrawal,74.55,4191.45,0.0,0,765.72,4,6,77.61944444444444,4544
Female,80,Yes,No,0,0,64,Offer B,Yes,29.12,No,Yes,DSL,24,Yes,Yes,No,Yes,Yes,No,No,Yes,Two Year,Yes,Credit Card,70.2,4481.0,0.0,0,1863.68,1,5,70.015625,6080
Male,51,No,No,0,0,50,Offer B,No,0.0,No,Yes,DSL,20,Yes,Yes,No,No,No,No,No,Yes,Month-to-Month,Yes,Credit Card,35.0,1782.4,0.0,0,0.0,3,3,35.648,5629
Male,58,No,Yes,0,5,10,No Offer,Yes,43.28,No,Yes,Fiber Optic,12,No,Yes,No,Yes,Yes,Yes,Yes,Yes,Month-to-Month,Yes,Bank Withdrawal,99.85,990.9,0.0,0,432.8,1,6,99.09,4243
Male,51,No,No,0,0,48,Offer B,Yes,2.53,Yes,Yes,Cable,6,Yes,No,Yes,No,Yes,Yes,Yes,No,One Year,Yes,Credit Card,78.75,3682.45,0.0,40,121.44,3,5,76.71770833333333,2257
Male,57,No,Yes,0,1,16,Offer D,Yes,21.04,No,Yes,Cable,17,Yes,Yes,No,No,No,No,No,Yes,One Year,Yes,Credit Card,55.85,857.8,0.0,0,336.64,3,3,53.6125,2464
Female,42,No,Yes,2,1,1,No Offer,No,0.0,No,Yes,DSL,12,No,No,No,Yes,Yes,No,No,No,Month-to-Month,No,Bank Withdrawal,40.1,40.1,0.0,10,0.0,1,2,40.1,5434
Male,45,No,Yes,0,2,30,No Offer,Yes,22.89,No,No,No Internet,0,No,No,No,No,No,No,No,No,One Year,No,Credit Card,20.7,587.1,0.0,0,686.7,5,0,19.57,2492
Male,70,Yes,Yes,0,3,23,Offer D,Yes,31.53,No,Yes,Fiber Optic,20,Yes,Yes,No,No,No,Yes,No,Yes,Month-to-Month,Yes,Bank Withdrawal,90.0,2024.1,0.0,0,725.19,3,4,88.00434782608696,4999
Male,30,No,Yes,2,8,28,No Offer,Yes,19.18,No,No,No Internet,0,No,No,No,No,No,No,No,No,Two Year,Yes,Credit Card,20.3,487.95,0.0,0,537.04,3,0,17.426785714285714,2948
Female,58,No,Yes,1,5,67,No Offer,No,0.0,No,Yes,DSL,15,Yes,Yes,No,No,No,No,No,Yes,Two Year,No,Bank Withdrawal,36.15,2434.45,0.0,0,0.0,3,3,36.33507462686567,6314
Male,39,No,No,0,0,43,No Offer,Yes,49.64,Yes,Yes,Fiber Optic,27,No,Yes,No,No,Yes,Yes,Yes,Yes,Month-to-Month,Yes,Bank Withdrawal,101.4,4528.0,0.0,0,2134.52,1,5,105.30232558139535,3370
Male,65,Yes,No,0,0,26,Offer C,Yes,25.04,Yes,Yes,Fiber Optic,9,No,No,No,No,Yes,Yes,Yes,Yes,Two Year,Yes,Bank Withdrawal,93.6,2404.1,0.0,0,651.04,5,4,92.46538461538461,4030
Male,25,No,Yes,0,1,7,No Offer,Yes,19.23,No,Yes,Fiber Optic,52,No,Yes,No,Yes,Yes,No,No,Yes,Month-to-Month,Yes,Bank Withdrawal,89.75,608.8,26.02,0,134.61,2,4,86.97142857142856,3807
Female,19,No,Yes,3,6,15,Offer D,Yes,4.19,Yes,Yes,Fiber Optic,59,No,Yes,Yes,No,Yes,Yes,Yes,Yes,Month-to-Month,Yes,Bank Withdrawal,105.35,1559.25,0.0,0,62.85,3,6,103.95,2721
Male,39,No,No,0,0,26,No Offer,No,0.0,No,Yes,DSL,6,Yes,Yes,No,No,No,Yes,Yes,Yes,Month-to-Month,Yes,Bank Withdrawal,44.65,1156.55,0.0,0,0.0,4,5,44.482692307692304,4512
Female,31,No,No,0,0,2,No Offer,Yes,47.19,No,No,No Internet,0,No,No,No,No,No,No,No,No,Month-to-Month,Yes,Mailed Check,20.45,42.45,0.0,0,94.38,5,0,21.225,2606
Female,44,No,No,0,0,7,Offer E,Yes,3.34,No,Yes,Cable,13,Yes,Yes,No,Yes,Yes,Yes,Yes,Yes,Month-to-Month,Yes,Bank Withdrawal,78.5,571.05,0.0,0,23.38,4,7,81.57857142857142,3601
Male,54,No,Yes,0,1,1,No Offer,Yes,2.2,No,Yes,Fiber Optic,30,No,No,No,No,No,No,No,Yes,Month-to-Month,Yes,Bank Withdrawal,69.15,69.15,0.0,0,2.2,2,1,69.15,4179
Male,47,No,Yes,3,4,68,Offer A,Yes,19.75,No,No,No Internet,0,No,No,No,No,No,No,No,No,Two Year,Yes,Bank Withdrawal,19.95,1303.25,0.0,0,1343.0,3,0,19.165441176470587,6492
Male,61,No,No,0,0,7,No Offer,Yes,47.03,Yes,Yes,Fiber Optic,2,No,Yes,No,No,Yes,Yes,Yes,No,Month-to-Month,Yes,Bank Withdrawal,99.8,673.25,0.0,10,329.21,1,4,96.17857142857143,2031
Male,33,No,Yes,0,9,60,Offer B,Yes,47.4,No,Yes,Cable,29,No,Yes,No,No,Yes,Yes,Yes,Yes,One Year,Yes,Bank Withdrawal,94.4,5610.25,0.0,0,2844.0,2,5,93.50416666666666,4990
Male,46,No,No,0,0,2,Offer E,Yes,16.14,No,Yes,Fiber Optic,2,No,No,Yes,Yes,No,No,No,Yes,Month-to-Month,Yes,Bank Withdrawal,79.85,152.45,0.0,0,32.28,2,3,76.225,3280
Female,61,No,Yes,0,1,16,No Offer,Yes,37.83,Yes,Yes,Cable,26,No,Yes,No,No,Yes,Yes,Yes,Yes,Month-to-Month,Yes,Bank Withdrawal,100.0,1534.75,0.0,0,605.28,1,5,95.921875,3794
Male,53,No,Yes,0,1,18,Offer D,Yes,31.49,Yes,Yes,Fiber Optic,20,No,No,No,No,Yes,Yes,Yes,Yes,Month-to-Month,Yes,Bank Withdrawal,94.7,1687.95,0.0,0,566.82,1,4,93.775,2206
Male,73,Yes,Yes,0,1,43,Offer B,Yes,17.43,Yes,Yes,Fiber Optic,26,No,Yes,Yes,No,Yes,Yes,No,Yes,Month-to-Month,Yes,Bank Withdrawal,103.0,4414.3,0.0,0,749.49,1,5,102.65813953488373,2505
Female,59,No,Yes,0,5,34,No Offer,Yes,12.3,Yes,Yes,DSL,26,Yes,No,No,Yes,No,No,No,Yes,Month-to-Month,Yes,Bank Withdrawal,60.85,2003.6,0.0,0,418.2,4,3,58.92941176470588,3012
Female,34,No,No,0,0,47,No Offer,Yes,44.69,No,No,No Internet,0,No,No,No,No,No,No,No,No,Two Year,Yes,Credit Card,20.55,945.7,0.0,0,2100.43,4,0,20.121276595744682,5404
Male,34,No,Yes,1,9,38,No Offer,Yes,24.22,Yes,Yes,Fiber Optic,14,No,No,Yes,No,Yes,Yes,Yes,Yes,Month-to-Month,Yes,Credit Card,101.15,3956.7,0.0,0,920.36,3,5,104.1236842105263,3738
Female,63,No,No,0,0,55,Offer B,Yes,27.0,No,Yes,Cable,20,No,Yes,Yes,No,No,Yes,Yes,Yes,Two Year,Yes,Mailed Check,64.75,3617.1,0.0,0,1485.0,3,5,65.76545454545455,4634
Female,23,No,Yes,0,9,61,Offer B,Yes,13.35,Yes,No,No Internet,0,No,No,No,No,No,No,No,No,Two Year,Yes,Credit Card,24.1,1551.6,0.0,0,814.35,4,0,25.43606557377049,5970
Female,59,No,Yes,1,1,13,Offer D,Yes,16.4,No,No,No Internet,0,No,No,No,No,No,No,No,No,Month-to-Month,Yes,Credit Card,20.45,254.5,0.0,0,213.2,3,0,19.576923076923077,5417
Male,21,No,No,1,0,39,Offer C,Yes,14.72,Yes,Yes,Fiber Optic,85,No,No,No,Yes,Yes,Yes,Yes,Yes,Two Year,No,Credit Card,100.55,3895.35,0.0,0,574.08,3,5,99.88076923076923,3124
Male,43,No,Yes,0,1,47,No Offer,Yes,37.74,Yes,Yes,Fiber Optic,7,No,No,Yes,Yes,Yes,Yes,Yes,Yes,Month-to-Month,Yes,Bank Withdrawal,107.35,5118.95,0.0,0,1773.78,2,6,108.91382978723404,3620
Male,38,No,Yes,0,1,10,No Offer,Yes,11.3,No,Yes,Fiber Optic,4,No,No,No,No,Yes,No,No,Yes,Month-to-Month,Yes,Bank Withdrawal,79.95,857.2,0.0,0,113.0,1,2,85.72,5640
Female,63,No,No,1,0,40,No Offer,Yes,20.13,No,Yes,DSL,10,Yes,No,No,Yes,Yes,No,No,Yes,Month-to-Month,Yes,Credit Card,64.1,2460.35,0.0,0,805.2,3,4,61.50875,5056
Male,77,Yes,Yes,0,5,27,No Offer,Yes,33.57,Yes,Yes,DSL,21,No,Yes,Yes,Yes,Yes,Yes,No,Yes,One Year,Yes,Bank Withdrawal,84.8,2309.55,0.0,0,906.39,3,6,85.53888888888889,5352
Female,35,No,No,0,0,16,Offer D,Yes,20.65,No,No,No Internet,0,No,No,No,No,No,No,No,No,One Year,No,Credit Card,20.1,296.15,0.0,0,330.4,3,0,18.509375,5052
Female,64,No,No,0,0,43,Offer B,No,0.0,No,Yes,DSL,12,No,No,Yes,No,Yes,Yes,Yes,Yes,Month-to-Month,Yes,Bank Withdrawal,49.05,2076.2,20.29,0,0.0,1,5,48.283720930232555,4044
Male,26,No,Yes,0,4,68,Offer A,Yes,14.79,Yes,Yes,Fiber Optic,47,No,Yes,Yes,Yes,Yes,Yes,Yes,Yes,Two Year,Yes,Bank Withdrawal,110.0,7611.85,0.0,0,1005.72,2,7,111.93897058823529,5034
Male,77,Yes,Yes,0,1,29,Offer C,Yes,37.65,Yes,Yes,DSL,9,No,No,No,No,No,No,No,Yes,One Year,Yes,Bank Withdrawal,51.6,1442.0,0.0,0,1091.85,5,1,49.724137931034484,5495
Female,22,No,Yes,3,6,54,No Offer,Yes,8.53,Yes,Yes,Cable,73,Yes,No,No,Yes,No,No,No,Yes,Two Year,No,Bank Withdrawal,60.0,3273.95,0.0,0,460.62,3,3,60.6287037037037,4798
Female,79,Yes,No,0,0,5,No Offer,Yes,43.99,No,Yes,DSL,27,Yes,Yes,No,Yes,No,No,No,No,Two Year,No,Credit Card,59.9,287.85,0.0,20,219.95,4,3,57.57000000000001,3662
Female,29,No,Yes,0,3,53,No Offer,Yes,41.82,Yes,Yes,Fiber Optic,69,No,Yes,Yes,Yes,Yes,Yes,Yes,Yes,One Year,Yes,Bank Withdrawal,111.8,5809.75,0.0,0,2216.46,3,7,109.61792452830188,5713
Male,43,No,No,0,0,21,No Offer,Yes,16.81,No,No,No Internet,0,No,No,No,No,No,No,No,No,Two Year,No,Mailed Check,19.6,390.4,0.0,0,353.01,4,0,18.59047619047619,4562
Male,49,No,No,0,0,54,Offer B,Yes,17.76,Yes,Yes,Fiber Optic,4,Yes,Yes,No,Yes,Yes,Yes,Yes,Yes,Two Year,Yes,Credit Card,108.0,5760.65,0.0,0,959.04,3,7,106.6787037037037,6370
Male,46,No,Yes,0,5,40,Offer B,Yes,12.97,No,Yes,Fiber Optic,24,No,Yes,Yes,No,No,No,No,Yes,One Year,No,Bank Withdrawal,80.8,3132.75,0.0,0,518.8,3,3,78.31875,3387
Female,60,No,Yes,2,0,14,Offer D,Yes,23.0,No,Yes,Fiber Optic,17,No,No,No,No,No,No,No,Yes,Month-to-Month,No,Bank Withdrawal,70.2,1046.5,0.0,0,322.0,4,1,74.75,5819
Female,60,No,Yes,1,8,71,No Offer,Yes,11.13,No,No,No Internet,0,No,No,No,No,No,No,No,No,Two Year,No,Bank Withdrawal,20.5,1500.95,0.0,0,790.23,4,0,21.140140845070423,4941
Female,47,No,No,0,0,1,No Offer,Yes,44.09,No,No,No Internet,0,No,No,No,No,No,No,No,No,Month-to-Month,No,Credit Card,20.35,20.35,0.0,0,44.09,3,0,20.35,5774
Female,37,No,No,0,0,25,Offer C,No,0.0,No,Yes,Cable,29,No,No,Yes,Yes,Yes,Yes,Yes,Yes,One Year,No,Bank Withdrawal,54.2,1423.15,0.0,0,0.0,3,6,56.926,4458
Female,64,No,No,0,0,70,No Offer,Yes,29.53,Yes,Yes,Cable,7,Yes,Yes,Yes,Yes,Yes,Yes,Yes,No,Two Year,No,Credit Card,89.75,6367.2,0.0,110,2067.1,4,7,90.96,5150
Female,21,No,Yes,2,1,2,No Offer,Yes,27.27,No,Yes,DSL,51,No,No,No,No,Yes,Yes,Yes,Yes,Month-to-Month,No,Credit Card,65.7,134.35,0.0,0,54.54,1,4,67.175,4265
Female,46,No,Yes,0,8,68,Offer A,Yes,23.14,Yes,Yes,Fiber Optic,21,Yes,Yes,Yes,Yes,Yes,Yes,Yes,Yes,Two Year,No,Bank Withdrawal,114.9,7843.55,0.0,0,1573.52,3,8,115.34632352941176,5782
Female,27,No,No,0,0,9,No Offer,Yes,38.76,Yes,Yes,Fiber Optic,82,No,No,Yes,No,Yes,Yes,Yes,Yes,Month-to-Month,No,Credit Card,98.3,923.5,0.0,0,348.84,2,5,102.61111111111111,2954
Male,48,No,Yes,2,9,52,No Offer,No,0.0,No,Yes,DSL,19,Yes,No,Yes,No,No,Yes,Yes,Yes,One Year,No,Bank Withdrawal,44.25,2276.1,23.5,0,0.0,3,5,43.771153846153844,6340
Male,55,No,Yes,0,5,50,Offer B,Yes,1.87,No,No,No Internet,0,No,No,No,No,No,No,No,No,Two Year,No,Bank Withdrawal,19.8,1013.2,0.0,0,93.5,4,0,20.264,5914
Female,25,No,No,1,0,49,No Offer,Yes,45.64,No,No,No Internet,0,No,No,No,No,No,No,No,No,One Year,No,Credit Card,19.45,921.3,0.0,0,2236.36,5,0,18.802040816326528,4170
Female,43,No,Yes,1,3,19,No Offer,Yes,7.42,No,Yes,DSL,17,No,No,Yes,No,No,No,No,Yes,Month-to-Month,Yes,Bank Withdrawal,49.6,962.9,0.0,0,140.98,3,2,50.67894736842105,5735
Male,37,No,Yes,1,0,55,No Offer,Yes,49.06,Yes,Yes,Fiber Optic,27,Yes,Yes,No,No,Yes,No,No,Yes,Month-to-Month,Yes,Bank Withdrawal,96.75,5238.9,0.0,0,2698.3,1,4,95.25272727272727,5154
Male,39,No,No,0,0,22,No Offer,Yes,11.15,Yes,Yes,Fiber Optic,17,No,No,No,No,Yes,Yes,Yes,Yes,Month-to-Month,Yes,Bank Withdrawal,95.1,2162.6,0.0,0,245.3,4,4,98.3,3729
Female,33,No,Yes,1,7,14,No Offer,Yes,40.22,No,Yes,Fiber Optic,19,No,No,No,No,No,Yes,Yes,Yes,Month-to-Month,Yes,Bank Withdrawal,80.9,1152.8,0.0,0,563.08,5,3,82.34285714285714,2563
Female,30,No,No,0,0,26,Offer C,Yes,35.75,No,Yes,Cable,71,No,Yes,Yes,No,No,No,No,Yes,One Year,Yes,Credit Card,56.05,1553.2,0.0,0,929.5,4,3,59.73846153846154,3079
Male,52,No,Yes,3,8,14,Offer D,Yes,2.96,Yes,Yes,DSL,76,Yes,Yes,No,No,No,Yes,Yes,Yes,Month-to-Month,No,Credit Card,69.2,944.65,0.0,0,41.44,3,5,67.475,2871
Female,76,Yes,Yes,0,4,43,No Offer,Yes,3.66,Yes,Yes,Fiber Optic,22,Yes,Yes,No,No,Yes,No,No,Yes,Month-to-Month,Yes,Bank Withdrawal,94.5,4156.8,0.0,0,157.38,3,4,96.66976744186047,4745
Female,73,Yes,No,0,0,1,Offer E,Yes,22.5,No,Yes,Fiber Optic,27,No,No,No,No,No,No,No,No,Month-to-Month,Yes,Bank Withdrawal,69.95,69.95,0.0,10,22.5,2,0,69.95,3208
Male,29,No,Yes,0,5,64,No Offer,Yes,40.18,Yes,Yes,Fiber Optic,30,No,Yes,No,Yes,Yes,Yes,Yes,Yes,Two Year,Yes,Bank Withdrawal,105.25,6823.4,23.67,0,2571.52,4,6,106.615625,5682
Male,26,No,No,0,0,4,Offer E,Yes,6.88,No,No,No Internet,0,No,No,No,No,No,No,No,No,Month-to-Month,Yes,Bank Withdrawal,19.85,63.0,0.0,0,27.52,5,0,15.75,5918
Female,66,Yes,No,0,0,72,No Offer,Yes,31.31,Yes,Yes,Fiber Optic,18,Yes,Yes,Yes,Yes,No,Yes,Yes,Yes,Two Year,Yes,Bank Withdrawal,107.4,7748.75,0.0,0,2254.32,4,7,107.62152777777777,5294
Female,44,No,No,0,0,43,Offer B,Yes,6.71,No,No,No Internet,0,No,No,No,No,No,No,No,No,Two Year,Yes,Bank Withdrawal,19.65,779.25,0.0,0,288.53,3,0,18.122093023255815,3678
Male,27,No,Yes,0,1,53,Offer B,Yes,31.24,Yes,Yes,Fiber Optic,73,Yes,No,Yes,No,No,Yes,Yes,Yes,Month-to-Month,No,Bank Withdrawal,93.9,5029.2,0.0,0,1655.72,1,5,94.89056603773585,5543
Female,60,No,Yes,0,8,42,No Offer,Yes,20.58,Yes,Yes,Fiber Optic,13,No,No,Yes,Yes,No,No,No,Yes,Month-to-Month,Yes,Credit Card,85.9,3729.75,0.0,0,864.36,3,3,88.80357142857143,2219
Male,39,No,No,0,0,21,No Offer,No,0.0,No,Yes,DSL,9,No,Yes,No,Yes,No,No,No,Yes,Month-to-Month,Yes,Credit Card,36.0,780.15,0.0,0,0.0,4,3,37.15,3378
Female,28,No,No,0,0,29,No Offer,Yes,39.35,Yes,Yes,DSL,69,No,Yes,No,No,No,No,No,Yes,One Year,Yes,Bank Withdrawal,55.25,1620.2,0.0,0,1141.15,4,2,55.86896551724138,5481
Male,39,No,No,0,0,13,Offer D,Yes,22.31,No,No,No Internet,0,No,No,No,No,No,No,No,No,One Year,No,Mailed Check,19.45,270.2,0.0,0,290.03,5,0,20.784615384615385,3799
Male,61,No,No,0,0,2,No Offer,Yes,26.05,No,Yes,Fiber Optic,2,No,No,Yes,No,Yes,Yes,Yes,Yes,Month-to-Month,No,Bank Withdrawal,94.95,178.1,0.0,0,52.1,1,5,89.05,4493
Female,53,No,Yes,0,0,72,Offer A,No,0.0,No,Yes,DSL,6,Yes,Yes,Yes,Yes,Yes,Yes,Yes,Yes,Two Year,No,Bank Withdrawal,64.45,4528.0,0.0,0,0.0,4,8,62.888888888888886,5265
Female,54,No,Yes,1,4,67,No Offer,Yes,17.43,Yes,No,No Internet,0,No,No,No,No,No,No,No,No,Two Year,Yes,Credit Card,24.9,1680.25,0.0,0,1167.81,5,0,25.078358208955223,5847
Male,27,No,No,1,0,12,Offer D,Yes,14.96,Yes,Yes,Fiber Optic,59,No,No,No,No,No,No,Yes,Yes,Month-to-Month,Yes,Credit Card,73.75,871.4,0.0,0,179.52,3,2,72.61666666666666,2010
Female,36,No,Yes,0,2,4,No Offer,Yes,6.77,No,Yes,Cable,3,Yes,Yes,No,No,No,No,No,Yes,Month-to-Month,No,Credit Card,54.7,235.05,0.0,0,27.08,4,3,58.7625,3475
Male,24,No,Yes,0,4,7,Offer E,Yes,36.14,No,Yes,DSL,85,Yes,No,No,No,No,No,Yes,Yes,One Year,Yes,Bank Withdrawal,49.75,331.3,0.0,0,252.98,1,3,47.32857142857143,5651
Female,22,No,No,0,0,11,Offer D,No,0.0,No,Yes,DSL,52,No,No,No,No,Yes,No,No,Yes,Month-to-Month,Yes,Credit Card,35.8,363.15,0.0,0,0.0,5,2,33.01363636363636,2534
Female,45,No,Yes,0,2,41,Offer B,Yes,9.85,No,Yes,Fiber Optic,14,Yes,Yes,Yes,No,Yes,Yes,Yes,Yes,One Year,Yes,Bank Withdrawal,104.45,4162.05,0.0,0,403.85,3,7,101.51341463414634,2719
Male,47,No,No,0,0,43,Offer B,Yes,49.13,Yes,Yes,Fiber Optic,25,No,Yes,No,No,No,No,No,Yes,Month-to-Month,Yes,Bank Withdrawal,77.85,3365.85,0.0,0,2112.59,1,2,78.27558139534884,5107
Male,30,No,Yes,3,10,47,Offer B,Yes,11.74,Yes,Yes,DSL,48,Yes,Yes,Yes,Yes,Yes,Yes,Yes,Yes,Two Year,Yes,Mailed Check,90.5,4318.35,0.0,0,551.78,3,8,91.87978723404257,3413
Male,34,No,No,0,0,26,No Offer,Yes,24.16,Yes,Yes,Fiber Optic,22,No,No,No,Yes,No,No,No,Yes,Month-to-Month,Yes,Bank Withdrawal,80.5,2088.8,0.0,0,628.16,3,2,80.33846153846154,2729
Male,64,No,No,3,0,66,Offer A,Yes,23.81,Yes,No,No Internet,0,No,No,No,No,No,No,No,No,Two Year,Yes,Credit Card,25.3,1673.8,0.0,0,1571.46,4,0,25.36060606060606,6019
Male,34,No,No,0,0,1,Offer E,Yes,23.7,No,Yes,Fiber Optic,25,No,No,No,Yes,No,No,No,Yes,Month-to-Month,No,Bank Withdrawal,74.0,74.0,0.0,0,23.7,4,2,74.0,4148
Female,36,No,No,0,0,27,No Offer,Yes,20.18,No,No,No Internet,0,No,No,No,No,No,No,No,No,One Year,No,Credit Card,19.15,501.35,0.0,0,544.86,5,0,18.56851851851852,5606
Female,40,No,Yes,2,1,54,No Offer,Yes,28.87,Yes,No,No Internet,0,No,No,No,No,No,No,No,No,One Year,Yes,Bank Withdrawal,24.75,1342.15,0.0,0,1558.98,3,0,24.85462962962963,6466
Female,24,No,No,0,0,69,Offer A,Yes,36.5,Yes,No,No Internet,0,No,No,No,No,No,No,No,No,Two Year,No,Credit Card,24.6,1678.05,28.42,0,2518.5,5,0,24.319565217391304,5294
Male,76,Yes,Yes,0,2,63,Offer B,No,0.0,No,Yes,DSL,7,Yes,No,No,Yes,No,No,No,Yes,One Year,No,Bank Withdrawal,36.1,2298.9,0.0,0,0.0,3,3,36.490476190476194,5089
Male,79,Yes,Yes,0,3,9,No Offer,Yes,22.79,No,No,No Internet,0,No,No,No,No,No,No,No,No,One Year,No,Credit Card,19.85,183.15,0.0,0,205.11,3,0,20.35,5601
Female,43,No,No,0,0,1,No Offer,Yes,23.97,No,No,No Internet,0,No,No,No,No,No,No,No,No,Month-to-Month,Yes,Credit Card,19.4,19.4,0.0,0,23.97,4,0,19.4,2742
Male,25,No,Yes,0,4,24,Offer C,No,0.0,No,Yes,DSL,51,No,No,Yes,No,No,No,No,Yes,Month-to-Month,No,Bank Withdrawal,29.1,688.0,0.0,0,0.0,3,2,28.666666666666668,4636
Male,51,No,No,0,0,5,No Offer,Yes,45.69,No,Yes,Cable,4,No,No,Yes,Yes,Yes,Yes,Yes,Yes,Month-to-Month,No,Bank Withdrawal,75.15,392.65,0.0,0,228.45,4,6,78.53,5900
Female,57,No,Yes,1,5,3,Offer E,Yes,23.72,No,Yes,Fiber Optic,17,No,No,No,No,Yes,No,No,Yes,Month-to-Month,Yes,Bank Withdrawal,80.7,239.45,0.0,0,71.16,4,2,79.81666666666666,2081
Male,58,No,No,0,0,58,Offer B,Yes,29.25,No,No,No Internet,0,No,No,No,No,No,No,No,No,Two Year,No,Credit Card,20.3,1131.5,0.0,0,1696.5,4,0,19.50862068965517,4335
Female,58,No,No,0,0,1,Offer E,Yes,25.62,No,No,No Internet,0,No,No,No,No,No,No,No,No,Month-to-Month,No,Bank Withdrawal,19.3,19.3,0.0,0,25.62,2,0,19.3,3236
Female,22,No,Yes,0,6,47,Offer B,Yes,29.15,Yes,Yes,DSL,52,Yes,Yes,No,Yes,Yes,Yes,Yes,No,Two Year,Yes,Credit Card,85.3,4107.25,0.0,130,1370.05,3,6,87.38829787234043,5698
Female,39,No,No,0,0,39,No Offer,Yes,24.45,No,Yes,Fiber Optic,27,No,No,Yes,Yes,No,No,No,Yes,Two Year,Yes,Bank Withdrawal,80.45,3201.55,0.0,0,953.55,3,3,82.09102564102565,2224
Male,22,No,No,0,0,36,Offer C,Yes,43.97,Yes,Yes,Fiber Optic,42,No,No,No,No,No,Yes,Yes,Yes,Month-to-Month,Yes,Bank Withdrawal,84.75,3050.15,0.0,0,1582.92,3,3,84.72638888888889,5272
Male,46,No,No,0,0,22,Offer D,Yes,49.43,Yes,Yes,Cable,17,Yes,Yes,No,No,No,No,No,Yes,Month-to-Month,No,Bank Withdrawal,59.0,1254.7,0.0,0,1087.46,3,3,57.03181818181818,2195
Male,47,No,No,2,0,7,No Offer,Yes,49.16,No,No,No Internet,0,No,No,No,No,No,No,No,No,One Year,No,Credit Card,19.45,136.75,0.0,0,344.12,3,0,19.535714285714285,5084
Male,69,Yes,Yes,0,1,2,Offer E,Yes,7.29,No,Yes,Fiber Optic,14,No,No,Yes,No,No,No,No,Yes,Two Year,Yes,Bank Withdrawal,74.2,140.1,0.0,0,14.58,4,2,70.05,3170
Female,56,No,No,0,0,1,No Offer,Yes,16.99,No,Yes,DSL,8,No,Yes,No,No,No,No,No,No,Month-to-Month,No,Bank Withdrawal,49.5,49.5,0.0,30,16.99,4,1,49.5,5262
Male,58,No,No,0,0,28,Offer C,Yes,40.39,No,No,No Internet,0,No,No,No,No,No,No,No,No,One Year,No,Credit Card,18.25,534.7,0.0,0,1130.92,4,0,19.09642857142857,5327
Male,42,No,No,0,0,10,No Offer,No,0.0,No,Yes,DSL,30,No,No,No,No,No,Yes,Yes,Yes,Month-to-Month,Yes,Credit Card,33.9,298.45,0.0,0,0.0,1,3,29.845,2529
Male,25,No,No,0,0,21,No Offer,Yes,3.26,Yes,Yes,Fiber Optic,51,No,No,No,No,No,No,No,Yes,Month-to-Month,No,Credit Card,75.3,1570.7,0.0,0,68.46,3,1,74.79523809523809,2847
Male,80,Yes,No,0,0,65,Offer B,Yes,18.23,No,Yes,Fiber Optic,3,No,Yes,Yes,No,Yes,Yes,Yes,Yes,Two Year,Yes,Bank Withdrawal,99.1,6496.15,0.0,0,1184.95,4,6,99.94076923076922,4574
Male,45,No,Yes,0,3,70,Offer A,Yes,1.07,No,Yes,Fiber Optic,21,Yes,Yes,No,Yes,No,No,No,Yes,Two Year,No,Bank Withdrawal,84.6,5706.2,0.0,0,74.9,3,4,81.51714285714286,5679
Female,48,No,No,0,0,1,No Offer,Yes,43.52,No,No,No Internet,0,No,No,No,No,No,No,No,No,Month-to-Month,Yes,Bank Withdrawal,20.2,20.2,0.0,0,43.52,2,0,20.2,3061
Male,54,No,Yes,0,4,13,Offer D,Yes,45.6,No,Yes,Fiber Optic,11,No,No,Yes,No,Yes,Yes,Yes,Yes,Month-to-Month,Yes,Mailed Check,96.65,1162.85,0.0,0,592.8,1,5,89.44999999999999,5295
Female,32,No,No,0,0,68,No Offer,Yes,48.41,No,No,No Internet,0,No,No,No,No,No,No,No,No,Two Year,No,Credit Card,20.5,1424.9,0.0,0,3291.88,4,0,20.954411764705885,4201
Male,49,No,No,0,0,17,Offer D,Yes,34.98,No,Yes,Fiber Optic,21,No,Yes,Yes,No,No,Yes,Yes,Yes,Month-to-Month,Yes,Credit Card,90.95,1612.2,0.0,0,594.66,5,5,94.83529411764707,5687
Male,80,Yes,Yes,0,7,10,No Offer,Yes,25.13,No,Yes,Fiber Optic,30,Yes,No,No,No,No,No,No,Yes,Two Year,No,Bank Withdrawal,75.3,720.45,0.0,0,251.3,4,2,72.045,4254
Female,64,No,No,0,0,4,Offer E,Yes,36.76,Yes,Yes,Fiber Optic,20,No,Yes,No,No,Yes,No,No,Yes,Month-to-Month,No,Credit Card,89.6,365.65,0.0,0,147.04,1,3,91.4125,4689
Male,64,No,No,0,0,1,Offer E,Yes,8.56,Yes,Yes,Fiber Optic,24,No,Yes,No,No,No,Yes,Yes,Yes,Month-to-Month,Yes,Credit Card,90.85,90.85,0.0,0,8.56,3,4,90.85,3424
Female,73,Yes,Yes,0,1,47,No Offer,Yes,38.31,Yes,Yes,Fiber Optic,7,Yes,No,No,No,No,No,No,No,Month-to-Month,No,Bank Withdrawal,80.35,3825.85,0.0,90,1800.57,1,1,81.40106382978723,5915
Male,38,No,Yes,0,8,72,No Offer,Yes,16.5,Yes,Yes,Fiber Optic,22,No,Yes,Yes,No,Yes,Yes,Yes,No,Two Year,Yes,Bank Withdrawal,103.75,7346.2,0.0,130,1188.0,4,5,102.03055555555555,4655
Female,42,No,No,0,0,45,Offer B,Yes,13.82,Yes,Yes,Fiber Optic,8,No,No,Yes,No,No,Yes,Yes,Yes,Month-to-Month,Yes,Credit Card,89.3,4192.15,0.0,0,621.9,3,4,93.15888888888888,5470
Male,79,Yes,No,0,0,5,No Offer,Yes,4.59,No,Yes,Fiber Optic,11,No,No,No,No,Yes,Yes,No,Yes,Month-to-Month,Yes,Bank Withdrawal,91.4,449.75,0.0,0,22.95,1,3,89.95,2834
Female,76,Yes,Yes,0,6,28,Offer C,Yes,45.67,Yes,Yes,Fiber Optic,8,No,Yes,Yes,Yes,Yes,Yes,No,Yes,One Year,Yes,Bank Withdrawal,110.85,3204.4,0.0,0,1278.76,4,6,114.44285714285715,3906
Female,32,No,No,0,0,35,No Offer,Yes,19.07,Yes,Yes,Fiber Optic,17,No,No,No,No,Yes,No,No,Yes,Month-to-Month,Yes,Bank Withdrawal,86.45,3029.1,0.0,0,667.45,1,2,86.54571428571428,5874
Female,34,No,No,0,0,2,Offer E,No,0.0,No,Yes,DSL,5,No,No,No,No,No,No,No,Yes,Month-to-Month,No,Bank Withdrawal,24.5,46.4,0.0,0,0.0,4,1,23.2,5786
Male,20,No,No,0,0,11,No Offer,Yes,5.4,No,Yes,Fiber Optic,41,No,Yes,No,No,No,No,No,Yes,Month-to-Month,Yes,Bank Withdrawal,74.55,824.75,0.0,0,59.4,2,2,74.97727272727273,4601
Female,64,No,Yes,0,1,61,No Offer,Yes,10.94,No,No,No Internet,0,No,No,No,No,No,No,No,No,Two Year,No,Credit Card,20.25,1278.8,5.15,0,667.34,3,0,20.963934426229507,5974
Female,70,Yes,No,0,0,2,Offer E,Yes,21.9,Yes,Yes,Fiber Optic,22,No,No,No,No,No,Yes,No,Yes,Two Year,Yes,Bank Withdrawal,84.05,186.05,0.0,0,43.8,3,2,93.025,5039
Male,60,No,No,0,0,12,No Offer,Yes,16.45,Yes,Yes,Cable,23,No,Yes,Yes,Yes,Yes,Yes,Yes,Yes,Month-to-Month,Yes,Mailed Check,112.95,1384.75,0.0,0,197.4,2,7,115.39583333333333,3965
Female,54,No,Yes,2,1,52,Offer B,Yes,31.96,No,Yes,Fiber Optic,26,Yes,No,Yes,Yes,No,No,No,Yes,Month-to-Month,Yes,Bank Withdrawal,84.05,4326.8,0.0,0,1661.92,3,4,83.20769230769231,6099
Female,62,No,No,0,0,5,Offer E,Yes,32.12,No,Yes,Fiber Optic,10,No,Yes,No,No,Yes,Yes,Yes,Yes,Month-to-Month,Yes,Bank Withdrawal,96.25,512.45,0.0,0,160.6,2,5,102.49000000000001,5056
Male,72,Yes,No,0,0,1,Offer E,Yes,2.97,No,Yes,Fiber Optic,5,No,No,No,No,No,No,No,Yes,Two Year,Yes,Bank Withdrawal,70.05,70.05,0.0,0,2.97,3,1,70.05,2469
Female,37,No,No,0,0,26,Offer C,Yes,20.64,Yes,Yes,Fiber Optic,22,No,No,Yes,No,No,No,No,Yes,Month-to-Month,Yes,Bank Withdrawal,80.7,2193.0,0.0,0,536.64,3,2,84.34615384615384,4501
Male,45,No,No,0,0,9,No Offer,Yes,19.22,Yes,Yes,Fiber Optic,10,No,No,No,No,Yes,Yes,Yes,Yes,Month-to-Month,Yes,Bank Withdrawal,95.5,829.1,0.0,0,172.98,2,4,92.12222222222222,5007
Female,51,No,No,0,0,8,No Offer,Yes,18.82,Yes,Yes,Fiber Optic,3,No,No,No,No,No,No,No,Yes,Month-to-Month,Yes,Bank Withdrawal,75.25,576.7,0.0,0,150.56,4,1,72.0875,2332
Female,53,No,Yes,3,8,52,Offer B,Yes,8.16,Yes,Yes,Fiber Optic,20,No,Yes,Yes,No,Yes,No,No,Yes,One Year,Yes,Credit Card,95.7,4976.15,0.0,0,424.32,3,4,95.6951923076923,4415
Female,45,No,Yes,2,10,5,Offer E,Yes,35.6,No,Yes,Cable,19,No,No,No,No,No,No,No,Yes,Month-to-Month,No,Credit Card,44.8,220.45,0.0,0,178.0,3,1,44.089999999999996,2492
Male,54,No,No,0,0,69,No Offer,Yes,17.74,No,No,No Internet,0,No,No,No,No,No,No,No,No,Two Year,Yes,Bank Withdrawal,19.3,1447.9,0.0,0,1224.06,5,0,20.984057971014494,5028
Male,65,Yes,Yes,0,8,41,Offer B,Yes,46.46,No,Yes,Fiber Optic,2,No,Yes,No,No,Yes,Yes,Yes,No,Month-to-Month,Yes,Bank Withdrawal,94.55,3851.45,0.0,40,1904.86,3,4,93.93780487804878,4914
Male,35,No,No,0,0,12,Offer D,No,0.0,No,Yes,Cable,6,No,Yes,No,Yes,No,No,No,Yes,Month-to-Month,No,Credit Card,34.0,442.45,0.0,0,0.0,3,3,36.87083333333333,3215
Female,32,No,No,0,0,48,No Offer,Yes,9.19,No,No,No Internet,0,No,No,No,No,No,No,No,No,One Year,No,Mailed Check,19.95,936.7,0.0,0,441.12,3,0,19.514583333333334,3396
Male,61,No,No,0,0,1,No Offer,Yes,44.22,No,No,No Internet,0,No,No,No,No,No,No,No,No,Month-to-Month,No,Credit Card,19.1,19.1,0.0,0,44.22,4,0,19.1,2091
Female,46,No,Yes,0,0,29,No Offer,Yes,5.69,No,No,No Internet,0,No,No,No,No,No,No,No,No,Month-to-Month,No,Mailed Check,19.85,573.05,0.0,0,165.01,4,0,19.760344827586206,2712
Female,37,No,No,0,0,23,No Offer,Yes,24.04,No,Yes,Fiber Optic,22,Yes,No,No,No,No,No,No,Yes,Month-to-Month,Yes,Bank Withdrawal,75.0,1778.5,0.0,0,552.92,4,2,77.32608695652173,2221
Female,25,No,No,0,0,43,Offer B,Yes,24.85,Yes,Yes,Fiber Optic,26,Yes,Yes,Yes,Yes,Yes,Yes,Yes,Yes,Two Year,No,Credit Card,115.05,4895.1,10.76,0,1068.55,4,8,113.83953488372094,4115
Female,79,Yes,No,0,0,28,No Offer,Yes,28.14,Yes,Yes,Fiber Optic,10,No,No,Yes,Yes,Yes,Yes,No,Yes,Month-to-Month,Yes,Bank Withdrawal,103.3,2890.65,0.0,0,787.92,2,5,103.2375,4136
Male,62,No,No,0,0,53,No Offer,Yes,23.17,No,No,No Internet,0,No,No,No,No,No,No,No,No,Two Year,No,Bank Withdrawal,19.65,978.0,0.0,0,1228.01,3,0,18.452830188679247,5878
Male,47,No,Yes,0,1,54,No Offer,Yes,35.46,Yes,Yes,Fiber Optic,23,No,Yes,Yes,No,Yes,Yes,Yes,Yes,Month-to-Month,Yes,Bank Withdrawal,104.3,5278.15,11.45,0,1914.84,1,6,97.74351851851851,4019
Male,32,No,Yes,1,4,26,Offer C,Yes,4.62,No,Yes,DSL,19,No,No,Yes,No,No,No,No,Yes,One Year,No,Credit Card,50.35,1285.8,0.0,0,120.12,5,2,49.45384615384615,3386
Male,48,No,Yes,0,1,1,Offer E,Yes,35.71,No,Yes,Cable,3,No,No,No,No,No,Yes,Yes,Yes,Month-to-Month,No,Bank Withdrawal,80.0,80.0,0.0,0,35.71,1,3,80.0,2046
Female,53,No,Yes,2,7,67,No Offer,Yes,3.3,Yes,Yes,Fiber Optic,19,Yes,No,Yes,Yes,Yes,Yes,Yes,Yes,One Year,Yes,Bank Withdrawal,109.4,7281.6,38.34,0,221.1,3,7,108.68059701492538,4103
Female,23,No,Yes,3,2,46,Offer B,Yes,6.26,No,Yes,Fiber Optic,48,No,No,Yes,Yes,No,Yes,Yes,No,One Year,No,Bank Withdrawal,90.95,4236.6,0.0,50,287.96,5,4,92.10000000000001,5187
Male,70,Yes,No,0,0,35,Offer C,Yes,35.1,Yes,Yes,Fiber Optic,29,No,No,No,No,Yes,Yes,No,No,Month-to-Month,Yes,Bank Withdrawal,95.45,3474.05,0.0,80,1228.5,2,2,99.25857142857143,2080
Female,54,No,No,0,0,40,Offer B,Yes,2.83,Yes,Yes,Fiber Optic,22,No,Yes,Yes,No,Yes,No,No,Yes,Month-to-Month,Yes,Bank Withdrawal,93.4,3756.4,4.18,0,113.2,3,4,93.91,3819
Male,37,No,Yes,0,1,42,Offer B,Yes,18.26,Yes,Yes,Fiber Optic,29,No,Yes,Yes,No,Yes,No,No,Yes,Month-to-Month,Yes,Bank Withdrawal,95.25,3959.35,27.3,0,766.92,1,4,94.2702380952381,2075
Female,62,No,No,0,0,53,No Offer,Yes,18.81,No,No,No Internet,0,No,No,No,No,No,No,No,No,Two Year,No,Credit Card,19.85,1049.6,0.0,0,996.93,3,0,19.80377358490566,6338
Female,38,No,Yes,1,6,48,No Offer,No,0.0,No,Yes,DSL,16,No,No,No,Yes,No,No,No,Yes,Month-to-Month,Yes,Credit Card,29.5,1423.05,0.0,0,0.0,4,2,29.646874999999998,3194
Male,52,No,No,0,0,28,No Offer,Yes,35.52,Yes,Yes,Fiber Optic,26,Yes,Yes,No,No,No,Yes,Yes,Yes,Month-to-Month,Yes,Credit Card,94.5,2659.4,0.0,0,994.56,1,5,94.97857142857143,5433
Male,37,No,Yes,1,0,10,Offer D,Yes,37.59,No,No,No Internet,0,No,No,No,No,No,No,No,No,One Year,No,Credit Card,20.45,242.4,0.0,0,375.9,4,0,24.240000000000002,4613
Female,26,No,Yes,3,1,2,Offer E,Yes,11.51,Yes,Yes,Fiber Optic,53,No,No,Yes,Yes,Yes,Yes,Yes,Yes,Month-to-Month,Yes,Bank Withdrawal,104.4,242.8,45.44,0,23.02,3,6,121.4,4690
Female,66,Yes,No,0,0,50,Offer B,Yes,10.6,Yes,Yes,Fiber Optic,14,No,Yes,No,Yes,Yes,Yes,No,Yes,One Year,Yes,Bank Withdrawal,106.8,5347.95,0.0,0,530.0,3,5,106.959,5746
Female,68,Yes,Yes,0,3,54,No Offer,Yes,23.94,No,No,No Internet,0,No,No,No,No,No,No,No,No,Two Year,Yes,Mailed Check,18.95,1031.1,0.0,0,1292.76,4,0,19.09444444444444,5548
Female,33,No,Yes,0,0,19,Offer D,Yes,34.51,No,Yes,Cable,22,No,No,No,No,No,No,No,Yes,Month-to-Month,No,Credit Card,44.9,839.65,0.0,0,655.69,5,1,44.19210526315789,5842
Male,43,No,Yes,3,10,45,No Offer,Yes,47.31,Yes,No,No Internet,0,No,No,No,No,No,No,No,No,Two Year,No,Mailed Check,24.45,1088.25,0.0,0,2128.95,5,0,24.183333333333334,3586
Female,36,No,Yes,2,1,68,No Offer,Yes,25.16,Yes,Yes,Cable,26,No,Yes,Yes,Yes,Yes,Yes,Yes,Yes,Two Year,No,Bank Withdrawal,85.3,5560.0,0.0,0,1710.88,4,7,81.76470588235294,4732
Male,19,No,Yes,1,3,72,Offer A,Yes,5.7,No,No,No Internet,0,No,No,No,No,No,No,No,No,Two Year,No,Bank Withdrawal,21.0,1493.75,0.0,0,410.4,5,0,20.74652777777778,4974
Female,78,Yes,No,0,0,5,No Offer,Yes,42.33,No,Yes,Fiber Optic,9,No,No,Yes,No,No,No,No,Yes,Month-to-Month,Yes,Credit Card,75.55,349.65,0.0,0,211.65,1,2,69.92999999999999,4028
Female,61,No,No,0,0,6,Offer E,Yes,7.35,No,No,No Internet,0,No,No,No,No,No,No,No,No,Two Year,No,Credit Card,19.55,124.45,0.0,0,44.1,5,0,20.741666666666667,5980
Female,64,No,No,0,0,37,Offer C,No,0.0,No,Yes,Cable,6,No,No,Yes,No,No,Yes,Yes,Yes,Month-to-Month,Yes,Credit Card,40.2,1478.85,0.0,0,0.0,5,4,39.96891891891892,5924
Female,37,No,Yes,0,0,42,Offer B,Yes,5.95,No,No,No Internet,0,No,No,No,No,No,No,No,No,Month-to-Month,No,Credit Card,20.35,869.9,0.0,0,249.9,3,0,20.711904761904762,2127
Female,28,No,Yes,0,1,12,No Offer,Yes,40.63,Yes,Yes,Fiber Optic,59,No,Yes,Yes,No,No,No,Yes,Yes,Month-to-Month,Yes,Bank Withdrawal,84.5,916.9,0.0,0,487.56,1,4,76.40833333333333,4154
Female,36,No,Yes,0,1,15,No Offer,Yes,28.3,No,Yes,Cable,28,No,No,Yes,No,Yes,No,No,Yes,Month-to-Month,Yes,Bank Withdrawal,84.3,1308.4,0.0,0,424.5,1,3,87.22666666666667,4003
Female,52,No,Yes,2,3,55,Offer B,Yes,27.87,No,Yes,Fiber Optic,17,No,No,No,No,No,No,No,Yes,Two Year,Yes,Credit Card,69.05,3842.6,0.0,0,1532.85,3,1,69.86545454545454,4318
Male,43,No,No,3,0,1,No Offer,Yes,11.91,No,No,No Internet,0,No,No,No,No,No,No,No,No,Month-to-Month,No,Credit Card,19.75,19.75,0.0,0,11.91,3,0,19.75,2611
Female,37,No,Yes,0,1,64,No Offer,Yes,46.44,Yes,Yes,Fiber Optic,29,Yes,Yes,Yes,Yes,Yes,Yes,Yes,Yes,One Year,Yes,Bank Withdrawal,115.0,7396.15,0.0,0,2972.16,4,8,115.56484375,5189
Female,61,No,Yes,3,2,58,No Offer,Yes,43.01,Yes,Yes,Fiber Optic,30,No,Yes,Yes,No,Yes,Yes,Yes,Yes,One Year,Yes,Credit Card,105.2,6225.4,34.83,0,2494.58,4,6,107.33448275862068,4605
Male,25,No,Yes,1,0,71,No Offer,Yes,25.45,Yes,Yes,Fiber Optic,59,Yes,Yes,Yes,Yes,Yes,Yes,Yes,Yes,Two Year,Yes,Bank Withdrawal,114.0,8175.9,0.0,0,1806.95,4,8,115.15352112676055,5600
Female,63,No,No,0,0,1,Offer E,Yes,48.31,No,Yes,Cable,22,No,No,No,No,No,No,No,Yes,Month-to-Month,Yes,Mailed Check,44.45,44.45,0.0,0,48.31,3,1,44.45,4879
Male,63,No,No,2,0,11,Offer D,Yes,47.12,Yes,Yes,Fiber Optic,23,No,No,Yes,No,No,No,No,Yes,Month-to-Month,Yes,Mailed Check,78.0,851.8,0.0,0,518.32,5,2,77.43636363636364,4886
Female,20,No,Yes,0,7,59,Offer B,Yes,41.15,Yes,Yes,Fiber Optic,48,Yes,Yes,Yes,Yes,No,Yes,Yes,No,One Year,Yes,Credit Card,107.0,6152.3,0.0,0,2427.85,4,6,104.27627118644068,4620
Female,77,Yes,No,0,0,23,Offer D,Yes,31.17,No,Yes,Fiber Optic,23,No,Yes,No,No,Yes,Yes,No,Yes,Month-to-Month,Yes,Bank Withdrawal,94.75,2293.6,0.0,0,716.91,2,4,99.72173913043478,2740
Male,30,No,Yes,0,1,55,No Offer,No,0.0,No,Yes,DSL,42,No,No,Yes,Yes,Yes,Yes,Yes,No,Month-to-Month,Yes,Bank Withdrawal,54.55,2978.3,0.0,50,0.0,1,5,54.150909090909096,6041
Male,35,No,Yes,3,1,13,Offer D,Yes,40.2,No,No,No Internet,0,No,No,No,No,No,No,No,No,Month-to-Month,Yes,Credit Card,19.85,252.0,0.0,0,522.6,4,0,19.384615384615383,2928
Male,21,No,No,0,0,35,No Offer,Yes,39.84,Yes,No,No Internet,0,No,No,No,No,No,No,No,No,Month-to-Month,Yes,Bank Withdrawal,25.6,901.25,0.0,0,1394.4,4,0,25.75,2980
Male,41,No,No,0,0,31,No Offer,Yes,10.05,No,Yes,Fiber Optic,14,No,No,Yes,Yes,Yes,Yes,Yes,Yes,Two Year,No,Bank Withdrawal,99.45,3109.9,43.38,0,311.55,5,6,100.31935483870969,2021
Female,79,Yes,No,0,0,1,No Offer,No,0.0,No,Yes,Cable,26,No,No,No,No,Yes,No,No,Yes,Month-to-Month,Yes,Bank Withdrawal,36.45,36.45,0.0,0,0.0,3,2,36.45,5303
Female,46,No,Yes,1,1,67,Offer A,Yes,14.83,Yes,Yes,DSL,24,No,No,Yes,Yes,No,Yes,Yes,Yes,Two Year,Yes,Bank Withdrawal,69.9,4615.9,0.0,0,993.61,3,5,68.89402985074626,6079
Female,45,No,Yes,0,1,2,Offer E,Yes,7.7,No,Yes,Fiber Optic,22,No,No,No,No,No,No,No,No,Month-to-Month,Yes,Bank Withdrawal,70.35,120.25,0.0,20,15.4,3,0,60.125,4917
Male,57,No,No,0,0,12,Offer D,Yes,49.0,No,Yes,Fiber Optic,23,No,No,Yes,No,Yes,Yes,Yes,Yes,One Year,No,Bank Withdrawal,95.7,1184.0,0.0,0,588.0,5,5,98.66666666666667,5527
Female,60,No,No,0,0,26,Offer C,Yes,40.14,No,Yes,Fiber Optic,4,Yes,No,Yes,Yes,No,Yes,Yes,Yes,One Year,Yes,Bank Withdrawal,95.85,2475.35,0.0,0,1043.64,3,6,95.20576923076922,3834
Male,27,No,Yes,0,1,14,No Offer,Yes,21.3,Yes,Yes,Fiber Optic,42,No,No,No,No,No,Yes,Yes,Yes,Month-to-Month,Yes,Bank Withdrawal,85.15,1139.2,38.48,0,298.2,2,3,81.37142857142858,4550
Female,55,No,No,0,0,71,Offer A,Yes,49.52,Yes,Yes,Fiber Optic,19,Yes,Yes,Yes,Yes,Yes,Yes,Yes,Yes,Two Year,No,Credit Card,111.3,7985.9,0.0,0,3515.92,3,8,112.47746478873239,5957
Female,21,No,No,0,0,7,No Offer,Yes,39.21,No,Yes,Fiber Optic,42,No,No,No,No,Yes,No,Yes,No,Month-to-Month,Yes,Mailed Check,80.3,526.7,0.0,10,274.47,2,2,75.24285714285715,3949
Female,42,No,No,0,0,25,Offer C,Yes,6.0,No,No,No Internet,0,No,No,No,No,No,No,No,No,Month-to-Month,Yes,Credit Card,19.2,532.1,0.0,0,150.0,4,0,21.284000000000002,2159
Male,21,No,Yes,1,9,40,Offer B,Yes,22.96,No,No,No Internet,0,No,No,No,No,No,No,No,No,Two Year,No,Credit Card,19.6,808.95,0.0,0,918.4,5,0,20.223750000000003,2630
Male,43,No,Yes,0,1,59,Offer B,Yes,22.71,Yes,Yes,Fiber Optic,26,Yes,Yes,Yes,No,Yes,Yes,Yes,Yes,One Year,Yes,Bank Withdrawal,110.15,6448.05,0.0,0,1339.89,1,7,109.28898305084746,4601
Male,78,Yes,Yes,0,7,33,No Offer,Yes,25.15,Yes,Yes,Fiber Optic,20,Yes,No,Yes,Yes,Yes,Yes,No,Yes,One Year,Yes,Bank Withdrawal,109.9,3694.7,0.0,0,829.95,3,6,111.96060606060605,5655
Male,57,No,No,0,0,72,No Offer,Yes,45.75,No,No,No Internet,0,No,No,No,No,No,No,No,No,Two Year,No,Bank Withdrawal,19.3,1414.8,0.0,0,3294.0,4,0,19.65,4722
Male,37,No,No,0,0,69,No Offer,No,0.0,No,Yes,DSL,19,No,Yes,Yes,No,No,No,No,No,One Year,Yes,Bank Withdrawal,35.75,2492.25,0.0,150,0.0,5,2,36.119565217391305,4043
Male,25,No,Yes,2,2,18,No Offer,No,0.0,No,Yes,DSL,59,No,Yes,Yes,No,Yes,No,No,Yes,One Year,No,Credit Card,46.4,812.4,0.0,0,0.0,5,4,45.13333333333333,4003
Male,36,No,No,0,0,1,No Offer,Yes,37.44,No,Yes,DSL,9,No,No,No,No,No,No,No,Yes,Month-to-Month,No,Credit Card,45.6,45.6,0.0,0,37.44,3,1,45.6,2352
Female,40,No,No,0,0,10,No Offer,Yes,45.69,No,Yes,Fiber Optic,18,Yes,No,No,No,Yes,No,No,Yes,Month-to-Month,Yes,Mailed Check,84.7,832.05,12.81,0,456.9,1,3,83.205,5686
Male,44,No,No,0,0,1,Offer E,Yes,40.46,No,No,No Internet,0,No,No,No,No,No,No,No,No,Month-to-Month,No,Credit Card,20.25,20.25,0.0,0,40.46,3,0,20.25,5384
Male,49,No,No,0,0,6,No Offer,Yes,6.32,Yes,Yes,Fiber Optic,11,No,No,No,No,No,No,No,Yes,Month-to-Month,Yes,Bank Withdrawal,74.9,469.8,0.0,0,37.92,1,1,78.3,4160
Female,70,Yes,Yes,0,7,72,Offer A,Yes,18.15,Yes,Yes,Fiber Optic,16,No,Yes,Yes,No,Yes,Yes,Yes,No,One Year,Yes,Credit Card,105.75,7629.85,0.0,80,1306.8,5,5,105.9701388888889,5832
Female,25,No,No,2,0,18,Offer D,Yes,17.51,Yes,Yes,DSL,30,Yes,No,No,No,No,No,No,Yes,Month-to-Month,No,Credit Card,57.65,992.7,0.0,0,315.18,3,2,55.150000000000006,3425
Male,74,Yes,No,0,0,23,No Offer,Yes,17.62,Yes,Yes,Fiber Optic,29,No,Yes,Yes,No,Yes,Yes,No,Yes,Month-to-Month,Yes,Bank Withdrawal,106.4,2483.5,0.0,0,405.26,1,5,107.97826086956522,5507
Female,37,No,No,0,0,15,No Offer,Yes,24.63,No,Yes,Fiber Optic,13,No,Yes,No,No,No,Yes,Yes,Yes,Month-to-Month,Yes,Bank Withdrawal,85.9,1269.55,0.0,0,369.45,3,4,84.63666666666667,3579
Female,58,No,Yes,2,5,62,No Offer,Yes,42.05,No,Yes,DSL,20,Yes,No,Yes,Yes,Yes,No,No,Yes,One Year,Yes,Bank Withdrawal,70.75,4263.45,0.0,0,2607.1,3,5,68.76532258064516,4133
Female,52,No,No,0,0,14,Offer D,Yes,37.01,No,Yes,DSL,29,No,No,No,Yes,Yes,Yes,Yes,Yes,Month-to-Month,Yes,Bank Withdrawal,69.65,921.4,0.0,0,518.14,3,5,65.81428571428572,5351
Male,27,No,No,0,0,35,No Offer,Yes,45.62,Yes,Yes,Fiber Optic,59,No,No,Yes,Yes,Yes,No,No,Yes,Month-to-Month,No,Bank Withdrawal,95.5,3418.2,0.0,0,1596.7,3,4,97.66285714285713,3715
Male,49,No,No,0,0,19,Offer D,Yes,9.55,No,Yes,Fiber Optic,6,No,No,Yes,Yes,Yes,No,No,Yes,Month-to-Month,No,Credit Card,89.95,1682.4,29.64,0,181.45,5,4,88.54736842105264,3402
Male,60,No,Yes,2,8,57,No Offer,Yes,29.64,No,No,No Internet,0,No,No,No,No,No,No,No,No,Two Year,No,Credit Card,20.75,1123.15,0.0,0,1689.48,3,0,19.704385964912284,4937
Male,56,No,No,0,0,66,Offer A,Yes,45.57,Yes,Yes,DSL,11,Yes,Yes,Yes,No,No,Yes,Yes,Yes,Two Year,Yes,Credit Card,74.6,4798.4,0.0,0,3007.62,3,6,72.7030303030303,4838
Male,47,No,No,2,0,1,No Offer,Yes,11.86,No,Yes,Cable,13,Yes,No,No,No,No,No,No,Yes,Month-to-Month,No,Credit Card,50.6,50.6,0.0,0,11.86,1,2,50.6,3677
Male,42,No,No,0,0,3,No Offer,Yes,35.65,No,No,No Internet,0,No,No,No,No,No,No,No,No,One Year,No,Credit Card,19.6,61.35,0.0,0,106.95,5,0,20.45,2543
Male,59,No,No,0,0,18,Offer D,No,0.0,No,Yes,DSL,26,No,Yes,Yes,No,No,No,No,Yes,Month-to-Month,Yes,Credit Card,33.5,600.0,0.0,0,0.0,2,3,33.333333333333336,5474
Female,47,No,No,0,0,4,Offer E,Yes,7.39,Yes,Yes,Fiber Optic,4,No,Yes,No,Yes,No,Yes,Yes,Yes,Month-to-Month,Yes,Bank Withdrawal,93.5,362.2,0.0,0,29.56,2,5,90.55,4554
Male,37,No,Yes,2,1,60,No Offer,Yes,28.45,Yes,No,No Internet,0,No,No,No,No,No,No,No,No,One Year,No,Credit Card,23.95,1506.4,0.0,0,1707.0,5,0,25.10666666666667,5449
Female,68,Yes,No,0,0,54,No Offer,Yes,45.77,Yes,Yes,Fiber Optic,10,No,Yes,No,No,No,No,No,Yes,Month-to-Month,Yes,Bank Withdrawal,79.5,4370.25,0.0,0,2471.58,1,2,80.93055555555556,5684
Male,63,No,Yes,0,1,10,No Offer,Yes,30.1,Yes,Yes,Cable,29,No,No,No,No,Yes,No,No,Yes,Month-to-Month,Yes,Bank Withdrawal,85.6,813.85,0.0,0,301.0,2,2,81.385,5146
Female,38,No,No,0,0,11,No Offer,Yes,47.61,No,Yes,DSL,12,No,No,No,Yes,Yes,Yes,Yes,Yes,Month-to-Month,No,Credit Card,70.5,829.3,0.0,0,523.71,3,5,75.39090909090909,5541
Male,53,No,Yes,3,10,6,Offer E,Yes,1.57,No,No,No Internet,0,No,No,No,No,No,No,No,No,One Year,No,Credit Card,19.45,113.5,0.0,0,9.42,4,0,18.916666666666668,3461
Male,30,No,Yes,0,1,9,No Offer,Yes,31.67,Yes,Yes,Cable,59,No,No,Yes,No,No,No,No,No,Month-to-Month,Yes,Bank Withdrawal,79.35,661.25,0.0,10,285.03,3,1,73.47222222222223,4533
Female,19,No,No,0,0,14,Offer D,Yes,34.01,No,Yes,Cable,69,No,No,No,Yes,No,Yes,Yes,Yes,One Year,No,Credit Card,59.1,772.85,0.0,0,476.14,4,4,55.20357142857143,5718
Male,43,No,Yes,3,5,72,Offer A,Yes,6.95,No,Yes,Fiber Optic,57,Yes,No,Yes,Yes,Yes,Yes,Yes,Yes,Two Year,Yes,Credit Card,104.9,7559.55,0.0,0,500.4,4,7,104.99375,5169
Female,41,No,Yes,0,7,70,Offer A,Yes,11.71,No,No,No Internet,0,No,No,No,No,No,No,No,No,Two Year,No,Bank Withdrawal,19.8,1397.65,0.0,0,819.7,4,0,19.966428571428573,4500
Female,39,No,No,3,0,1,Offer E,Yes,9.0,No,Yes,Cable,53,Yes,No,No,No,No,No,No,Yes,Month-to-Month,No,Credit Card,49.9,49.9,0.0,0,9.0,3,2,49.9,5969
Female,48,No,No,0,0,26,No Offer,Yes,17.53,Yes,Yes,Fiber Optic,15,No,No,No,No,No,No,No,Yes,Month-to-Month,Yes,Bank Withdrawal,74.95,1834.95,0.0,0,455.78,2,1,70.575,2934
Female,27,No,Yes,0,5,54,No Offer,Yes,29.66,Yes,Yes,Cable,76,Yes,Yes,Yes,Yes,Yes,Yes,Yes,Yes,Two Year,No,Credit Card,91.3,4965.0,0.0,0,1601.64,3,8,91.94444444444444,5907
Female,35,No,Yes,3,9,70,Offer A,Yes,39.53,No,Yes,DSL,53,Yes,No,No,Yes,Yes,Yes,Yes,Yes,Two Year,No,Credit Card,75.35,5437.75,0.0,0,2767.1,3,6,77.68214285714286,6477
Female,30,No,Yes,1,4,28,Offer C,Yes,16.13,No,Yes,Fiber Optic,69,Yes,No,No,No,No,Yes,Yes,Yes,One Year,Yes,Bank Withdrawal,82.85,2320.8,0.0,0,451.64,3,4,82.88571428571429,5802
Female,28,No,Yes,2,1,35,No Offer,Yes,25.27,Yes,Yes,DSL,82,Yes,No,Yes,Yes,Yes,No,No,Yes,Month-to-Month,No,Bank Withdrawal,72.25,2568.55,0.0,0,884.45,1,5,73.38714285714286,5898
Female,33,No,No,0,0,53,Offer B,Yes,12.92,Yes,Yes,Fiber Optic,19,No,Yes,Yes,No,Yes,Yes,Yes,Yes,Two Year,No,Bank Withdrawal,105.55,5682.25,0.0,0,684.76,5,6,107.2122641509434,5731
Female,75,Yes,No,0,0,53,No Offer,Yes,16.74,No,Yes,Fiber Optic,15,No,Yes,No,No,No,No,No,Yes,Month-to-Month,Yes,Credit Card,73.8,4003.85,0.0,0,887.22,3,2,75.5443396226415,6469
Female,40,No,No,0,0,3,No Offer,Yes,30.18,No,Yes,Fiber Optic,7,No,Yes,No,Yes,Yes,Yes,Yes,Yes,Month-to-Month,Yes,Bank Withdrawal,97.9,315.3,0.0,0,90.54,3,6,105.10000000000001,4330
Female,50,No,No,0,0,20,No Offer,Yes,24.73,Yes,Yes,Fiber Optic,25,Yes,No,No,No,Yes,No,No,No,Month-to-Month,Yes,Bank Withdrawal,89.1,1879.25,15.43,30,494.6,3,2,93.9625,3027
Female,76,Yes,No,0,0,14,No Offer,Yes,48.01,No,Yes,Fiber Optic,2,Yes,Yes,No,No,No,No,No,No,Month-to-Month,No,Bank Withdrawal,78.85,1043.8,0.0,50,672.14,3,2,74.55714285714285,5327
Male,26,No,Yes,0,4,52,No Offer,Yes,49.82,No,Yes,Fiber Optic,51,Yes,Yes,Yes,Yes,Yes,Yes,Yes,Yes,Two Year,Yes,Bank Withdrawal,106.3,5487.0,0.0,0,2590.64,3,8,105.51923076923077,4969
Male,59,No,No,0,0,6,Offer E,Yes,18.65,No,Yes,Fiber Optic,18,No,No,No,No,No,No,No,Yes,Month-to-Month,Yes,Bank Withdrawal,69.1,435.0,0.0,0,111.9,4,1,72.5,5741
Male,42,No,Yes,1,1,4,No Offer,Yes,37.23,No,Yes,Fiber Optic,23,No,No,No,No,No,No,No,Yes,Month-to-Month,Yes,Credit Card,69.55,284.9,0.0,0,148.92,4,1,71.225,3708
Male,58,No,Yes,3,8,6,Offer E,Yes,31.73,Yes,No,No Internet,0,No,No,No,No,No,No,No,No,Two Year,No,Mailed Check,25.4,153.3,0.0,0,190.38,3,0,25.55,2882
Female,25,No,Yes,0,6,72,Offer A,Yes,24.85,Yes,Yes,Fiber Optic,47,Yes,Yes,Yes,Yes,Yes,Yes,Yes,Yes,Two Year,Yes,Credit Card,113.65,8124.2,0.0,0,1789.2,3,8,112.83611111111111,6469
Female,25,No,No,0,0,24,Offer C,No,0.0,No,Yes,DSL,52,No,Yes,Yes,No,Yes,Yes,Yes,Yes,Month-to-Month,Yes,Credit Card,54.15,1240.25,0.0,0,0.0,1,6,51.677083333333336,5153
Female,76,Yes,Yes,0,1,42,Offer B,Yes,2.9,No,Yes,Fiber Optic,21,Yes,No,No,No,No,No,No,Yes,Month-to-Month,Yes,Credit Card,74.15,3229.4,0.0,0,121.8,1,2,76.89047619047619,2322
Female,58,No,Yes,2,9,66,Offer A,Yes,8.39,No,Yes,DSL,16,Yes,No,No,No,Yes,No,No,Yes,Two Year,Yes,Bank Withdrawal,59.75,3996.8,0.0,0,553.74,3,3,60.55757575757576,5979
Female,30,No,No,0,0,18,No Offer,Yes,17.33,No,Yes,DSL,69,No,No,Yes,No,No,No,No,No,Month-to-Month,Yes,Credit Card,50.0,892.7,0.0,50,311.94,5,1,49.59444444444445,4952
Male,36,No,Yes,3,6,51,No Offer,Yes,9.5,Yes,Yes,Fiber Optic,51,No,Yes,No,Yes,No,No,No,Yes,One Year,No,Bank Withdrawal,84.2,4299.75,39.68,0,484.5,5,3,84.30882352941177,4952
Female,37,No,Yes,2,1,41,Offer B,No,0.0,No,Yes,Cable,16,Yes,No,Yes,No,No,No,No,Yes,One Year,No,Credit Card,35.4,1412.4,0.0,0,0.0,4,3,34.44878048780488,4375
Female,58,No,No,0,0,1,Offer E,Yes,26.53,No,Yes,DSL,30,No,No,No,No,No,No,No,Yes,Month-to-Month,No,Credit Card,44.4,44.4,0.0,0,26.53,2,1,44.4,3204
Male,44,No,Yes,0,1,71,No Offer,No,0.0,No,Yes,Cable,25,No,Yes,No,No,Yes,Yes,Yes,No,Two Year,No,Bank Withdrawal,49.35,3515.25,0.0,100,0.0,1,4,49.51056338028169,4879
Female,39,No,No,0,0,13,No Offer,Yes,42.62,No,Yes,Fiber Optic,15,No,Yes,No,No,No,No,No,Yes,One Year,Yes,Credit Card,74.65,966.25,0.0,0,554.06,5,2,74.32692307692308,4172
Male,80,Yes,Yes,2,10,61,No Offer,Yes,4.51,Yes,Yes,Fiber Optic,22,No,Yes,No,No,Yes,Yes,Yes,Yes,One Year,No,Bank Withdrawal,99.0,5969.3,21.17,0,275.11,5,5,97.85737704918033,5177
Male,48,No,No,0,0,44,Offer B,Yes,44.45,Yes,Yes,Fiber Optic,19,Yes,Yes,Yes,No,Yes,Yes,Yes,Yes,Month-to-Month,Yes,Bank Withdrawal,111.5,4915.15,0.0,0,1955.8,4,7,111.70795454545454,2827
Male,51,No,No,0,0,54,Offer B,No,0.0,No,Yes,DSL,7,Yes,Yes,No,No,No,Yes,Yes,Yes,Two Year,No,Bank Withdrawal,46.2,2431.95,0.0,0,0.0,3,5,45.036111111111104,6143
Male,72,Yes,No,0,0,2,Offer E,Yes,41.43,No,Yes,Cable,20,No,No,No,No,No,No,No,Yes,Month-to-Month,Yes,Bank Withdrawal,44.7,93.7,0.0,0,82.86,1,1,46.85,4618
Male,21,No,No,0,0,23,No Offer,Yes,38.69,Yes,Yes,Cable,69,No,No,No,Yes,Yes,No,Yes,Yes,Month-to-Month,Yes,Bank Withdrawal,90.6,1943.2,4.73,0,889.87,2,4,84.48695652173913,4359
Female,47,No,Yes,3,1,42,No Offer,Yes,13.95,Yes,No,No Internet,0,No,No,No,No,No,No,No,No,Two Year,No,Bank Withdrawal,22.95,1014.25,0.0,0,585.9,5,0,24.148809523809526,4650
Male,20,No,Yes,1,1,48,Offer B,Yes,38.3,No,Yes,DSL,85,No,Yes,Yes,No,No,No,Yes,Yes,One Year,Yes,Credit Card,55.8,2651.2,0.0,0,1838.4,4,4,55.23333333333333,3446
Female,23,No,Yes,0,1,37,No Offer,No,0.0,No,Yes,DSL,27,Yes,No,No,Yes,Yes,No,No,Yes,Two Year,No,Bank Withdrawal,45.4,1593.1,44.13,0,0.0,4,4,43.056756756756755,4051
Female,39,No,Yes,2,7,6,No Offer,Yes,41.29,Yes,Yes,Fiber Optic,19,No,Yes,Yes,No,Yes,No,No,Yes,Month-to-Month,Yes,Credit Card,94.05,518.75,0.0,0,247.74,3,4,86.45833333333333,3083
Male,49,No,No,0,0,1,Offer E,No,0.0,No,Yes,Cable,19,No,Yes,No,Yes,No,Yes,Yes,Yes,Month-to-Month,Yes,Mailed Check,44.65,44.65,0.0,0,0.0,1,5,44.65,3704
Male,53,No,No,0,0,71,No Offer,Yes,6.75,Yes,Yes,Fiber Optic,15,No,No,Yes,Yes,No,No,No,Yes,Two Year,Yes,Credit Card,86.4,6172.0,0.0,0,479.25,5,3,86.92957746478874,4069
Male,26,No,Yes,0,0,1,Offer E,Yes,23.06,No,Yes,Fiber Optic,52,No,No,No,No,Yes,Yes,Yes,Yes,Month-to-Month,Yes,Bank Withdrawal,90.75,90.75,0.0,0,23.06,3,4,90.75,5460
Male,21,No,Yes,0,8,34,No Offer,Yes,33.55,Yes,Yes,Fiber Optic,41,No,No,Yes,No,Yes,Yes,Yes,Yes,Month-to-Month,No,Bank Withdrawal,100.85,3527.3,0.0,0,1140.7,5,5,103.74411764705883,5891
Female,78,Yes,No,0,0,8,No Offer,Yes,43.98,Yes,Yes,Fiber Optic,27,No,No,Yes,No,Yes,Yes,No,Yes,Month-to-Month,No,Bank Withdrawal,101.35,780.5,0.0,0,351.84,3,4,97.5625,5546
Male,66,Yes,No,0,0,8,Offer E,Yes,41.85,No,Yes,Fiber Optic,5,No,No,No,No,No,No,No,Yes,Two Year,Yes,Bank Withdrawal,69.7,572.85,0.0,0,334.8,4,1,71.60625,5242
Female,63,No,No,1,0,13,No Offer,Yes,27.04,No,Yes,DSL,10,Yes,Yes,No,No,No,No,No,Yes,Month-to-Month,Yes,Bank Withdrawal,56.0,764.55,0.0,0,351.52,3,3,58.81153846153846,5156
Female,48,No,Yes,1,1,23,Offer D,Yes,39.59,No,No,No Internet,0,No,No,No,No,No,No,No,No,Two Year,No,Bank Withdrawal,20.4,478.75,0.0,0,910.57,4,0,20.815217391304348,4698
Male,64,No,No,0,0,13,No Offer,Yes,40.99,No,Yes,DSL,21,No,Yes,No,Yes,Yes,Yes,Yes,Yes,Month-to-Month,No,Mailed Check,73.35,931.55,49.02,0,532.87,4,6,71.6576923076923,4645
Female,68,Yes,Yes,0,5,68,No Offer,Yes,1.98,Yes,Yes,Fiber Optic,19,Yes,Yes,No,No,No,Yes,No,Yes,One Year,Yes,Credit Card,96.55,6581.9,0.0,0,134.64,1,4,96.79264705882352,5957
Female,55,No,Yes,0,1,4,Offer E,Yes,21.81,Yes,Yes,Fiber Optic,14,No,Yes,No,No,Yes,No,No,Yes,Month-to-Month,Yes,Bank Withdrawal,91.65,365.4,0.0,0,87.24,2,3,91.35,2140
Female,46,No,No,0,0,12,No Offer,Yes,25.54,No,Yes,Fiber Optic,27,No,No,Yes,No,Yes,Yes,Yes,Yes,Month-to-Month,Yes,Bank Withdrawal,96.0,1062.1,0.0,0,306.48,1,5,88.50833333333333,5239
Male,56,No,No,0,0,22,Offer D,Yes,30.35,Yes,Yes,Fiber Optic,10,No,Yes,No,No,No,No,No,No,Month-to-Month,Yes,Credit Card,78.85,1600.25,0.0,50,667.7,5,1,72.73863636363636,2444
Male,42,No,No,0,0,11,No Offer,Yes,30.91,Yes,No,No Internet,0,No,No,No,No,No,No,No,No,Month-to-Month,No,Credit Card,23.15,245.2,0.0,0,340.01,1,0,22.29090909090909,5671
Male,46,No,Yes,1,10,1,No Offer,Yes,11.45,No,Yes,Fiber Optic,14,No,No,No,No,No,No,No,Yes,Month-to-Month,Yes,Credit Card,69.95,69.95,0.0,0,11.45,3,1,69.95,5133
Female,29,No,No,0,0,6,Offer E,Yes,6.98,No,Yes,Cable,30,Yes,Yes,No,No,No,No,No,No,Month-to-Month,No,Mailed Check,55.15,322.9,0.0,0,41.88,4,2,53.81666666666666,5377
Male,70,Yes,Yes,0,3,24,Offer C,Yes,49.76,Yes,Yes,Fiber Optic,11,No,Yes,Yes,No,Yes,Yes,Yes,Yes,Month-to-Month,Yes,Bank Withdrawal,104.25,2433.9,0.0,0,1194.24,1,6,101.41250000000001,2104
Male,27,No,Yes,0,8,39,No Offer,No,0.0,No,Yes,DSL,48,No,No,No,No,No,No,No,Yes,One Year,Yes,Credit Card,25.25,947.75,0.0,0,0.0,3,1,24.30128205128205,4259
Female,35,No,No,0,0,4,No Offer,Yes,37.66,No,No,No Internet,0,No,No,No,No,No,No,No,No,Month-to-Month,No,Credit Card,20.35,77.5,0.0,0,150.64,3,0,19.375,5984
Male,71,Yes,Yes,1,3,1,No Offer,Yes,8.38,No,Yes,DSL,19,No,No,No,Yes,No,No,No,Yes,Month-to-Month,Yes,Credit Card,49.25,49.25,0.0,0,8.38,3,2,49.25,4478
Male,37,No,Yes,0,6,72,Offer A,Yes,46.16,Yes,Yes,Fiber Optic,14,Yes,No,Yes,Yes,Yes,Yes,Yes,Yes,Two Year,Yes,Credit Card,110.9,8240.85,0.0,0,3323.52,3,7,114.45625000000001,4938
Male,59,No,Yes,3,1,48,Offer B,Yes,20.73,Yes,No,No Internet,0,No,No,No,No,No,No,No,No,Two Year,No,Bank Withdrawal,26.3,1245.05,0.0,0,995.04,3,0,25.938541666666666,2111
Male,62,No,No,0,0,20,No Offer,Yes,27.11,No,No,No Internet,0,No,No,No,No,No,No,No,No,Two Year,Yes,Credit Card,19.7,419.4,0.0,0,542.2,5,0,20.97,2120
Male,33,No,No,0,0,35,Offer C,Yes,4.24,No,No,No Internet,0,No,No,No,No,No,No,No,No,Two Year,No,Credit Card,19.25,677.9,0.0,0,148.4,4,0,19.36857142857143,2682
Male,42,No,Yes,1,8,35,No Offer,Yes,47.33,No,No,No Internet,0,No,No,No,No,No,No,No,No,Two Year,No,Bank Withdrawal,20.5,759.35,0.0,0,1656.55,4,0,21.695714285714285,2009
Female,79,Yes,No,0,0,17,Offer D,Yes,1.06,Yes,Yes,Fiber Optic,25,No,No,Yes,No,No,No,No,Yes,One Year,Yes,Credit Card,82.65,1470.05,0.0,0,18.02,4,2,86.4735294117647,3754
Male,58,No,No,0,0,17,No Offer,Yes,21.14,Yes,Yes,Fiber Optic,5,No,No,Yes,Yes,No,Yes,Yes,Yes,Month-to-Month,Yes,Bank Withdrawal,95.65,1640.0,0.0,0,359.38,4,5,96.47058823529412,3139
Female,56,No,No,0,0,39,No Offer,No,0.0,No,Yes,DSL,6,No,No,Yes,No,Yes,Yes,Yes,Yes,Month-to-Month,Yes,Credit Card,50.65,1905.4,3.51,0,0.0,4,5,48.85641025641026,5433
Female,64,No,No,0,0,15,Offer D,Yes,32.07,Yes,Yes,Fiber Optic,28,No,Yes,No,No,Yes,Yes,Yes,No,Month-to-Month,Yes,Bank Withdrawal,100.15,1415.0,0.0,0,481.05,3,4,94.33333333333333,2565
Male,44,No,Yes,3,1,58,No Offer,Yes,40.57,Yes,Yes,DSL,25,Yes,Yes,Yes,Yes,No,No,No,Yes,Two Year,No,Credit Card,71.6,4230.25,45.54,0,2353.06,4,5,72.9353448275862,4747
Female,78,Yes,No,0,0,37,Offer C,Yes,26.95,Yes,Yes,Fiber Optic,17,No,No,No,No,No,No,No,Yes,Month-to-Month,Yes,Bank Withdrawal,76.25,2841.55,0.0,0,997.15,3,1,76.79864864864865,5859
Female,79,Yes,Yes,0,8,26,Offer C,Yes,18.66,Yes,Yes,Fiber Optic,11,No,No,Yes,No,Yes,Yes,No,Yes,Two Year,Yes,Bank Withdrawal,98.1,2510.7,44.17,0,485.16,4,4,96.5653846153846,3114
Female,63,No,Yes,3,9,71,No Offer,Yes,45.81,Yes,Yes,DSL,52,Yes,Yes,Yes,Yes,No,No,No,Yes,Two Year,No,Credit Card,71.1,5224.95,0.0,0,3252.51,4,5,73.59084507042253,6090
Female,29,No,No,0,0,45,No Offer,Yes,4.48,Yes,Yes,Cable,51,No,No,Yes,Yes,No,No,No,Yes,Month-to-Month,Yes,Bank Withdrawal,87.25,3941.7,0.0,0,201.6,1,3,87.59333333333333,5269
Female,33,No,Yes,0,1,24,Offer C,Yes,32.86,No,No,No Internet,0,No,No,No,No,No,No,No,No,One Year,No,Credit Card,20.15,456.85,0.0,0,788.64,3,0,19.035416666666666,3573
Male,19,No,No,0,0,2,Offer E,No,0.0,No,Yes,DSL,59,No,No,No,No,No,No,No,Yes,Month-to-Month,No,Mailed Check,24.3,38.45,0.0,0,0.0,4,1,19.225,2515
Male,75,Yes,No,0,0,8,Offer E,Yes,40.45,Yes,Yes,Fiber Optic,29,No,No,Yes,No,Yes,Yes,No,Yes,Month-to-Month,Yes,Bank Withdrawal,100.6,819.4,0.0,0,323.6,1,4,102.425,5906
Male,67,Yes,No,0,0,69,No Offer,Yes,20.62,No,No,No Internet,0,No,No,No,No,No,No,No,No,Two Year,No,Credit Card,20.3,1356.3,0.0,0,1422.78,3,0,19.656521739130433,4042
Male,65,Yes,Yes,0,1,65,No Offer,Yes,16.65,Yes,Yes,Fiber Optic,5,No,Yes,Yes,No,Yes,Yes,Yes,Yes,One Year,Yes,Bank Withdrawal,103.15,6792.45,0.0,0,1082.25,3,6,104.49923076923076,6441
Female,35,No,No,0,0,2,No Offer,Yes,35.41,No,Yes,Fiber Optic,25,Yes,No,Yes,No,No,No,No,Yes,Month-to-Month,Yes,Bank Withdrawal,80.45,137.1,0.0,0,70.82,4,3,68.55,5602
Female,61,No,Yes,0,2,43,Offer B,No,0.0,No,Yes,Cable,6,Yes,Yes,No,Yes,Yes,No,No,Yes,One Year,Yes,Bank Withdrawal,51.25,2151.6,0.0,0,0.0,3,5,50.03720930232558,5656
Male,50,No,Yes,0,3,36,No Offer,Yes,5.99,Yes,Yes,Fiber Optic,6,No,No,No,No,Yes,Yes,Yes,Yes,Month-to-Month,Yes,Bank Withdrawal,95.0,3440.25,0.0,0,215.64,5,4,95.5625,3057
Female,22,No,Yes,3,5,62,Offer B,Yes,32.92,No,Yes,DSL,71,Yes,No,Yes,No,No,No,No,Yes,One Year,No,Credit Card,54.75,3425.35,8.5,0,2041.04,4,3,55.247580645161285,5010
Female,66,Yes,Yes,0,8,37,No Offer,Yes,15.6,No,Yes,Fiber Optic,19,No,No,Yes,Yes,Yes,No,No,Yes,Two Year,No,Bank Withdrawal,90.0,3371.75,0.0,0,577.2,4,4,91.12837837837837,4048
Female,44,No,Yes,1,3,68,No Offer,Yes,24.94,Yes,Yes,Fiber Optic,30,No,Yes,Yes,No,No,No,No,Yes,Two Year,Yes,Credit Card,84.4,5746.75,0.0,0,1695.92,5,3,84.51102941176471,5045
Male,56,No,No,0,0,32,No Offer,Yes,37.48,Yes,Yes,DSL,15,No,Yes,Yes,Yes,Yes,Yes,Yes,Yes,One Year,No,Credit Card,83.7,2633.3,0.0,0,1199.36,5,7,82.290625,3945
Male,44,No,No,0,0,67,No Offer,No,0.0,No,Yes,Cable,17,Yes,No,No,Yes,Yes,No,No,Yes,Two Year,No,Bank Withdrawal,43.9,3097.2,34.45,0,0.0,4,4,46.22686567164179,6344
Female,34,No,Yes,0,1,13,No Offer,Yes,29.49,No,Yes,DSL,2,No,No,No,No,No,No,No,Yes,One Year,No,Bank Withdrawal,43.8,592.65,0.0,0,383.37,3,1,45.58846153846154,4369
Female,60,No,Yes,0,1,22,Offer D,Yes,39.83,No,Yes,Cable,16,No,Yes,Yes,No,No,No,No,Yes,Month-to-Month,Yes,Credit Card,54.7,1178.75,0.0,0,876.26,3,3,53.57954545454545,5722
Male,62,No,Yes,0,1,43,No Offer,Yes,41.08,No,Yes,DSL,18,Yes,No,Yes,Yes,Yes,Yes,Yes,Yes,Two Year,Yes,Credit Card,79.15,3566.6,0.0,0,1766.44,3,7,82.94418604651163,3716
Male,80,Yes,Yes,0,2,60,No Offer,Yes,22.95,Yes,Yes,Fiber Optic,15,No,Yes,Yes,No,Yes,Yes,Yes,Yes,One Year,Yes,Bank Withdrawal,104.35,6339.45,41.23,0,1377.0,4,6,105.6575,4040
Male,23,No,No,0,0,10,No Offer,Yes,4.29,No,Yes,Fiber Optic,85,No,No,No,No,No,No,No,Yes,Month-to-Month,No,Credit Card,70.15,735.5,0.0,0,42.9,3,1,73.55,3963
Female,63,No,No,0,0,52,No Offer,No,0.0,No,Yes,DSL,7,Yes,Yes,No,Yes,No,No,No,No,Two Year,No,Credit Card,39.1,1982.1,0.0,130,0.0,3,3,38.11730769230769,4247
Female,77,Yes,Yes,2,8,11,No Offer,Yes,17.66,Yes,Yes,Fiber Optic,13,No,No,Yes,No,No,No,No,Yes,Month-to-Month,Yes,Credit Card,78.1,864.85,0.0,0,194.26,5,2,78.62272727272727,2333
Male,75,Yes,Yes,0,7,20,No Offer,Yes,5.31,Yes,Yes,Fiber Optic,10,No,No,No,No,Yes,Yes,Yes,Yes,Month-to-Month,Yes,Bank Withdrawal,94.55,1899.65,0.0,0,106.2,1,4,94.9825,5604
Female,44,No,Yes,0,6,29,Offer C,Yes,49.96,No,No,No Internet,0,No,No,No,No,No,No,No,No,Two Year,Yes,Credit Card,19.55,521.8,0.0,0,1448.84,3,0,17.99310344827586,5758
Male,56,No,No,0,0,29,No Offer,Yes,9.49,Yes,Yes,Fiber Optic,21,No,No,No,No,No,Yes,Yes,Yes,Month-to-Month,Yes,Bank Withdrawal,84.9,2516.2,47.04,0,275.21,3,3,86.7655172413793,4388
Male,46,No,No,0,0,69,No Offer,Yes,3.24,Yes,Yes,Cable,26,Yes,Yes,Yes,Yes,No,Yes,Yes,Yes,Two Year,Yes,Credit Card,81.5,5553.25,0.0,0,223.56,4,7,80.48188405797102,5286
Female,70,Yes,No,0,0,27,Offer C,Yes,35.76,Yes,Yes,Fiber Optic,4,Yes,Yes,Yes,No,Yes,Yes,No,Yes,One Year,Yes,Bank Withdrawal,110.5,2857.6,0.0,0,965.52,3,6,105.83703703703704,4997
Female,42,No,Yes,1,1,71,No Offer,Yes,19.49,Yes,No,No Internet,0,No,No,No,No,No,No,No,No,Two Year,No,Bank Withdrawal,24.7,1810.55,0.0,0,1383.79,4,0,25.500704225352113,5187
Female,19,No,Yes,0,4,44,No Offer,Yes,11.24,Yes,Yes,Fiber Optic,59,No,No,No,No,Yes,Yes,Yes,Yes,Month-to-Month,Yes,Bank Withdrawal,96.1,4364.1,0.0,0,494.56,2,4,99.18409090909091,5606
Male,55,No,Yes,0,6,18,Offer D,Yes,31.79,No,Yes,Fiber Optic,19,No,No,Yes,Yes,No,No,No,Yes,Month-to-Month,No,Bank Withdrawal,78.2,1468.75,0.0,0,572.22,5,3,81.59722222222223,2831
Female,31,No,No,3,0,4,Offer E,No,0.0,No,Yes,Cable,52,Yes,Yes,Yes,No,Yes,Yes,Yes,Yes,Month-to-Month,Yes,Credit Card,57.2,223.75,0.0,0,0.0,3,7,55.9375,2421
Female,69,Yes,No,0,0,13,Offer D,Yes,7.22,Yes,Yes,Fiber Optic,28,Yes,No,No,No,Yes,Yes,No,Yes,Month-to-Month,Yes,Bank Withdrawal,100.8,1308.1,0.0,0,93.86,1,4,100.62307692307692,3269
Male,27,No,Yes,0,1,49,No Offer,Yes,46.94,Yes,Yes,Fiber Optic,73,No,No,Yes,No,Yes,Yes,Yes,No,Month-to-Month,Yes,Bank Withdrawal,99.8,4872.45,0.0,130,2300.06,1,4,99.43775510204081,6088
Male,80,Yes,No,0,0,11,Offer D,Yes,26.84,No,Yes,Fiber Optic,15,No,No,No,No,No,Yes,Yes,No,Month-to-Month,Yes,Credit Card,79.15,827.7,0.0,140,295.24,5,2,75.24545454545455,3355
Male,61,No,No,0,0,9,No Offer,No,0.0,No,Yes,DSL,7,No,No,No,No,No,No,No,Yes,Month-to-Month,Yes,Bank Withdrawal,24.95,190.25,0.0,0,0.0,5,1,21.13888888888889,5473
Female,47,No,Yes,3,0,1,No Offer,Yes,34.57,No,No,No Internet,0,No,No,No,No,No,No,No,No,Month-to-Month,Yes,Mailed Check,20.5,20.5,0.0,0,34.57,1,0,20.5,2398
Male,35,No,No,0,0,3,No Offer,Yes,20.37,No,Yes,Cable,17,No,No,No,No,No,No,No,Yes,Month-to-Month,No,Credit Card,45.45,141.7,0.0,0,61.11,5,1,47.23333333333333,3666
Male,49,No,Yes,2,10,48,No Offer,Yes,12.57,Yes,Yes,Fiber Optic,18,Yes,Yes,Yes,Yes,Yes,Yes,Yes,Yes,Two Year,No,Credit Card,111.8,5443.65,0.0,0,603.36,3,8,113.409375,3922
Male,60,No,Yes,0,3,71,Offer A,Yes,47.34,Yes,Yes,Fiber Optic,12,No,Yes,Yes,No,Yes,Yes,Yes,Yes,Two Year,Yes,Bank Withdrawal,106.0,7723.7,0.0,0,3361.14,3,6,108.78450704225352,4072
Female,43,No,Yes,1,3,12,No Offer,Yes,24.65,No,No,No Internet,0,No,No,No,No,No,No,No,No,Month-to-Month,Yes,Credit Card,20.1,232.4,0.0,0,295.8,3,0,19.366666666666667,2360
Male,66,Yes,No,0,0,42,No Offer,Yes,13.51,Yes,Yes,Fiber Optic,19,No,Yes,No,No,No,No,No,Yes,One Year,Yes,Bank Withdrawal,79.35,3344.1,0.0,0,567.42,4,2,79.62142857142857,2399
Female,48,No,Yes,1,7,65,No Offer,Yes,2.95,Yes,No,No Internet,0,No,No,No,No,No,No,No,No,Two Year,No,Credit Card,26.0,1654.85,0.0,0,191.75,3,0,25.459230769230768,5352
Female,37,No,No,1,0,25,Offer C,Yes,39.9,No,Yes,DSL,27,No,Yes,No,Yes,No,No,No,Yes,One Year,Yes,Credit Card,54.75,1266.35,15.76,0,997.5,5,3,50.653999999999996,5136
Male,34,No,No,2,0,9,Offer E,Yes,27.64,No,Yes,Cable,29,No,Yes,No,No,No,No,No,Yes,Month-to-Month,Yes,Bank Withdrawal,50.1,484.05,0.0,0,248.76,4,2,53.78333333333333,4738
Male,70,Yes,Yes,1,7,34,No Offer,Yes,11.74,Yes,Yes,Fiber Optic,12,No,Yes,Yes,Yes,Yes,Yes,Yes,No,Month-to-Month,Yes,Bank Withdrawal,108.9,3625.2,0.0,30,399.16,3,6,106.62352941176471,5151
Male,28,No,No,0,0,7,Offer E,No,0.0,No,Yes,DSL,48,No,No,Yes,Yes,No,No,No,Yes,One Year,Yes,Credit Card,35.5,249.55,0.0,0,0.0,3,3,35.65,5124
Female,62,No,Yes,0,0,49,No Offer,Yes,29.18,No,No,No Internet,0,No,No,No,No,No,No,No,No,One Year,No,Credit Card,20.7,1032.05,0.0,0,1429.82,3,0,21.062244897959182,4074
Male,48,No,Yes,0,8,61,Offer B,Yes,12.32,Yes,Yes,Fiber Optic,7,No,Yes,Yes,Yes,Yes,Yes,Yes,Yes,Month-to-Month,Yes,Bank Withdrawal,114.1,7132.15,0.0,0,751.52,4,7,116.92049180327868,5239
Female,33,No,No,2,0,41,No Offer,Yes,18.72,Yes,Yes,Fiber Optic,10,No,Yes,No,No,Yes,No,No,Yes,Month-to-Month,Yes,Bank Withdrawal,88.5,3645.05,0.0,0,767.52,3,3,88.90365853658537,5984
Male,37,No,Yes,3,3,53,Offer B,Yes,33.31,Yes,No,No Internet,0,No,No,No,No,No,No,No,No,Two Year,No,Credit Card,25.55,1336.1,37.37,0,1765.43,3,0,25.20943396226415,5794
Female,28,No,No,0,0,1,No Offer,Yes,10.21,No,No,No Internet,0,No,No,No,No,No,No,No,No,Month-to-Month,No,Mailed Check,20.9,20.9,0.0,0,10.21,5,0,20.9,3901
Female,51,No,No,0,0,7,No Offer,Yes,40.76,Yes,Yes,Fiber Optic,16,No,Yes,No,No,No,No,No,Yes,Month-to-Month,Yes,Bank Withdrawal,78.55,522.95,47.19,0,285.32,3,2,74.70714285714287,4025
Male,31,No,Yes,0,6,57,No Offer,Yes,15.48,No,Yes,Cable,15,Yes,No,No,Yes,No,No,No,Yes,Month-to-Month,No,Bank Withdrawal,55.7,3171.6,34.59,0,882.36,3,3,55.642105263157895,4607
Female,29,No,Yes,0,7,65,Offer B,Yes,48.66,No,No,No Internet,0,No,No,No,No,No,No,No,No,Two Year,No,Bank Withdrawal,19.35,1319.95,0.0,0,3162.9,3,0,20.306923076923077,5076
Male,27,No,Yes,1,4,10,No Offer,Yes,4.16,Yes,No,No Internet,0,No,No,No,No,No,No,No,No,Month-to-Month,Yes,Credit Card,24.4,253.9,0.0,0,41.6,5,0,25.39,4458
Female,37,No,Yes,0,4,71,No Offer,Yes,10.46,Yes,Yes,Fiber Optic,3,No,Yes,Yes,No,Yes,Yes,Yes,No,Two Year,Yes,Bank Withdrawal,105.15,7555.0,0.0,60,742.66,5,5,106.40845070422536,5707
Male,61,No,No,1,0,30,Offer C,No,0.0,No,Yes,DSL,17,No,No,No,No,Yes,Yes,Yes,Yes,Month-to-Month,Yes,Bank Withdrawal,44.5,1307.8,0.0,0,0.0,4,4,43.593333333333334,5833
Female,36,No,Yes,0,0,52,Offer B,Yes,4.22,No,Yes,DSL,18,Yes,No,Yes,No,Yes,No,No,Yes,One Year,Yes,Mailed Check,64.3,3410.6,0.0,0,219.44,4,4,65.58846153846153,4405
Female,36,No,Yes,1,4,72,Offer A,Yes,20.56,Yes,No,No Internet,0,No,No,No,No,No,No,No,No,Two Year,No,Bank Withdrawal,24.45,1709.1,0.0,0,1480.32,3,0,23.737499999999997,5335
Female,35,No,No,0,0,12,Offer D,Yes,26.67,No,No,No Internet,0,No,No,No,No,No,No,No,No,One Year,No,Bank Withdrawal,20.15,260.7,0.0,0,320.04,5,0,21.724999999999998,4628
Male,53,No,No,0,0,67,No Offer,Yes,22.66,Yes,Yes,Fiber Optic,27,Yes,Yes,Yes,Yes,Yes,Yes,Yes,Yes,One Year,Yes,Bank Withdrawal,118.35,7804.15,0.0,0,1518.22,1,8,116.47985074626865,6255
Male,61,No,Yes,1,6,69,No Offer,Yes,12.02,No,Yes,Fiber Optic,30,No,No,No,Yes,Yes,Yes,Yes,Yes,Two Year,Yes,Credit Card,95.2,6671.7,0.0,0,829.38,4,5,96.69130434782609,6166
Female,75,Yes,Yes,0,2,72,Offer A,Yes,44.89,Yes,Yes,Fiber Optic,24,Yes,Yes,Yes,Yes,Yes,Yes,No,No,Two Year,Yes,Credit Card,115.75,8443.7,0.0,120,3232.08,3,6,117.27361111111112,6205
Female,63,No,No,0,0,1,No Offer,Yes,7.26,No,Yes,Cable,9,No,No,Yes,No,No,No,No,Yes,Month-to-Month,No,Bank Withdrawal,76.35,76.35,0.0,0,7.26,2,2,76.35,5613
Female,62,No,No,0,0,7,Offer E,Yes,48.22,No,No,No Internet,0,No,No,No,No,No,No,No,No,Month-to-Month,No,Mailed Check,20.05,164.85,0.0,0,337.54,2,0,23.55,5595
Male,66,Yes,Yes,0,2,17,No Offer,Yes,1.05,No,Yes,Fiber Optic,8,No,Yes,No,No,No,No,No,Yes,Month-to-Month,Yes,Bank Withdrawal,76.45,1233.4,0.0,0,17.85,1,2,72.5529411764706,3266
Female,73,Yes,Yes,0,9,39,No Offer,Yes,20.15,Yes,Yes,Fiber Optic,21,No,No,No,Yes,Yes,Yes,Yes,Yes,Month-to-Month,Yes,Bank Withdrawal,101.25,3949.15,0.0,0,785.85,4,5,101.26025641025642,3172
Female,57,No,Yes,2,1,62,No Offer,Yes,2.41,No,No,No Internet,0,No,No,No,No,No,No,No,No,Two Year,No,Bank Withdrawal,20.3,1296.15,0.0,0,149.42,5,0,20.905645161290323,4574
Male,50,No,Yes,1,2,59,No Offer,Yes,41.19,No,No,No Internet,0,No,No,No,No,No,No,No,No,Two Year,No,Credit Card,19.85,1188.25,0.0,0,2430.21,3,0,20.139830508474578,6144
Male,42,No,Yes,0,5,67,Offer A,Yes,17.4,Yes,Yes,Fiber Optic,11,No,Yes,Yes,No,No,Yes,Yes,No,Two Year,Yes,Bank Withdrawal,93.15,6368.2,0.0,90,1165.8,4,4,95.04776119402985,4001
Male,78,Yes,Yes,1,10,65,No Offer,Yes,9.68,Yes,Yes,Fiber Optic,23,Yes,Yes,No,No,No,No,No,Yes,Two Year,Yes,Bank Withdrawal,85.75,5688.45,38.09,0,629.2,3,3,87.51461538461538,4978
Male,34,No,No,0,0,50,No Offer,Yes,15.37,No,Yes,Fiber Optic,22,Yes,Yes,Yes,Yes,No,No,No,Yes,One Year,Yes,Credit Card,90.1,4549.45,0.0,0,768.5,3,5,90.98899999999999,6435
Female,51,No,No,0,0,9,Offer E,Yes,42.41,Yes,Yes,Fiber Optic,8,No,No,No,No,No,No,No,Yes,Month-to-Month,Yes,Bank Withdrawal,76.85,663.55,0.0,0,381.69,5,1,73.72777777777777,4834
Female,66,Yes,No,0,0,41,No Offer,Yes,27.95,Yes,Yes,Fiber Optic,23,Yes,Yes,Yes,No,Yes,Yes,Yes,Yes,Month-to-Month,Yes,Bank Withdrawal,113.2,4689.5,0.0,0,1145.95,1,7,114.3780487804878,3380
Male,23,No,No,0,0,41,No Offer,Yes,41.21,Yes,No,No Internet,0,No,No,No,No,No,No,No,No,Month-to-Month,Yes,Bank Withdrawal,25.25,996.45,0.0,0,1689.61,4,0,24.303658536585367,3461
Female,64,No,Yes,0,1,31,Offer C,Yes,12.03,No,Yes,Fiber Optic,9,No,Yes,No,No,No,Yes,Yes,Yes,Month-to-Month,Yes,Bank Withdrawal,83.85,2674.15,11.37,0,372.93,3,4,86.26290322580645,4283
Female,62,No,Yes,1,1,8,Offer E,Yes,38.78,No,Yes,DSL,18,Yes,Yes,No,No,No,No,No,Yes,Month-to-Month,No,Credit Card,54.65,482.25,0.0,0,310.24,3,3,60.28125,5614
Female,47,No,Yes,3,5,47,No Offer,Yes,3.95,No,No,No Internet,0,No,No,No,No,No,No,No,No,Two Year,Yes,Bank Withdrawal,21.3,1041.8,0.0,0,185.65,4,0,22.16595744680851,2861
Male,42,No,Yes,2,3,49,Offer B,Yes,5.29,No,Yes,Cable,30,Yes,Yes,No,Yes,No,No,No,Yes,Month-to-Month,No,Credit Card,59.6,2970.3,0.0,0,259.21,3,4,60.61836734693878,4986
Male,46,No,No,0,0,13,No Offer,Yes,3.36,Yes,Yes,Fiber Optic,15,Yes,No,No,No,Yes,Yes,Yes,No,Month-to-Month,No,Mailed Check,98.15,1230.25,0.0,40,43.68,1,4,94.63461538461539,5525
Male,29,No,Yes,0,0,65,No Offer,Yes,36.75,Yes,Yes,Fiber Optic,73,No,Yes,No,No,Yes,No,Yes,Yes,Month-to-Month,Yes,Bank Withdrawal,91.85,5940.85,0.0,0,2388.75,3,4,91.39769230769231,5530
Male,64,No,No,0,0,4,Offer E,Yes,40.15,No,Yes,DSL,19,No,No,No,No,No,Yes,Yes,No,Month-to-Month,No,Bank Withdrawal,54.3,195.3,0.0,80,160.6,2,2,48.825,5834
Female,21,No,No,1,0,2,No Offer,Yes,18.61,No,Yes,DSL,27,No,Yes,No,No,No,No,No,Yes,Month-to-Month,No,Credit Card,51.55,106.2,0.0,0,37.22,3,2,53.1,4057
Female,34,No,No,0,0,1,Offer E,Yes,32.92,No,Yes,Fiber Optic,3,No,No,No,No,Yes,No,No,Yes,Month-to-Month,Yes,Bank Withdrawal,80.25,80.25,0.0,0,32.92,2,2,80.25,2502
Female,33,No,Yes,0,6,34,No Offer,Yes,40.67,No,Yes,DSL,7,No,No,No,Yes,No,No,No,Yes,Month-to-Month,No,Bank Withdrawal,50.2,1815.3,0.0,0,1382.78,5,2,53.391176470588235,4352
Male,44,No,No,0,0,2,No Offer,Yes,37.29,Yes,Yes,Cable,20,No,No,No,No,No,Yes,Yes,Yes,Month-to-Month,No,Bank Withdrawal,62.05,118.3,0.0,0,74.58,1,3,59.15,5344
Female,30,No,No,0,0,70,Offer A,Yes,10.21,Yes,Yes,Fiber Optic,52,Yes,Yes,Yes,Yes,Yes,Yes,Yes,Yes,One Year,No,Credit Card,115.55,8127.6,0.0,0,714.7,1,8,116.10857142857144,4838
Female,25,No,Yes,2,9,3,Offer E,Yes,11.47,No,Yes,DSL,51,No,Yes,No,No,Yes,No,No,Yes,Month-to-Month,Yes,Credit Card,58.7,168.6,0.0,0,34.41,3,3,56.199999999999996,3654
Male,60,No,No,0,0,11,Offer D,Yes,15.03,Yes,Yes,DSL,13,No,No,Yes,No,No,No,No,Yes,Month-to-Month,No,Bank Withdrawal,53.75,608.0,0.0,0,165.33,1,2,55.27272727272727,3407
Female,44,No,No,0,0,27,No Offer,Yes,10.55,No,Yes,DSL,29,Yes,Yes,No,No,No,No,No,Yes,Two Year,No,Bank Withdrawal,52.85,1498.65,0.0,0,284.85,3,3,55.50555555555556,2842
Male,19,No,No,2,0,19,Offer D,No,0.0,No,Yes,DSL,59,No,No,No,No,No,No,Yes,Yes,Month-to-Month,Yes,Credit Card,25.35,566.1,0.0,0,0.0,4,2,29.794736842105266,3072
Male,40,No,No,0,0,46,Offer B,No,0.0,No,Yes,DSL,2,Yes,No,Yes,Yes,No,No,No,Yes,Two Year,No,Credit Card,38.25,1755.35,0.0,0,0.0,3,4,38.15978260869565,2653
Male,49,No,Yes,0,1,2,Offer E,Yes,8.86,No,Yes,Fiber Optic,23,No,No,No,No,Yes,Yes,Yes,Yes,Month-to-Month,Yes,Bank Withdrawal,89.55,185.55,0.0,0,17.72,1,4,92.775,3851
Female,33,No,Yes,3,1,72,No Offer,Yes,41.14,Yes,Yes,Fiber Optic,53,Yes,Yes,Yes,Yes,Yes,Yes,Yes,Yes,Two Year,Yes,Bank Withdrawal,118.75,8672.45,0.0,0,2962.08,4,8,120.45069444444445,5475
Male,57,No,Yes,1,3,47,No Offer,Yes,38.25,No,Yes,Fiber Optic,20,Yes,No,Yes,No,No,Yes,Yes,Yes,Month-to-Month,No,Bank Withdrawal,90.05,4137.2,0.0,0,1797.75,4,5,88.02553191489362,3291
Female,26,No,Yes,0,1,37,No Offer,Yes,36.29,Yes,Yes,Fiber Optic,27,No,No,Yes,No,Yes,Yes,Yes,Yes,Month-to-Month,Yes,Bank Withdrawal,99.5,3762.0,0.0,0,1342.73,1,5,101.67567567567568,4233
Female,78,Yes,Yes,0,0,72,No Offer,Yes,25.77,Yes,Yes,DSL,6,Yes,Yes,Yes,Yes,Yes,Yes,No,Yes,Two Year,No,Credit Card,92.45,6440.25,0.0,0,1855.44,1,7,89.44791666666667,5697
Female,19,No,No,0,0,4,Offer E,No,0.0,No,Yes,Cable,30,Yes,No,Yes,Yes,No,Yes,Yes,No,Month-to-Month,No,Mailed Check,48.25,202.25,0.0,10,0.0,3,5,50.5625,2682
Male,33,No,No,0,0,72,Offer A,Yes,2.56,Yes,Yes,Fiber Optic,25,Yes,Yes,Yes,Yes,Yes,Yes,Yes,Yes,Two Year,No,Bank Withdrawal,113.4,8164.1,0.0,0,184.32,3,8,113.39027777777778,6347
Male,73,Yes,No,0,0,55,Offer B,Yes,8.93,Yes,Yes,Fiber Optic,21,Yes,No,No,No,Yes,Yes,Yes,Yes,Month-to-Month,Yes,Bank Withdrawal,98.8,5617.75,0.0,0,491.15,2,5,102.14090909090909,5543
Male,59,No,Yes,1,1,19,Offer D,Yes,11.75,No,Yes,Cable,21,Yes,No,No,No,No,No,No,Yes,One Year,Yes,Bank Withdrawal,48.95,955.6,0.0,0,223.25,3,2,50.294736842105266,2394
Female,19,No,No,0,0,1,No Offer,No,0.0,No,Yes,DSL,76,No,No,No,No,No,No,Yes,No,Month-to-Month,No,Credit Card,24.4,24.4,0.0,10,0.0,5,1,24.4,5092
Male,50,No,Yes,2,1,22,Offer D,Yes,38.82,No,Yes,Fiber Optic,19,Yes,No,No,No,No,No,No,Yes,Month-to-Month,No,Bank Withdrawal,75.0,1573.95,0.0,0,854.04,3,2,71.54318181818182,4040
Male,33,No,Yes,0,0,31,No Offer,Yes,28.72,Yes,Yes,Cable,21,No,No,No,No,Yes,No,No,Yes,Month-to-Month,Yes,Credit Card,59.05,1882.8,0.0,0,890.32,5,2,60.73548387096774,5841
Male,55,No,No,0,0,72,Offer A,Yes,29.03,Yes,Yes,DSL,27,Yes,No,Yes,Yes,Yes,Yes,Yes,Yes,Two Year,No,Credit Card,84.3,5997.1,0.0,0,2090.16,4,7,83.29305555555555,6012
Female,60,No,Yes,0,1,45,No Offer,Yes,42.04,No,Yes,Cable,26,No,Yes,No,Yes,No,No,No,Yes,One Year,Yes,Credit Card,54.15,2319.8,0.0,0,1891.8,2,3,51.55111111111111,2761
Female,74,Yes,Yes,0,1,68,No Offer,Yes,21.33,Yes,Yes,Cable,24,No,Yes,No,No,Yes,Yes,Yes,Yes,Month-to-Month,Yes,Bank Withdrawal,100.2,6851.65,0.0,0,1450.44,1,5,100.7595588235294,4481
Female,35,No,Yes,0,10,49,No Offer,Yes,40.67,Yes,Yes,Fiber Optic,12,Yes,Yes,Yes,Yes,No,Yes,Yes,Yes,Two Year,No,Credit Card,106.65,5174.35,0.0,0,1992.83,4,7,105.59897959183674,5948
Female,55,No,Yes,0,1,24,No Offer,Yes,17.73,Yes,Yes,Fiber Optic,29,No,No,No,No,No,No,No,Yes,Month-to-Month,Yes,Credit Card,75.4,1747.85,0.0,0,425.52,3,1,72.82708333333333,2325
Male,22,No,No,0,0,2,No Offer,No,0.0,No,Yes,DSL,48,No,No,No,No,No,No,No,No,Month-to-Month,Yes,Credit Card,24.9,49.7,0.0,10,0.0,3,0,24.85,4033
Male,45,No,No,0,0,20,No Offer,No,0.0,No,Yes,DSL,20,Yes,Yes,Yes,Yes,Yes,No,No,Yes,Month-to-Month,Yes,Credit Card,55.0,1165.55,0.0,0,0.0,3,6,58.277499999999996,4481
Male,49,No,Yes,2,7,72,Offer A,Yes,27.93,Yes,No,No Internet,0,No,No,No,No,No,No,No,No,Two Year,Yes,Credit Card,25.1,1790.8,46.81,0,2010.96,3,0,24.87222222222222,4185
Male,69,Yes,Yes,0,1,16,No Offer,Yes,15.16,Yes,Yes,Fiber Optic,7,No,No,Yes,No,Yes,Yes,No,Yes,Month-to-Month,Yes,Bank Withdrawal,98.75,1587.55,0.0,0,242.56,2,4,99.221875,3392
Female,68,Yes,No,0,0,5,No Offer,Yes,41.83,Yes,Yes,Fiber Optic,25,No,No,No,No,Yes,No,No,Yes,Month-to-Month,Yes,Credit Card,83.15,446.05,0.0,0,209.15,3,2,89.21000000000001,2516
Female,25,No,No,0,0,5,Offer E,Yes,48.86,No,Yes,Fiber Optic,59,No,No,No,No,Yes,No,No,Yes,Month-to-Month,No,Bank Withdrawal,80.2,384.25,0.0,0,244.3,3,2,76.85,3391
Male,25,No,No,0,0,7,Offer E,Yes,8.95,No,Yes,Fiber Optic,52,No,No,No,No,No,No,No,Yes,Month-to-Month,Yes,Bank Withdrawal,69.55,521.35,0.0,0,62.65,3,1,74.47857142857143,4704
Male,28,No,Yes,2,9,34,No Offer,Yes,42.74,Yes,Yes,Fiber Optic,52,No,Yes,No,No,Yes,Yes,Yes,Yes,Month-to-Month,Yes,Bank Withdrawal,97.7,3410.0,0.0,0,1453.16,3,5,100.29411764705883,5789
Male,33,No,No,0,0,47,Offer B,Yes,36.78,No,Yes,DSL,25,Yes,Yes,Yes,Yes,Yes,Yes,Yes,Yes,One Year,Yes,Bank Withdrawal,86.95,4138.9,0.0,0,1728.66,4,8,88.06170212765957,5631
Female,45,No,Yes,0,3,48,No Offer,Yes,17.03,Yes,Yes,DSL,15,No,No,Yes,Yes,No,Yes,Yes,Yes,One Year,Yes,Credit Card,69.55,3435.6,0.0,0,817.44,4,5,71.575,2478
Male,34,No,No,0,0,2,Offer E,No,0.0,No,Yes,DSL,8,No,Yes,Yes,Yes,No,No,No,Yes,Month-to-Month,Yes,Credit Card,40.4,77.15,0.0,0,0.0,3,4,38.575,3620
Male,56,No,Yes,3,3,62,No Offer,Yes,40.66,Yes,Yes,Fiber Optic,21,Yes,Yes,Yes,Yes,Yes,Yes,Yes,Yes,Two Year,No,Bank Withdrawal,115.55,7159.05,0.0,0,2520.92,3,8,115.46854838709677,6349
Female,64,No,No,0,0,8,Offer E,Yes,11.2,No,Yes,Fiber Optic,17,No,Yes,No,No,No,No,No,No,Month-to-Month,No,Bank Withdrawal,75.6,535.55,0.0,10,89.6,3,1,66.94375,2934
Male,72,Yes,Yes,1,1,47,No Offer,Yes,42.29,No,Yes,Fiber Optic,22,No,Yes,No,No,Yes,No,No,No,One Year,Yes,Bank Withdrawal,84.95,4018.05,0.0,80,1987.63,3,2,85.4904255319149,3384
Male,47,No,No,0,0,30,No Offer,Yes,32.41,No,Yes,Cable,22,Yes,Yes,No,Yes,Yes,No,No,Yes,One Year,No,Bank Withdrawal,70.4,2044.75,0.0,0,972.3,3,5,68.15833333333333,3380
Female,23,No,Yes,0,2,67,Offer A,Yes,25.46,Yes,Yes,Fiber Optic,73,No,Yes,Yes,No,Yes,Yes,Yes,Yes,One Year,Yes,Bank Withdrawal,105.7,6816.95,0.0,0,1705.82,4,6,101.7455223880597,5027
Female,51,No,Yes,0,4,31,No Offer,Yes,1.2,No,Yes,DSL,15,No,No,No,Yes,No,No,No,No,Month-to-Month,Yes,Credit Card,49.2,1498.55,0.0,100,37.2,5,1,48.34032258064516,2157
Female,59,No,Yes,1,0,69,Offer A,Yes,28.53,Yes,Yes,Fiber Optic,24,No,Yes,No,Yes,No,Yes,Yes,Yes,Two Year,Yes,Bank Withdrawal,93.3,6398.05,0.0,0,1968.57,5,5,92.72536231884058,5205
Male,63,No,No,0,0,14,Offer D,No,0.0,No,Yes,Cable,12,No,Yes,No,No,No,No,No,Yes,Month-to-Month,Yes,Mailed Check,31.1,419.7,0.0,0,0.0,5,2,29.978571428571428,3448
Female,68,Yes,No,0,0,2,Offer E,Yes,31.74,Yes,Yes,DSL,25,No,Yes,No,No,No,No,No,Yes,Month-to-Month,Yes,Credit Card,56.55,118.25,0.0,0,63.48,4,2,59.125,2069
Female,45,No,Yes,0,9,72,No Offer,Yes,49.51,Yes,No,No Internet,0,No,No,No,No,No,No,No,No,Two Year,Yes,Bank Withdrawal,25.25,1841.2,0.0,0,3564.72,3,0,25.572222222222223,4551
Female,30,No,Yes,0,1,71,Offer A,Yes,26.58,Yes,Yes,Cable,27,No,No,Yes,Yes,Yes,Yes,Yes,Yes,Two Year,Yes,Bank Withdrawal,80.45,5662.25,0.0,0,1887.18,5,6,79.75,4518
Female,56,No,No,0,0,16,Offer D,Yes,44.05,No,No,No Internet,0,No,No,No,No,No,No,No,No,One Year,Yes,Bank Withdrawal,19.3,360.35,0.0,0,704.8,3,0,22.521875,2870
Male,62,No,Yes,2,8,4,No Offer,Yes,3.57,No,No,No Internet,0,No,No,No,No,No,No,No,No,Two Year,No,Credit Card,19.5,96.85,0.0,0,14.28,4,0,24.2125,5390
Male,31,No,Yes,0,10,28,No Offer,Yes,21.91,No,Yes,Fiber Optic,5,No,No,No,Yes,No,No,No,Yes,Month-to-Month,No,Bank Withdrawal,76.55,2065.4,0.0,0,613.48,3,2,73.76428571428572,2085
Female,67,Yes,No,0,0,45,Offer B,No,0.0,No,Yes,Cable,4,No,No,No,No,No,Yes,No,No,One Year,No,Bank Withdrawal,34.2,1596.6,0.0,0,0.0,3,1,35.48,5715
Female,73,Yes,Yes,0,1,26,Offer C,Yes,9.28,Yes,Yes,Fiber Optic,26,No,Yes,Yes,No,No,Yes,No,Yes,Month-to-Month,Yes,Bank Withdrawal,93.85,2381.55,0.0,0,241.28,2,4,91.59807692307693,2591
Female,53,No,No,0,0,4,No Offer,No,0.0,No,Yes,DSL,2,Yes,No,No,No,No,No,No,No,Month-to-Month,Yes,Credit Card,29.15,110.05,0.0,10,0.0,4,1,27.5125,2657
Female,26,No,No,0,0,34,No Offer,Yes,23.54,Yes,Yes,Fiber Optic,76,No,No,No,No,Yes,No,No,No,Month-to-Month,No,Bank Withdrawal,85.35,2896.6,0.0,0,800.36,5,1,85.19411764705882,3818
Male,24,No,No,3,0,1,Offer E,Yes,43.05,Yes,Yes,DSL,69,No,No,No,No,No,No,No,Yes,Month-to-Month,Yes,Bank Withdrawal,50.05,50.05,0.0,0,43.05,4,1,50.05,5523
Male,40,No,No,0,0,20,No Offer,Yes,16.05,No,Yes,Fiber Optic,18,Yes,Yes,Yes,Yes,Yes,Yes,Yes,Yes,Month-to-Month,Yes,Bank Withdrawal,108.2,2203.7,0.0,0,321.0,3,8,110.18499999999999,2102
Female,22,No,No,0,0,38,No Offer,Yes,40.64,No,No,No Internet,0,No,No,No,No,No,No,No,No,One Year,No,Credit Card,20.05,678.2,0.0,0,1544.32,3,0,17.847368421052632,4539
Female,41,No,Yes,0,3,61,No Offer,Yes,27.63,Yes,Yes,Fiber Optic,29,No,No,Yes,Yes,Yes,Yes,Yes,Yes,Month-to-Month,Yes,Bank Withdrawal,106.35,6751.35,0.0,0,1685.43,5,6,110.67786885245903,5632
Male,64,No,No,0,0,8,Offer E,Yes,11.58,Yes,Yes,Fiber Optic,7,No,No,No,No,No,No,No,Yes,Month-to-Month,Yes,Bank Withdrawal,74.85,572.45,0.0,0,92.64,4,1,71.55625,5514
Male,62,No,No,0,0,30,No Offer,Yes,24.57,No,No,No Internet,0,No,No,No,No,No,No,No,No,One Year,No,Mailed Check,19.7,625.05,0.0,0,737.1,4,0,20.834999999999997,3302
Female,45,No,Yes,0,6,20,Offer D,Yes,11.39,No,Yes,Fiber Optic,21,No,No,Yes,Yes,No,No,No,Yes,Month-to-Month,Yes,Mailed Check,81.0,1683.7,0.0,0,227.8,3,3,84.185,4741
Male,55,No,No,3,0,33,Offer C,Yes,10.36,Yes,Yes,Fiber Optic,53,Yes,No,Yes,No,No,Yes,Yes,Yes,Month-to-Month,Yes,Bank Withdrawal,95.3,3275.15,0.0,0,341.88,4,5,99.2469696969697,3087
Female,23,No,Yes,0,10,71,No Offer,No,0.0,No,Yes,Cable,85,Yes,Yes,Yes,Yes,Yes,Yes,Yes,Yes,One Year,No,Bank Withdrawal,66.8,4689.15,0.0,0,0.0,4,8,66.0443661971831,4698
Male,40,No,Yes,0,1,1,Offer E,No,0.0,No,Yes,DSL,20,No,No,Yes,No,Yes,Yes,Yes,Yes,Month-to-Month,Yes,Bank Withdrawal,50.35,50.35,0.0,0,0.0,1,5,50.35,4526
Female,68,Yes,No,0,0,4,No Offer,Yes,26.23,Yes,Yes,Fiber Optic,29,No,No,No,No,No,No,No,Yes,Month-to-Month,Yes,Bank Withdrawal,74.9,321.75,0.0,0,104.92,1,1,80.4375,2122
Female,79,Yes,No,0,0,6,No Offer,Yes,47.35,Yes,Yes,Fiber Optic,29,No,Yes,No,No,Yes,Yes,Yes,Yes,Month-to-Month,Yes,Bank Withdrawal,98.25,560.6,0.0,0,284.1,3,5,93.43333333333334,3330
Female,32,No,Yes,0,0,8,Offer E,Yes,26.41,Yes,Yes,Fiber Optic,16,No,No,No,No,No,Yes,Yes,Yes,Month-to-Month,Yes,Credit Card,85.2,627.4,0.0,0,211.28,1,3,78.425,2887
Male,25,No,No,0,0,63,Offer B,Yes,22.73,Yes,Yes,Fiber Optic,73,No,Yes,No,Yes,Yes,Yes,Yes,No,Month-to-Month,No,Bank Withdrawal,105.4,6713.2,0.0,130,1431.99,4,5,106.55873015873016,4551
Female,24,No,Yes,3,1,47,No Offer,Yes,2.56,No,No,No Internet,0,No,No,No,No,No,No,No,No,Two Year,No,Bank Withdrawal,19.3,890.5,0.0,0,120.32,4,0,18.9468085106383,5829
Female,47,No,No,0,0,48,No Offer,Yes,29.54,No,Yes,Fiber Optic,29,No,Yes,Yes,Yes,Yes,No,No,Yes,Two Year,Yes,Credit Card,95.5,4627.85,0.0,0,1417.92,2,5,96.41354166666667,2459
Female,43,No,No,0,0,6,No Offer,Yes,2.6,No,Yes,Fiber Optic,22,No,No,No,No,Yes,Yes,Yes,Yes,Month-to-Month,No,Bank Withdrawal,89.3,577.6,0.0,0,15.6,1,4,96.26666666666667,5800
Male,34,No,No,0,0,4,No Offer,Yes,38.01,No,Yes,Cable,5,No,Yes,No,No,No,No,No,Yes,Month-to-Month,No,Mailed Check,49.25,208.45,0.0,0,152.04,3,2,52.1125,3272
Female,32,No,Yes,2,1,10,Offer D,Yes,42.0,No,Yes,DSL,14,No,Yes,Yes,No,No,Yes,Yes,Yes,One Year,Yes,Credit Card,65.9,660.05,0.0,0,420.0,4,5,66.005,5289
Male,31,No,Yes,1,4,30,Offer C,Yes,48.04,Yes,Yes,Cable,19,Yes,Yes,Yes,Yes,No,No,No,Yes,Month-to-Month,No,Bank Withdrawal,67.6,2000.2,0.0,0,1441.2,3,5,66.67333333333333,4104
Female,37,No,No,0,0,39,No Offer,No,0.0,No,Yes,DSL,19,Yes,Yes,No,Yes,No,No,No,Yes,One Year,Yes,Bank Withdrawal,40.3,1630.4,0.0,0,0.0,3,4,41.805128205128206,3424
Female,44,No,Yes,3,1,67,Offer A,Yes,46.9,No,Yes,Cable,28,No,Yes,No,No,No,No,No,Yes,One Year,No,Credit Card,50.55,3431.75,0.0,0,3142.3,5,2,51.22014925373134,5122
Male,51,No,No,0,0,34,No Offer,Yes,28.0,Yes,Yes,Fiber Optic,18,No,Yes,No,Yes,Yes,Yes,Yes,Yes,Month-to-Month,Yes,Bank Withdrawal,105.35,3540.65,0.0,0,952.0,3,6,104.13676470588236,5503
Male,25,No,Yes,3,8,72,Offer A,No,0.0,No,Yes,DSL,82,Yes,Yes,Yes,No,No,No,No,Yes,Two Year,No,Credit Card,38.5,2763.0,0.0,0,0.0,4,4,38.375,4710
Female,24,No,Yes,0,4,12,Offer D,Yes,23.99,No,Yes,DSL,51,Yes,No,No,Yes,No,No,No,Yes,Month-to-Month,No,Bank Withdrawal,54.2,690.5,0.0,0,287.88,4,3,57.541666666666664,4474
Male,46,No,Yes,0,1,70,Offer A,Yes,18.26,Yes,Yes,DSL,18,Yes,No,No,Yes,Yes,Yes,Yes,Yes,Two Year,Yes,Credit Card,76.95,5289.8,0.0,0,1278.2,3,6,75.56857142857143,6280
Male,74,Yes,No,0,0,43,No Offer,Yes,8.81,Yes,Yes,Fiber Optic,7,No,No,No,No,Yes,No,No,Yes,Two Year,Yes,Bank Withdrawal,84.85,3645.6,0.0,0,378.83,4,2,84.78139534883721,4556
Female,21,No,No,0,0,1,Offer E,Yes,15.73,No,No,No Internet,0,No,No,No,No,No,No,No,No,Month-to-Month,No,Mailed Check,20.9,20.9,0.0,0,15.73,3,0,20.9,5421
Male,79,Yes,Yes,0,9,15,No Offer,Yes,22.83,Yes,Yes,Fiber Optic,26,Yes,No,Yes,No,Yes,No,No,Yes,Month-to-Month,Yes,Bank Withdrawal,96.5,1392.25,0.0,0,342.45,4,4,92.81666666666666,2394
Male,63,No,No,0,0,4,No Offer,Yes,44.36,No,Yes,Fiber Optic,20,No,No,Yes,No,No,Yes,Yes,Yes,Month-to-Month,No,Bank Withdrawal,86.05,308.1,0.0,0,177.44,5,4,77.025,3653
Female,53,No,No,0,0,1,Offer E,Yes,4.67,No,Yes,Fiber Optic,11,No,No,No,No,No,Yes,Yes,Yes,Month-to-Month,No,Credit Card,80.15,80.15,0.0,0,4.67,1,3,80.15,3947
Female,28,No,No,0,0,1,No Offer,Yes,39.94,No,Yes,Cable,59,No,No,No,No,No,No,Yes,Yes,Month-to-Month,Yes,Mailed Check,45.3,45.3,0.0,0,39.94,1,2,45.3,3049
Female,30,No,No,0,0,31,No Offer,Yes,38.78,Yes,Yes,Fiber Optic,59,No,No,No,No,No,No,No,Yes,Month-to-Month,Yes,Bank Withdrawal,76.05,2227.8,0.0,0,1202.18,5,1,71.86451612903227,2421
Male,45,No,Yes,2,7,72,No Offer,Yes,2.75,Yes,Yes,DSL,19,Yes,Yes,Yes,Yes,Yes,Yes,Yes,Yes,Two Year,Yes,Credit Card,89.4,6376.55,0.0,0,198.0,3,8,88.56319444444445,6044
Male,65,Yes,Yes,0,1,63,No Offer,Yes,40.65,No,Yes,DSL,29,Yes,Yes,Yes,Yes,Yes,Yes,Yes,Yes,One Year,Yes,Bank Withdrawal,84.0,5329.55,0.0,0,2560.95,3,8,84.59603174603176,5688
Female,21,No,Yes,3,7,20,No Offer,Yes,15.29,Yes,Yes,Cable,59,Yes,No,No,No,Yes,Yes,Yes,No,One Year,No,Bank Withdrawal,76.0,1588.75,7.3,70,305.8,4,4,79.4375,4085
Male,23,No,Yes,0,8,37,Offer C,Yes,13.13,Yes,Yes,Fiber Optic,58,No,No,Yes,Yes,Yes,No,No,Yes,Two Year,No,Credit Card,94.3,3460.95,0.0,0,485.81,3,4,93.53918918918919,2615
Male,19,No,Yes,0,4,68,Offer A,Yes,25.19,Yes,No,No Internet,0,No,No,No,No,No,No,No,No,Two Year,No,Credit Card,25.05,1629.2,0.0,0,1712.92,5,0,23.958823529411767,4187
Female,58,No,No,0,0,12,Offer D,No,0.0,No,Yes,DSL,7,Yes,No,Yes,Yes,No,Yes,Yes,Yes,Two Year,No,Credit Card,49.85,552.1,0.0,0,0.0,3,6,46.00833333333333,3100
Male,26,No,Yes,2,6,38,Offer C,Yes,17.52,Yes,Yes,DSL,59,Yes,No,Yes,Yes,Yes,Yes,Yes,Yes,Two Year,Yes,Bank Withdrawal,85.4,3297.0,0.0,0,665.76,4,7,86.76315789473684,5292
Male,35,No,Yes,0,9,54,Offer B,Yes,49.9,Yes,Yes,Fiber Optic,29,Yes,Yes,Yes,No,Yes,Yes,Yes,Yes,Month-to-Month,No,Bank Withdrawal,109.55,6118.95,0.0,0,2694.6,4,7,113.31388888888888,6130
Female,45,No,Yes,3,7,32,No Offer,Yes,26.66,No,Yes,Fiber Optic,57,No,Yes,No,No,Yes,No,No,No,Month-to-Month,Yes,Bank Withdrawal,86.1,2723.75,0.0,130,853.12,5,2,85.1171875,4970
Male,74,Yes,No,0,0,19,Offer D,Yes,39.97,Yes,Yes,Fiber Optic,9,No,Yes,No,No,Yes,No,No,Yes,Month-to-Month,Yes,Bank Withdrawal,88.2,1775.8,0.0,0,759.43,1,3,93.46315789473684,5683
Female,30,No,No,0,0,1,Offer E,Yes,15.44,No,Yes,Fiber Optic,51,No,No,No,No,Yes,Yes,Yes,No,Month-to-Month,No,Bank Withdrawal,90.55,90.55,0.0,60,15.44,2,3,90.55,2627
Female,35,No,No,0,0,25,No Offer,Yes,48.42,No,Yes,Fiber Optic,8,No,Yes,Yes,No,Yes,Yes,Yes,Yes,Month-to-Month,Yes,Bank Withdrawal,99.5,2369.05,19.5,0,1210.5,3,6,94.762,5932
Female,40,No,Yes,3,10,16,No Offer,Yes,12.82,No,No,No Internet,0,No,No,No,No,No,No,No,No,Month-to-Month,No,Credit Card,19.35,275.9,33.24,0,205.12,5,0,17.24375,4146
Female,34,No,Yes,1,7,34,Offer C,Yes,49.58,No,Yes,Cable,16,Yes,Yes,Yes,No,No,No,No,Yes,One Year,Yes,Mailed Check,60.8,2042.05,0.0,0,1685.72,4,4,60.06029411764706,4522
Male,55,No,Yes,2,6,72,No Offer,Yes,9.3,Yes,Yes,DSL,12,Yes,Yes,Yes,Yes,Yes,No,No,Yes,Two Year,Yes,Bank Withdrawal,80.85,5727.45,0.0,0,669.6,3,6,79.54791666666667,6067
Female,80,Yes,Yes,0,2,27,No Offer,Yes,7.02,No,Yes,Cable,25,Yes,No,No,No,No,No,No,Yes,Month-to-Month,Yes,Bank Withdrawal,75.2,1929.35,0.0,0,189.54,1,2,71.4574074074074,4517
Female,56,No,No,1,0,5,No Offer,Yes,23.89,No,Yes,DSL,14,No,No,No,No,No,No,No,Yes,Month-to-Month,No,Mailed Check,46.0,221.7,0.0,0,119.45,1,1,44.339999999999996,4846
Male,19,No,No,0,0,68,No Offer,No,0.0,No,Yes,DSL,58,No,No,Yes,No,No,Yes,Yes,Yes,Month-to-Month,Yes,Bank Withdrawal,39.9,2796.35,0.0,0,0.0,4,4,41.12279411764706,6270
Male,35,No,Yes,0,3,63,Offer B,Yes,12.15,Yes,Yes,DSL,21,Yes,No,Yes,Yes,No,Yes,Yes,Yes,Two Year,No,Credit Card,75.7,4676.7,0.0,0,765.45,3,6,74.23333333333333,5113
Male,26,No,Yes,0,1,10,Offer D,Yes,2.02,Yes,Yes,Fiber Optic,82,No,No,No,No,No,Yes,Yes,No,Month-to-Month,Yes,Bank Withdrawal,85.25,855.3,0.0,100,20.2,3,2,85.53,3573
Female,41,No,No,0,0,2,No Offer,Yes,5.11,No,Yes,Fiber Optic,6,No,No,No,No,No,Yes,Yes,Yes,Month-to-Month,No,Bank Withdrawal,80.75,159.45,0.0,0,10.22,3,3,79.725,2176
Female,32,No,No,0,0,60,No Offer,Yes,16.11,Yes,Yes,Cable,18,No,No,Yes,Yes,Yes,Yes,Yes,Yes,One Year,No,Credit Card,80.55,4847.05,0.0,0,966.6,5,6,80.78416666666666,4159
Male,30,No,No,0,0,5,Offer E,Yes,5.78,No,Yes,Fiber Optic,52,No,No,No,No,Yes,No,No,No,Month-to-Month,Yes,Bank Withdrawal,80.6,415.55,36.44,40,28.9,2,1,83.11,5715
Male,64,No,No,0,0,1,No Offer,Yes,45.86,No,Yes,Fiber Optic,27,No,No,No,No,No,No,No,Yes,Month-to-Month,Yes,Bank Withdrawal,69.35,69.35,0.0,0,45.86,2,1,69.35,5796
Male,27,No,Yes,0,8,20,Offer D,Yes,46.47,No,No,No Internet,0,No,No,No,No,No,No,No,No,One Year,No,Credit Card,20.65,417.5,0.0,0,929.4,3,0,20.875,4147
Female,40,No,No,0,0,6,No Offer,Yes,43.19,No,No,No Internet,0,No,No,No,No,No,No,No,No,Month-to-Month,Yes,Credit Card,20.95,109.5,0.0,0,259.14,3,0,18.25,5554
Male,38,No,Yes,1,2,50,No Offer,Yes,36.21,No,Yes,Fiber Optic,22,No,Yes,Yes,Yes,Yes,Yes,Yes,Yes,One Year,Yes,Bank Withdrawal,103.4,5236.4,0.0,0,1810.5,5,7,104.728,5437
Male,48,No,Yes,0,1,22,Offer D,Yes,27.24,No,Yes,DSL,21,Yes,No,No,Yes,No,No,No,Yes,Month-to-Month,Yes,Bank Withdrawal,54.2,1152.7,0.0,0,599.28,2,3,52.39545454545455,5102
Male,60,No,Yes,0,3,4,No Offer,Yes,32.43,No,Yes,Fiber Optic,13,No,No,No,No,Yes,No,No,Yes,Month-to-Month,Yes,Bank Withdrawal,80.35,307.4,0.0,0,129.72,1,2,76.85,4167
Male,78,Yes,Yes,0,0,7,No Offer,Yes,9.7,Yes,Yes,Fiber Optic,17,Yes,Yes,No,No,No,Yes,Yes,Yes,Month-to-Month,Yes,Credit Card,94.7,673.1,0.0,0,67.9,1,5,96.15714285714286,3591
Female,57,No,No,0,0,65,No Offer,Yes,41.74,No,Yes,Cable,17,Yes,Yes,Yes,Yes,Yes,Yes,Yes,Yes,Two Year,Yes,Bank Withdrawal,84.85,5459.2,0.0,0,2713.1,4,8,83.9876923076923,5434
Female,53,No,No,0,0,12,Offer D,Yes,23.2,No,No,No Internet,0,No,No,No,No,No,No,No,No,Month-to-Month,No,Credit Card,20.4,266.6,0.0,0,278.4,4,0,22.21666666666667,4497
Male,39,No,Yes,1,0,48,Offer B,Yes,11.86,Yes,No,No Internet,0,No,No,No,No,No,No,No,No,Two Year,No,Credit Card,23.55,1173.35,0.0,0,569.28,3,0,24.444791666666664,5019
Female,50,No,Yes,0,2,51,No Offer,Yes,17.95,No,Yes,DSL,14,Yes,Yes,No,Yes,No,Yes,Yes,Yes,One Year,Yes,Credit Card,69.75,3562.5,0.0,0,915.45,3,6,69.8529411764706,5628
Female,33,No,No,0,0,22,Offer D,Yes,32.75,Yes,Yes,DSL,24,Yes,No,No,Yes,No,No,No,Yes,Month-to-Month,Yes,Credit Card,59.05,1253.5,0.0,0,720.5,4,3,56.97727272727273,3995
Male,29,No,No,3,0,18,Offer D,Yes,41.08,Yes,Yes,Fiber Optic,48,No,No,Yes,No,No,No,No,Yes,Month-to-Month,Yes,Credit Card,80.55,1406.65,0.0,0,739.44,5,2,78.14722222222223,5334
Female,22,No,No,0,0,23,No Offer,Yes,15.18,No,Yes,Fiber Optic,46,No,Yes,No,Yes,No,No,No,Yes,Month-to-Month,Yes,Credit Card,79.1,1783.75,0.0,0,349.14,5,3,77.55434782608695,3619
Male,43,No,No,0,0,31,No Offer,Yes,37.07,Yes,Yes,Fiber Optic,23,No,Yes,No,No,No,No,No,Yes,Month-to-Month,Yes,Bank Withdrawal,80.45,2429.1,0.0,0,1149.17,4,2,78.35806451612903,4684
Male,54,No,Yes,0,1,9,No Offer,Yes,17.47,No,Yes,Fiber Optic,6,No,Yes,Yes,Yes,Yes,No,No,Yes,Month-to-Month,Yes,Credit Card,94.85,890.6,0.0,0,157.23,2,5,98.95555555555556,3016
Female,70,Yes,No,0,0,9,No Offer,Yes,17.56,Yes,Yes,Fiber Optic,27,No,No,No,No,No,No,No,Yes,Month-to-Month,Yes,Bank Withdrawal,74.55,622.9,33.25,0,158.04,1,1,69.21111111111111,3145
Female,44,No,No,0,0,20,No Offer,Yes,22.75,Yes,Yes,Cable,11,No,Yes,No,Yes,No,Yes,Yes,Yes,Month-to-Month,Yes,Credit Card,68.9,1370.35,0.0,0,455.0,5,5,68.5175,3265
Male,75,Yes,Yes,0,5,72,Offer A,Yes,21.37,Yes,Yes,Fiber Optic,13,Yes,Yes,Yes,Yes,Yes,Yes,Yes,No,Two Year,Yes,Bank Withdrawal,116.05,8404.9,0.0,120,1538.64,3,7,116.73472222222222,4404
Female,40,No,Yes,1,4,72,Offer A,Yes,44.03,Yes,Yes,Fiber Optic,14,No,Yes,Yes,Yes,Yes,Yes,Yes,Yes,Two Year,Yes,Bank Withdrawal,109.2,7711.45,0.0,0,3170.16,4,7,107.10347222222222,6130
Female,35,No,Yes,0,3,65,Offer B,Yes,40.71,Yes,Yes,Fiber Optic,23,Yes,No,Yes,No,Yes,Yes,Yes,No,Month-to-Month,Yes,Bank Withdrawal,105.05,6914.95,0.0,60,2646.15,3,5,106.38384615384615,5313
Male,30,No,No,0,0,5,Offer E,Yes,34.26,No,No,No Internet,0,No,No,No,No,No,No,No,No,Month-to-Month,No,Credit Card,21.05,113.85,0.0,0,171.3,3,0,22.77,2604
Female,34,No,Yes,0,0,70,No Offer,Yes,40.91,No,No,No Internet,0,No,No,No,No,No,No,No,No,Two Year,No,Credit Card,19.85,1328.35,33.29,0,2863.7,4,0,18.97642857142857,4311
Female,54,No,No,3,0,70,No Offer,Yes,16.75,Yes,Yes,DSL,57,Yes,Yes,No,Yes,No,No,No,No,Two Year,No,Bank Withdrawal,66.0,4891.5,0.0,90,1172.5,3,3,69.87857142857143,5265
Male,23,No,Yes,2,1,47,Offer B,Yes,15.59,No,Yes,Fiber Optic,52,Yes,Yes,Yes,No,No,Yes,Yes,Yes,One Year,Yes,Bank Withdrawal,96.1,4391.45,0.0,0,732.73,3,6,93.43510638297872,5793
Male,30,No,No,3,0,20,No Offer,Yes,22.78,No,No,No Internet,0,No,No,No,No,No,No,No,No,Month-to-Month,Yes,Bank Withdrawal,19.4,374.5,0.0,0,455.6,2,0,18.725,3785
Female,47,No,Yes,0,6,23,Offer D,Yes,38.93,No,Yes,Cable,4,No,No,Yes,Yes,No,No,No,Yes,Month-to-Month,No,Bank Withdrawal,54.25,1221.55,0.0,0,895.39,5,3,53.11086956521739,5140
Female,40,No,No,0,0,18,No Offer,Yes,38.32,Yes,Yes,DSL,20,No,No,No,No,No,No,No,Yes,Month-to-Month,Yes,Bank Withdrawal,50.3,913.3,0.0,0,689.76,3,1,50.73888888888889,5877
Female,66,Yes,Yes,0,4,72,Offer A,Yes,32.37,Yes,Yes,Fiber Optic,22,Yes,No,No,No,No,No,No,Yes,Two Year,No,Bank Withdrawal,78.5,5602.25,0.0,0,2330.64,3,2,77.80902777777777,6072
Female,29,No,Yes,0,1,17,No Offer,Yes,47.76,Yes,Yes,Fiber Optic,26,No,No,No,No,No,Yes,Yes,Yes,Month-to-Month,Yes,Bank Withdrawal,85.45,1451.6,0.0,0,811.92,3,3,85.38823529411764,3670
Male,60,No,Yes,0,1,67,Offer A,Yes,21.71,Yes,Yes,Fiber Optic,30,No,Yes,Yes,Yes,Yes,Yes,Yes,Yes,Two Year,Yes,Bank Withdrawal,111.3,7567.2,36.66,0,1454.57,3,7,112.94328358208955,4469
Female,23,No,No,0,0,31,No Offer,Yes,31.79,No,No,No Internet,0,No,No,No,No,No,No,No,No,One Year,No,Mailed Check,20.95,683.25,0.0,0,985.49,4,0,22.04032258064516,5772
Male,57,No,Yes,1,1,5,No Offer,Yes,11.54,Yes,Yes,Fiber Optic,19,No,Yes,No,No,No,No,No,Yes,Month-to-Month,Yes,Bank Withdrawal,80.15,385.0,0.0,0,57.7,1,2,77.0,5124
Male,36,No,Yes,0,1,17,No Offer,No,0.0,No,Yes,Cable,10,Yes,No,Yes,No,No,No,No,Yes,Month-to-Month,No,Mailed Check,34.4,592.75,0.0,0,0.0,3,3,34.86764705882353,4207
Female,50,No,No,0,0,1,No Offer,Yes,2.7,No,Yes,Fiber Optic,14,No,No,No,Yes,Yes,Yes,Yes,Yes,Month-to-Month,Yes,Bank Withdrawal,95.85,95.85,0.0,0,2.7,4,5,95.85,3270
Male,79,Yes,No,0,0,67,Offer A,Yes,28.88,Yes,Yes,DSL,11,Yes,Yes,No,Yes,No,No,No,Yes,Two Year,Yes,Bank Withdrawal,64.55,4250.1,0.0,0,1934.96,3,4,63.43432835820896,4494
Female,79,Yes,Yes,0,1,5,Offer E,Yes,5.42,No,Yes,Fiber Optic,23,No,No,No,No,No,No,No,Yes,One Year,No,Bank Withdrawal,70.05,302.6,0.0,0,27.1,4,1,60.52,2064
Female,25,No,No,0,0,71,Offer A,Yes,28.4,Yes,Yes,Fiber Optic,76,Yes,Yes,Yes,Yes,Yes,Yes,Yes,Yes,Two Year,Yes,Credit Card,113.15,7993.3,0.0,0,2016.4,3,8,112.58169014084507,4955
Male,33,No,No,0,0,25,Offer C,Yes,13.36,No,No,No Internet,0,No,No,No,No,No,No,No,No,Month-to-Month,No,Credit Card,20.6,541.5,0.0,0,334.0,3,0,21.66,2305
Male,56,No,Yes,3,8,13,No Offer,Yes,28.15,No,Yes,Cable,56,No,Yes,Yes,Yes,No,No,No,Yes,Month-to-Month,No,Bank Withdrawal,61.8,750.1,0.0,0,365.95,3,4,57.7,4749
Male,64,No,Yes,2,1,72,Offer A,Yes,20.63,Yes,Yes,DSL,26,Yes,Yes,Yes,Yes,Yes,Yes,Yes,Yes,Two Year,Yes,Credit Card,90.8,6397.6,0.0,0,1485.36,4,8,88.85555555555555,5028
Male,53,No,Yes,0,7,34,No Offer,Yes,26.03,No,No,No Internet,0,No,No,No,No,No,No,No,No,One Year,No,Credit Card,19.6,678.8,0.0,0,885.02,5,0,19.96470588235294,4669
Female,21,No,No,0,0,3,No Offer,Yes,48.3,No,Yes,Cable,42,No,No,Yes,No,Yes,No,No,Yes,Month-to-Month,No,Bank Withdrawal,57.55,161.45,0.0,0,144.9,3,3,53.81666666666666,4099
Female,57,No,No,0,0,28,Offer C,Yes,11.32,No,Yes,DSL,11,Yes,Yes,No,Yes,No,No,No,Yes,One Year,Yes,Bank Withdrawal,59.9,1654.7,0.0,0,316.96,3,4,59.096428571428575,4131
Male,78,Yes,Yes,0,8,72,Offer A,No,0.0,No,Yes,Cable,26,Yes,Yes,Yes,Yes,Yes,Yes,Yes,Yes,Two Year,Yes,Bank Withdrawal,63.1,4685.55,0.0,0,0.0,3,8,65.07708333333333,4933
Female,24,No,No,0,0,4,Offer E,Yes,9.75,Yes,No,No Internet,0,No,No,No,No,No,No,No,No,Two Year,Yes,Credit Card,25.3,116.95,0.0,0,39.0,3,0,29.2375,3808
Female,57,No,No,0,0,8,No Offer,No,0.0,No,Yes,DSL,2,No,Yes,No,No,No,No,No,Yes,Month-to-Month,Yes,Credit Card,29.25,226.95,0.0,0,0.0,3,2,28.36875,2038
Male,37,No,No,0,0,47,No Offer,Yes,16.64,Yes,Yes,Fiber Optic,8,No,Yes,Yes,No,Yes,Yes,Yes,Yes,One Year,Yes,Bank Withdrawal,103.1,4889.3,0.0,0,782.08,4,6,104.02765957446809,5029
Female,36,No,No,0,0,38,No Offer,Yes,46.18,Yes,No,No Internet,0,No,No,No,No,No,No,No,No,One Year,Yes,Bank Withdrawal,24.25,914.4,35.61,0,1754.84,3,0,24.063157894736843,2997
Female,47,No,No,0,0,15,Offer D,Yes,33.14,No,No,No Internet,0,No,No,No,No,No,No,No,No,Month-to-Month,No,Bank Withdrawal,19.4,289.3,0.0,0,497.1,1,0,19.28666666666667,5379
Female,60,No,No,0,0,15,No Offer,Yes,10.43,No,Yes,Fiber Optic,29,No,Yes,No,No,Yes,No,No,Yes,Month-to-Month,Yes,Bank Withdrawal,83.2,1130.0,0.0,0,156.45,3,3,75.33333333333333,4096
Male,56,No,No,0,0,1,No Offer,Yes,45.5,No,Yes,Fiber Optic,12,No,No,No,No,No,No,No,Yes,Month-to-Month,Yes,Bank Withdrawal,69.9,69.9,0.0,0,45.5,2,1,69.9,3349
Female,56,No,Yes,1,2,67,Offer A,Yes,48.75,No,No,No Internet,0,No,No,No,No,No,No,No,No,Two Year,Yes,Bank Withdrawal,19.25,1372.9,0.0,0,3266.25,4,0,20.491044776119406,5154
Male,27,No,Yes,0,4,9,Offer E,Yes,26.03,Yes,Yes,Cable,59,No,Yes,Yes,No,No,Yes,Yes,Yes,Month-to-Month,Yes,Credit Card,69.05,653.95,0.0,0,234.27,4,5,72.66111111111111,2907
Female,57,No,Yes,0,7,71,Offer A,Yes,9.44,Yes,Yes,Fiber Optic,9,Yes,Yes,Yes,Yes,Yes,Yes,Yes,Yes,Two Year,Yes,Credit Card,115.15,8078.1,0.0,0,670.24,3,8,113.77605633802817,4144
Male,20,No,No,0,0,11,No Offer,No,0.0,No,Yes,DSL,73,No,Yes,No,Yes,No,No,No,Yes,Month-to-Month,Yes,Bank Withdrawal,35.65,425.1,0.0,0,0.0,4,3,38.64545454545455,4986
Female,25,No,No,0,0,29,Offer C,Yes,16.38,Yes,Yes,Fiber Optic,82,No,No,No,No,No,No,No,Yes,Month-to-Month,Yes,Bank Withdrawal,74.2,1993.25,0.0,0,475.02,5,1,68.73275862068965,3982
Male,58,No,No,0,0,3,Offer E,Yes,2.88,No,Yes,DSL,17,No,No,No,No,Yes,No,No,Yes,Month-to-Month,Yes,Credit Card,54.7,169.45,0.0,0,8.64,1,2,56.48333333333333,3335
Male,40,No,No,0,0,1,Offer E,Yes,13.85,No,No,No Internet,0,No,No,No,No,No,No,No,No,Month-to-Month,Yes,Bank Withdrawal,19.65,19.65,0.0,0,13.85,3,0,19.65,3075
Male,62,No,Yes,0,4,30,No Offer,Yes,5.56,Yes,Yes,DSL,8,No,No,No,No,No,No,No,No,Month-to-Month,No,Bank Withdrawal,49.9,1441.95,0.0,100,166.8,4,0,48.065000000000005,3712
Male,78,Yes,No,0,0,20,Offer D,Yes,25.51,Yes,Yes,Fiber Optic,9,No,No,No,No,Yes,No,No,No,Two Year,Yes,Bank Withdrawal,84.35,1745.2,0.0,10,510.2,4,1,87.26,4915
Male,79,Yes,Yes,0,5,45,No Offer,Yes,44.91,Yes,No,No Internet,0,No,No,No,No,No,No,No,No,One Year,No,Credit Card,24.7,1174.35,0.0,0,2020.95,4,0,26.096666666666664,5644
Male,22,No,No,0,0,5,No Offer,Yes,8.6,No,Yes,DSL,59,No,Yes,No,Yes,No,Yes,Yes,Yes,Month-to-Month,Yes,Bank Withdrawal,65.6,339.9,0.0,0,43.0,4,5,67.97999999999999,5636
Male,33,No,No,0,0,28,Offer C,Yes,30.48,Yes,Yes,Fiber Optic,13,No,Yes,Yes,No,Yes,Yes,Yes,No,Month-to-Month,Yes,Bank Withdrawal,105.7,2979.5,0.0,80,853.44,3,5,106.41071428571429,2464
Female,38,No,No,0,0,33,No Offer,Yes,15.69,Yes,Yes,DSL,24,Yes,Yes,No,No,No,No,No,Yes,Month-to-Month,Yes,Credit Card,60.9,2033.85,0.0,0,517.77,4,3,61.631818181818176,3009
Female,33,No,Yes,0,0,71,No Offer,Yes,3.09,No,Yes,DSL,26,Yes,Yes,Yes,Yes,Yes,Yes,Yes,Yes,Two Year,Yes,Credit Card,84.4,5969.3,0.0,0,219.39,5,8,84.07464788732395,5619
Male,47,No,Yes,0,1,1,No Offer,Yes,14.9,No,Yes,DSL,6,No,No,No,No,No,No,No,Yes,Month-to-Month,Yes,Credit Card,45.85,45.85,0.0,0,14.9,2,1,45.85,3706
Male,21,No,No,0,0,2,No Offer,Yes,23.52,No,Yes,DSL,48,No,No,No,Yes,Yes,Yes,Yes,Yes,Month-to-Month,No,Bank Withdrawal,70.3,132.4,0.0,0,47.04,3,5,66.2,4799
Male,39,No,Yes,1,2,12,No Offer,Yes,25.33,No,No,No Internet,0,No,No,No,No,No,No,No,No,Month-to-Month,Yes,Bank Withdrawal,19.2,239.0,45.46,0,303.96,3,0,19.916666666666668,3101
Male,28,No,No,0,0,3,Offer E,Yes,32.76,No,Yes,Fiber Optic,73,No,No,Yes,Yes,Yes,Yes,Yes,Yes,Month-to-Month,Yes,Bank Withdrawal,98.7,293.65,0.0,0,98.28,3,6,97.88333333333333,3916
Male,54,No,Yes,0,1,11,Offer D,Yes,12.95,No,Yes,Cable,6,No,No,No,No,No,No,No,Yes,Month-to-Month,Yes,Bank Withdrawal,45.9,521.9,0.0,0,142.45,5,1,47.445454545454545,3880
Male,62,No,No,0,0,4,No Offer,Yes,42.44,Yes,Yes,Fiber Optic,29,No,No,No,No,No,No,No,Yes,Month-to-Month,Yes,Bank Withdrawal,76.05,318.9,0.0,0,169.76,1,1,79.725,3685
Female,64,No,No,0,0,1,Offer E,Yes,33.41,No,Yes,Fiber Optic,28,No,Yes,Yes,No,No,No,No,Yes,Month-to-Month,Yes,Bank Withdrawal,82.3,82.3,0.0,0,33.41,1,3,82.3,4278
Male,46,No,No,0,0,20,Offer D,Yes,29.12,No,No,No Internet,0,No,No,No,No,No,No,No,No,Month-to-Month,Yes,Credit Card,19.6,356.15,0.0,0,582.4,4,0,17.807499999999997,5909
Male,79,Yes,Yes,0,7,17,No Offer,Yes,46.44,Yes,Yes,Fiber Optic,13,No,No,No,No,Yes,Yes,No,Yes,Two Year,Yes,Bank Withdrawal,94.8,1563.9,0.0,0,789.48,3,3,91.99411764705883,4831
Female,39,No,Yes,2,8,72,No Offer,Yes,18.74,Yes,Yes,Fiber Optic,19,Yes,Yes,No,No,Yes,No,No,Yes,Two Year,Yes,Bank Withdrawal,95.1,6843.15,0.0,0,1349.28,3,4,95.04374999999999,5584
Female,70,Yes,No,0,0,1,Offer E,Yes,48.95,Yes,Yes,Fiber Optic,23,No,No,No,No,No,No,No,Yes,Month-to-Month,Yes,Bank Withdrawal,74.2,74.2,0.0,0,48.95,2,1,74.2,4684
Male,80,Yes,Yes,0,1,46,No Offer,No,0.0,No,Yes,DSL,15,No,Yes,Yes,Yes,Yes,Yes,No,No,One Year,Yes,Bank Withdrawal,59.9,2816.65,0.0,150,0.0,3,5,61.231521739130436,4011
Male,42,No,Yes,3,6,21,No Offer,Yes,31.55,Yes,Yes,DSL,23,Yes,No,No,No,Yes,Yes,Yes,Yes,One Year,Yes,Bank Withdrawal,75.9,1549.75,0.0,0,662.55,4,5,73.79761904761905,3503
Female,71,Yes,No,0,0,5,No Offer,Yes,30.05,No,Yes,Fiber Optic,11,No,No,No,No,No,No,No,Yes,Month-to-Month,Yes,Credit Card,69.05,318.5,0.0,0,150.25,3,1,63.7,3368
Male,26,No,No,0,0,28,No Offer,Yes,45.24,No,Yes,Fiber Optic,59,No,No,Yes,Yes,No,Yes,Yes,Yes,Month-to-Month,No,Bank Withdrawal,91.0,2626.15,0.0,0,1266.72,3,5,93.79107142857143,2448
Female,63,No,Yes,1,1,72,No Offer,Yes,14.46,No,Yes,Fiber Optic,29,Yes,Yes,Yes,Yes,Yes,Yes,Yes,Yes,Two Year,Yes,Bank Withdrawal,108.65,7726.35,0.0,0,1041.12,4,8,107.31041666666667,5730
Male,37,No,No,0,0,2,No Offer,Yes,2.96,Yes,Yes,Fiber Optic,15,No,No,No,No,No,No,No,Yes,Month-to-Month,Yes,Credit Card,73.25,131.05,0.0,0,5.92,1,1,65.525,2919
Female,33,No,Yes,1,5,2,No Offer,Yes,29.03,No,Yes,Fiber Optic,10,No,No,No,No,No,No,No,Yes,Month-to-Month,Yes,Bank Withdrawal,71.65,135.75,0.0,0,58.06,3,1,67.875,3916
Male,61,No,No,0,0,9,No Offer,No,0.0,No,Yes,DSL,14,Yes,No,Yes,Yes,No,Yes,Yes,Yes,One Year,No,Mailed Check,50.8,463.6,0.0,0,0.0,4,6,51.51111111111111,5535
Male,23,No,No,0,0,13,Offer D,Yes,1.61,No,No,No Internet,0,No,No,No,No,No,No,No,No,Two Year,No,Credit Card,20.0,268.45,0.0,0,20.93,3,0,20.65,3037
Male,73,Yes,No,0,0,5,No Offer,Yes,18.69,No,Yes,DSL,28,No,No,Yes,No,No,No,No,Yes,Month-to-Month,No,Bank Withdrawal,50.35,237.25,0.0,0,93.45,1,2,47.45,4618
Male,29,No,No,0,0,26,No Offer,Yes,6.38,No,No,No Internet,0,No,No,No,No,No,No,No,No,One Year,No,Credit Card,19.4,525.55,4.25,0,165.88,4,0,20.213461538461537,4602
Female,30,No,No,0,0,54,Offer B,Yes,37.65,Yes,Yes,Fiber Optic,30,No,Yes,Yes,No,Yes,No,No,No,One Year,Yes,Bank Withdrawal,94.75,5121.75,0.0,70,2033.1,4,3,94.84722222222223,5665
Female,34,No,No,0,0,1,No Offer,Yes,2.24,No,Yes,Fiber Optic,6,No,No,No,No,No,No,No,Yes,Month-to-Month,Yes,Mailed Check,70.15,70.15,0.0,0,2.24,3,1,70.15,3208
Male,57,No,No,2,0,5,No Offer,Yes,13.54,No,Yes,DSL,21,No,No,No,Yes,No,No,No,Yes,Month-to-Month,Yes,Bank Withdrawal,48.65,235.2,0.0,0,67.7,5,2,47.04,3307
Female,22,No,No,0,0,42,Offer B,Yes,5.75,No,Yes,DSL,53,Yes,Yes,Yes,Yes,No,Yes,Yes,Yes,One Year,No,Credit Card,73.9,3160.55,0.0,0,241.5,2,7,75.25119047619049,2774
Female,22,No,No,0,0,8,No Offer,Yes,17.3,Yes,Yes,Fiber Optic,41,No,No,No,No,No,No,No,Yes,Month-to-Month,Yes,Bank Withdrawal,73.5,632.2,0.0,0,138.4,3,1,79.025,5777
Female,20,No,Yes,0,7,63,Offer B,Yes,34.51,No,Yes,Fiber Optic,46,Yes,No,Yes,No,No,No,Yes,Yes,One Year,Yes,Credit Card,81.15,5224.5,0.0,0,2174.13,4,4,82.92857142857143,5294
Male,72,Yes,Yes,0,2,34,No Offer,Yes,12.98,No,Yes,Fiber Optic,8,No,No,No,No,No,No,No,Yes,Two Year,No,Credit Card,71.55,2427.35,0.0,0,441.32,3,1,71.39264705882353,3583
Female,66,Yes,No,0,0,2,No Offer,Yes,24.95,No,Yes,Fiber Optic,22,No,No,No,No,Yes,No,No,Yes,Two Year,No,Credit Card,81.5,162.55,0.0,0,49.9,4,2,81.275,4267
Female,36,No,Yes,0,7,72,No Offer,Yes,1.34,Yes,Yes,DSL,19,Yes,No,Yes,Yes,Yes,Yes,Yes,Yes,Two Year,Yes,Bank Withdrawal,84.9,6065.3,0.0,0,96.48,4,7,84.24027777777778,4447
Male,68,Yes,Yes,0,8,43,Offer B,Yes,31.25,Yes,Yes,Fiber Optic,20,No,Yes,No,No,Yes,Yes,No,No,Month-to-Month,Yes,Bank Withdrawal,101.0,4388.4,0.0,150,1343.75,1,3,102.05581395348837,3123
Female,25,No,Yes,0,1,2,No Offer,Yes,28.86,No,Yes,Fiber Optic,26,No,Yes,Yes,No,No,No,No,Yes,Month-to-Month,No,Bank Withdrawal,79.7,165.0,0.0,0,57.72,1,3,82.5,3039
Male,41,No,No,0,0,1,Offer E,Yes,23.16,No,No,No Internet,0,No,No,No,No,No,No,No,No,Month-to-Month,No,Mailed Check,20.25,20.25,0.0,0,23.16,1,0,20.25,2959
Female,52,No,Yes,2,10,45,No Offer,No,0.0,No,Yes,Cable,19,No,Yes,Yes,Yes,No,Yes,Yes,Yes,One Year,No,Bank Withdrawal,51.0,2264.5,0.0,0,0.0,4,6,50.32222222222222,4534
Male,74,Yes,Yes,0,1,57,No Offer,Yes,49.91,Yes,Yes,Fiber Optic,21,No,Yes,Yes,No,No,Yes,No,Yes,Month-to-Month,Yes,Bank Withdrawal,95.25,5427.05,12.59,0,2844.87,2,4,95.21140350877194,6259
Male,45,No,No,0,0,3,No Offer,Yes,26.38,No,Yes,DSL,25,No,No,No,Yes,No,No,No,Yes,Month-to-Month,Yes,Mailed Check,50.5,147.75,0.0,0,79.14,4,2,49.25,5258
Male,28,No,No,3,0,8,No Offer,Yes,1.95,No,No,No Internet,0,No,No,No,No,No,No,No,No,Month-to-Month,No,Bank Withdrawal,19.45,159.2,0.0,0,15.6,5,0,19.9,4119
Female,33,No,No,0,0,36,No Offer,Yes,44.87,No,Yes,Cable,8,Yes,Yes,Yes,Yes,Yes,No,No,Yes,One Year,Yes,Credit Card,76.35,2606.35,0.0,0,1615.32,5,6,72.39861111111111,4771
Female,41,No,Yes,0,1,67,Offer A,Yes,3.2,Yes,Yes,DSL,23,No,Yes,Yes,Yes,Yes,Yes,Yes,Yes,Two Year,No,Bank Withdrawal,86.15,5883.85,0.0,0,214.4,5,7,87.81865671641792,5037
Male,73,Yes,No,0,0,6,Offer E,Yes,29.41,No,Yes,Fiber Optic,30,Yes,No,No,No,Yes,No,No,Yes,Month-to-Month,Yes,Bank Withdrawal,85.15,503.6,0.0,0,176.46,2,3,83.93333333333334,5831
Male,36,No,Yes,0,7,69,Offer A,Yes,14.18,No,Yes,DSL,16,Yes,Yes,No,No,No,No,No,Yes,One Year,Yes,Credit Card,53.65,3804.4,0.0,0,978.42,3,3,55.13623188405797,6092
Male,39,No,Yes,1,6,67,No Offer,Yes,36.21,Yes,Yes,DSL,24,Yes,Yes,Yes,Yes,No,No,No,Yes,One Year,Yes,Credit Card,69.35,4653.25,9.99,0,2426.07,3,5,69.45149253731343,5589
Female,55,No,No,0,0,8,No Offer,Yes,23.46,No,No,No Internet,0,No,No,No,No,No,No,No,No,Two Year,No,Credit Card,20.0,141.6,0.0,0,187.68,3,0,17.7,3087
Female,70,Yes,No,0,0,32,Offer C,Yes,33.22,No,Yes,Fiber Optic,9,No,Yes,No,No,No,No,No,Yes,Month-to-Month,Yes,Bank Withdrawal,74.4,2276.95,44.31,0,1063.04,1,2,71.1546875,2091
Male,52,No,No,0,0,63,Offer B,Yes,48.75,Yes,Yes,Fiber Optic,21,No,Yes,Yes,No,Yes,Yes,Yes,Yes,Two Year,Yes,Bank Withdrawal,104.75,6536.5,0.0,0,3071.25,5,6,103.75396825396825,5882
Female,42,No,No,0,0,56,Offer B,Yes,2.5,Yes,Yes,Fiber Optic,3,No,Yes,No,Yes,Yes,Yes,Yes,Yes,Month-to-Month,Yes,Bank Withdrawal,105.45,5916.95,0.0,0,140.0,3,6,105.65982142857142,4212
Female,38,No,Yes,0,1,72,Offer A,Yes,5.25,Yes,Yes,DSL,28,Yes,No,Yes,Yes,Yes,Yes,Yes,Yes,Two Year,Yes,Credit Card,84.4,6096.45,0.0,0,378.0,3,7,84.67291666666667,5046
Female,60,No,No,0,0,32,Offer C,No,0.0,No,Yes,DSL,18,Yes,No,No,No,No,No,No,Yes,One Year,No,Credit Card,30.15,927.65,0.0,0,0.0,4,2,28.9890625,3585
Female,37,No,No,0,0,5,No Offer,Yes,44.78,Yes,Yes,Cable,29,No,Yes,No,No,No,Yes,Yes,Yes,Month-to-Month,Yes,Bank Withdrawal,64.0,370.25,0.0,0,223.9,5,4,74.05,4421
Male,45,No,No,0,0,1,No Offer,Yes,15.77,No,No,No Internet,0,No,No,No,No,No,No,No,No,Month-to-Month,No,Credit Card,19.75,19.75,0.0,0,15.77,3,0,19.75,2484
Female,70,Yes,No,0,0,1,No Offer,Yes,43.45,No,Yes,Fiber Optic,30,No,No,No,No,No,No,No,No,Month-to-Month,Yes,Bank Withdrawal,69.85,69.85,0.0,40,43.45,1,0,69.85,5056
Male,30,No,Yes,2,9,63,Offer B,Yes,18.88,No,Yes,Fiber Optic,48,No,Yes,Yes,No,No,No,No,No,Month-to-Month,Yes,Credit Card,80.3,4896.35,0.0,40,1189.44,4,2,77.71984126984128,5157
Male,67,Yes,No,0,0,49,Offer B,Yes,43.19,Yes,Yes,Cable,10,Yes,Yes,Yes,Yes,No,Yes,Yes,Yes,Two Year,No,Credit Card,81.35,4060.9,0.0,0,2116.31,4,7,82.87551020408164,4537
Female,54,No,Yes,0,1,63,Offer B,Yes,21.15,Yes,Yes,Fiber Optic,24,No,Yes,No,No,No,No,No,Yes,Month-to-Month,Yes,Bank Withdrawal,81.55,5029.05,0.0,0,1332.45,4,2,79.82619047619048,4980
Female,72,Yes,No,0,0,66,Offer A,Yes,36.48,Yes,Yes,DSL,5,Yes,Yes,No,Yes,No,No,No,Yes,One Year,Yes,Credit Card,63.85,4174.35,0.0,0,2407.68,3,4,63.247727272727275,4657
Male,41,No,No,0,0,8,Offer E,Yes,30.8,No,Yes,DSL,27,No,Yes,No,Yes,Yes,No,No,Yes,Month-to-Month,Yes,Bank Withdrawal,66.65,520.95,0.0,0,246.4,4,4,65.11875,3804
Female,39,No,No,0,0,72,Offer A,Yes,6.75,Yes,No,No Internet,0,No,No,No,No,No,No,No,No,Two Year,No,Credit Card,25.45,1866.45,0.0,0,486.0,4,0,25.922916666666666,4118
Female,44,No,Yes,0,1,72,No Offer,Yes,47.24,No,No,No Internet,0,No,No,No,No,No,No,No,No,Two Year,No,Bank Withdrawal,20.05,1423.65,0.0,0,3401.28,3,0,19.772916666666667,4747
Female,70,Yes,Yes,0,3,60,No Offer,No,0.0,No,Yes,DSL,22,No,Yes,No,No,Yes,Yes,No,No,Two Year,Yes,Credit Card,49.45,2907.55,0.0,40,0.0,3,3,48.45916666666667,4277
Male,50,No,No,0,0,68,No Offer,Yes,18.53,No,Yes,Fiber Optic,21,No,Yes,Yes,No,No,No,No,No,One Year,No,Credit Card,79.6,5461.45,3.26,10,1260.04,4,2,80.31544117647059,5210
Female,74,Yes,No,0,0,63,Offer B,Yes,41.8,Yes,Yes,Fiber Optic,16,No,No,Yes,No,No,Yes,Yes,Yes,Two Year,Yes,Bank Withdrawal,89.6,5538.8,0.0,0,2633.4,4,4,87.91746031746032,4438
Female,76,Yes,Yes,3,8,65,Offer B,Yes,1.58,Yes,Yes,Fiber Optic,27,No,No,Yes,Yes,Yes,Yes,No,Yes,One Year,Yes,Bank Withdrawal,103.9,6767.1,0.0,0,102.7,3,5,104.10923076923078,5669
Male,27,No,No,0,0,39,No Offer,No,0.0,No,Yes,Cable,48,Yes,Yes,No,Yes,Yes,No,No,Yes,Month-to-Month,Yes,Credit Card,48.95,1880.85,0.0,0,0.0,1,5,48.22692307692307,3080
Male,54,No,Yes,0,1,40,Offer B,Yes,22.56,Yes,Yes,Cable,4,No,Yes,No,No,Yes,Yes,Yes,Yes,Month-to-Month,Yes,Bank Withdrawal,101.3,4113.1,0.0,0,902.4,1,5,102.82750000000001,2576
Male,39,No,Yes,0,1,44,No Offer,Yes,17.61,No,Yes,DSL,24,Yes,Yes,No,Yes,No,No,No,Yes,One Year,Yes,Bank Withdrawal,59.85,2603.95,0.0,0,774.84,3,4,59.18068181818182,5981
Male,39,No,Yes,0,5,72,No Offer,Yes,42.55,Yes,Yes,DSL,18,Yes,Yes,Yes,Yes,No,No,No,Yes,Two Year,No,Credit Card,72.1,5016.65,0.0,0,3063.6,3,5,69.67569444444445,4658
Male,62,No,Yes,3,1,2,No Offer,Yes,5.67,Yes,Yes,DSL,53,Yes,No,No,No,No,No,No,Yes,Month-to-Month,No,Credit Card,56.7,113.55,0.0,0,11.34,1,2,56.775,5560
Male,27,No,Yes,0,2,31,No Offer,Yes,36.69,No,Yes,Fiber Optic,52,No,No,Yes,No,Yes,Yes,Yes,Yes,One Year,Yes,Bank Withdrawal,93.8,2939.8,0.0,0,1137.39,4,5,94.83225806451614,2510
Female,73,Yes,No,0,0,71,Offer A,Yes,34.36,Yes,Yes,Fiber Optic,13,No,Yes,No,No,Yes,Yes,No,Yes,Two Year,Yes,Credit Card,99.65,6951.15,3.33,0,2439.56,4,4,97.90352112676055,4241
Male,36,No,Yes,0,7,72,Offer A,No,0.0,No,Yes,Cable,17,Yes,Yes,Yes,No,No,No,No,Yes,Two Year,No,Bank Withdrawal,42.1,2962.0,0.0,0,0.0,4,4,41.138888888888886,6091
Male,46,No,No,0,0,9,No Offer,Yes,10.69,Yes,Yes,Cable,10,No,No,No,No,No,Yes,Yes,No,Month-to-Month,No,Credit Card,59.9,542.4,38.33,10,96.21,5,2,60.266666666666666,5414
Female,55,No,Yes,0,1,5,Offer E,Yes,17.08,No,Yes,Fiber Optic,10,No,No,No,No,No,No,No,Yes,Month-to-Month,No,Bank Withdrawal,69.95,330.15,0.0,0,85.4,2,1,66.03,2969
Male,49,No,Yes,0,10,26,No Offer,Yes,45.28,No,No,No Internet,0,No,No,No,No,No,No,No,No,One Year,Yes,Bank Withdrawal,20.05,505.9,0.0,0,1177.28,5,0,19.457692307692305,2403
Female,55,No,Yes,0,3,69,Offer A,Yes,38.52,Yes,Yes,Fiber Optic,27,Yes,Yes,Yes,Yes,Yes,Yes,Yes,Yes,Two Year,Yes,Bank Withdrawal,116.0,8182.85,0.0,0,2657.88,3,8,118.59202898550726,4216
Female,72,Yes,No,0,0,25,No Offer,Yes,36.36,Yes,Yes,Fiber Optic,6,No,Yes,No,No,No,Yes,No,Yes,Month-to-Month,Yes,Bank Withdrawal,89.7,2187.55,23.33,0,909.0,3,3,87.50200000000001,4078
Male,44,No,No,0,0,66,No Offer,Yes,30.96,No,Yes,Fiber Optic,11,Yes,No,Yes,Yes,Yes,Yes,Yes,Yes,Two Year,Yes,Bank Withdrawal,105.65,6844.5,0.0,0,2043.36,4,7,103.70454545454545,5097
Female,51,No,No,0,0,4,Offer E,Yes,10.64,No,Yes,DSL,23,No,Yes,No,No,Yes,Yes,Yes,Yes,Month-to-Month,Yes,Bank Withdrawal,68.65,261.25,0.0,0,42.56,3,5,65.3125,5274
Male,56,No,Yes,0,1,46,No Offer,Yes,18.45,Yes,No,No Internet,0,No,No,No,No,No,No,No,No,One Year,No,Bank Withdrawal,24.9,1174.8,0.0,0,848.7,5,0,25.539130434782606,2026
Male,32,No,Yes,3,10,67,No Offer,Yes,11.31,Yes,Yes,Fiber Optic,57,Yes,No,No,Yes,Yes,Yes,Yes,Yes,Two Year,No,Bank Withdrawal,104.6,6885.75,0.0,0,757.77,3,6,102.7723880597015,4743
Female,27,No,No,0,0,18,No Offer,No,0.0,No,Yes,DSL,85,No,No,No,No,No,Yes,Yes,No,Month-to-Month,Yes,Bank Withdrawal,35.0,553.0,0.0,70,0.0,2,2,30.72222222222222,2649
Male,68,Yes,No,0,0,67,No Offer,Yes,44.56,Yes,Yes,Fiber Optic,29,Yes,Yes,Yes,Yes,Yes,Yes,No,No,Two Year,Yes,Credit Card,116.1,7839.85,0.0,40,2985.52,3,6,117.01268656716418,5896
Male,34,No,Yes,0,9,70,Offer A,Yes,8.28,Yes,Yes,DSL,5,Yes,No,Yes,Yes,No,Yes,Yes,Yes,Two Year,Yes,Credit Card,74.8,5315.8,0.0,0,579.6,3,6,75.94,6447
Female,57,No,Yes,0,7,72,Offer A,Yes,2.56,Yes,Yes,Fiber Optic,24,No,No,Yes,No,Yes,Yes,Yes,Yes,Two Year,Yes,Bank Withdrawal,97.85,6841.3,0.0,0,184.32,4,5,95.01805555555556,4508
Female,38,No,Yes,2,1,1,Offer E,Yes,16.44,No,No,No Internet,0,No,No,No,No,No,No,No,No,Month-to-Month,No,Bank Withdrawal,19.45,19.45,0.0,0,16.44,3,0,19.45,5612
Female,37,No,No,2,0,3,No Offer,Yes,11.27,No,No,No Internet,0,No,No,No,No,No,No,No,No,One Year,Yes,Credit Card,20.55,57.4,0.0,0,33.81,3,0,19.133333333333333,2774
Male,61,No,No,0,0,6,No Offer,Yes,11.97,No,Yes,Fiber Optic,27,No,Yes,No,No,Yes,No,No,Yes,Month-to-Month,Yes,Bank Withdrawal,85.35,489.45,0.0,0,71.82,3,3,81.575,4694
Male,64,No,No,0,0,18,No Offer,Yes,26.26,No,No,No Internet,0,No,No,No,No,No,No,No,No,Two Year,No,Credit Card,20.05,388.6,0.0,0,472.68,3,0,21.58888888888889,2782
Male,19,No,Yes,3,1,1,No Offer,Yes,36.32,No,Yes,Fiber Optic,85,No,No,No,No,No,Yes,Yes,Yes,Month-to-Month,Yes,Bank Withdrawal,81.05,81.05,0.0,0,36.32,5,3,81.05,4396
Male,40,No,No,0,0,68,Offer A,Yes,20.29,Yes,Yes,DSL,29,Yes,Yes,Yes,No,No,Yes,Yes,Yes,One Year,No,Credit Card,76.75,5233.25,0.0,0,1379.72,4,6,76.9595588235294,5395
Male,56,No,No,0,0,43,Offer B,Yes,39.37,Yes,Yes,Fiber Optic,23,No,No,No,Yes,Yes,Yes,Yes,No,One Year,Yes,Bank Withdrawal,100.0,4211.55,0.0,140,1692.91,1,4,97.94302325581396,4760
Female,47,No,Yes,2,1,5,No Offer,Yes,1.38,No,Yes,Fiber Optic,16,No,No,No,No,No,No,No,Yes,Month-to-Month,No,Credit Card,69.95,320.4,0.0,0,6.9,3,1,64.08,3850
Male,24,No,No,0,0,26,No Offer,Yes,49.61,No,Yes,DSL,76,Yes,No,No,Yes,Yes,Yes,Yes,Yes,One Year,No,Bank Withdrawal,75.0,1908.35,0.0,0,1289.86,3,6,73.39807692307691,4705
Male,72,Yes,No,1,0,11,No Offer,Yes,11.86,No,Yes,Cable,23,No,Yes,No,Yes,No,No,No,Yes,Two Year,Yes,Bank Withdrawal,54.55,601.25,0.0,0,130.46,4,3,54.65909090909091,4143
Male,59,No,Yes,0,0,67,No Offer,Yes,47.46,No,Yes,DSL,20,Yes,Yes,No,Yes,No,Yes,Yes,Yes,Two Year,Yes,Credit Card,69.2,4671.65,0.0,0,3179.82,3,6,69.72611940298506,4323
Female,64,No,Yes,0,1,40,Offer B,Yes,2.03,Yes,Yes,Fiber Optic,19,No,No,Yes,Yes,No,No,No,Yes,Month-to-Month,Yes,Bank Withdrawal,84.85,3303.05,0.0,0,81.2,2,3,82.57625,5764
Male,45,No,No,0,0,16,No Offer,No,0.0,No,Yes,DSL,27,Yes,Yes,Yes,Yes,Yes,No,No,Yes,Two Year,No,Credit Card,54.85,916.15,0.0,0,0.0,4,6,57.259375,2136
Male,49,No,Yes,0,9,7,No Offer,Yes,35.42,No,Yes,Fiber Optic,3,No,No,No,No,No,No,No,Yes,Month-to-Month,Yes,Bank Withdrawal,69.95,529.5,0.0,0,247.94,2,1,75.64285714285714,3296
Male,79,Yes,Yes,0,4,52,No Offer,Yes,29.15,Yes,Yes,Fiber Optic,9,No,Yes,Yes,No,Yes,Yes,Yes,Yes,One Year,Yes,Bank Withdrawal,105.1,5376.4,0.0,0,1515.8,4,6,103.39230769230768,4621
Female,25,No,Yes,3,9,62,No Offer,Yes,36.54,Yes,Yes,DSL,41,No,No,No,No,Yes,Yes,Yes,Yes,Month-to-Month,Yes,Credit Card,70.45,4300.45,0.0,0,2265.48,5,4,69.36209677419355,5057
Female,76,Yes,No,0,0,44,No Offer,Yes,7.72,No,Yes,DSL,17,No,No,Yes,Yes,Yes,Yes,Yes,Yes,One Year,No,Bank Withdrawal,74.85,3268.05,17.91,0,339.68,5,6,74.27386363636364,3253
Male,63,No,No,0,0,17,No Offer,No,0.0,No,Yes,Cable,11,No,No,No,No,No,No,No,Yes,Month-to-Month,Yes,Mailed Check,25.65,440.2,0.0,0,0.0,3,1,25.894117647058824,3090
Male,63,No,No,1,0,66,No Offer,Yes,37.94,No,No,No Internet,0,No,No,No,No,No,No,No,No,Two Year,No,Credit Card,19.95,1269.1,0.0,0,2504.04,4,0,19.228787878787877,6382
Male,76,Yes,Yes,0,9,8,Offer E,Yes,22.4,No,Yes,DSL,23,Yes,No,No,No,Yes,No,No,Yes,One Year,No,Bank Withdrawal,60.9,551.95,16.58,0,179.2,3,3,68.99375,2136
Male,28,No,No,0,0,13,Offer D,Yes,33.95,No,Yes,DSL,59,No,No,No,Yes,No,No,Yes,Yes,Month-to-Month,Yes,Credit Card,50.55,610.75,0.0,0,441.35,5,3,46.98076923076923,5530
Female,65,Yes,No,0,0,1,Offer E,Yes,28.82,No,Yes,Fiber Optic,22,No,Yes,No,No,No,Yes,Yes,Yes,Month-to-Month,Yes,Bank Withdrawal,86.0,86.0,0.0,0,28.82,1,4,86.0,5359
Male,55,No,No,0,0,72,No Offer,Yes,45.41,Yes,Yes,Cable,20,Yes,Yes,Yes,Yes,Yes,Yes,Yes,Yes,Two Year,No,Bank Withdrawal,92.0,6632.75,0.0,0,3269.52,3,8,92.12152777777777,4200
Female,33,No,No,0,0,52,Offer B,Yes,38.93,No,Yes,DSL,8,Yes,No,No,No,No,No,No,Yes,Month-to-Month,Yes,Bank Withdrawal,49.75,2535.55,0.0,0,2024.36,3,2,48.760576923076925,6334
Female,66,Yes,Yes,0,1,16,Offer D,Yes,9.93,Yes,Yes,Fiber Optic,27,No,No,No,No,No,Yes,No,Yes,Month-to-Month,Yes,Credit Card,85.35,1375.15,0.0,0,158.88,2,2,85.946875,5769
Male,46,No,No,0,0,4,Offer E,Yes,33.93,No,Yes,Cable,20,No,No,No,No,No,No,No,Yes,Month-to-Month,Yes,Bank Withdrawal,45.9,199.75,0.0,0,135.72,3,1,49.9375,3200
Female,28,No,Yes,2,5,20,No Offer,Yes,38.71,Yes,Yes,Fiber Optic,48,No,No,Yes,Yes,No,Yes,Yes,Yes,Month-to-Month,Yes,Bank Withdrawal,95.5,1916.2,0.0,0,774.2,3,5,95.81,3186
Female,64,No,No,0,0,23,No Offer,Yes,3.55,Yes,Yes,Fiber Optic,4,Yes,No,No,No,Yes,No,No,Yes,Month-to-Month,Yes,Bank Withdrawal,90.05,2169.8,27.38,0,81.65,2,3,94.33913043478262,4650
Female,46,No,Yes,0,1,26,Offer C,Yes,25.63,Yes,Yes,DSL,19,Yes,Yes,Yes,Yes,Yes,Yes,Yes,Yes,One Year,Yes,Credit Card,90.1,2312.55,47.79,0,666.38,3,8,88.94423076923077,2068
Male,38,No,Yes,3,10,55,Offer B,Yes,22.56,Yes,Yes,Fiber Optic,56,No,No,Yes,No,Yes,No,No,Yes,Month-to-Month,Yes,Credit Card,90.4,5099.15,0.0,0,1240.8,5,3,92.71181818181817,4603
Male,60,No,No,0,0,6,No Offer,Yes,26.76,No,Yes,DSL,22,No,No,No,Yes,No,No,No,Yes,Month-to-Month,Yes,Credit Card,49.5,312.7,0.0,0,160.56,5,2,52.11666666666667,5552
Male,42,No,Yes,0,3,27,Offer C,Yes,11.83,Yes,Yes,DSL,14,Yes,No,No,Yes,Yes,Yes,Yes,Yes,One Year,No,Credit Card,80.85,2204.35,0.0,0,319.41,3,6,81.64259259259259,4732
Female,35,No,Yes,0,9,15,No Offer,Yes,46.68,Yes,No,No Internet,0,No,No,No,No,No,No,No,No,Two Year,No,Credit Card,25.2,387.9,0.0,0,700.2,4,0,25.86,4411
Male,49,No,No,0,0,3,No Offer,Yes,16.32,No,No,No Internet,0,No,No,No,No,No,No,No,No,Month-to-Month,Yes,Credit Card,19.1,53.05,0.0,0,48.96,3,0,17.683333333333334,4905
Female,24,No,Yes,0,8,72,Offer A,Yes,16.15,Yes,Yes,Fiber Optic,52,Yes,Yes,No,No,No,No,Yes,Yes,Two Year,Yes,Bank Withdrawal,84.05,6052.25,0.0,0,1162.8,4,4,84.05902777777777,5515
Female,47,No,Yes,3,5,69,No Offer,Yes,38.39,No,No,No Internet,0,No,No,No,No,No,No,No,No,Two Year,No,Bank Withdrawal,19.7,1396.9,0.0,0,2648.91,5,0,20.244927536231884,4131
Male,40,No,Yes,1,2,16,No Offer,Yes,31.99,No,No,No Internet,0,No,No,No,No,No,No,No,No,Month-to-Month,No,Bank Withdrawal,19.75,313.4,0.0,0,511.84,4,0,19.5875,3677
Female,54,No,Yes,1,6,57,Offer B,Yes,18.85,No,Yes,Cable,24,Yes,No,Yes,Yes,No,No,No,Yes,One Year,Yes,Credit Card,59.3,3274.35,0.0,0,1074.45,3,4,57.444736842105264,6287
Male,27,No,No,0,0,60,Offer B,Yes,42.88,Yes,Yes,Fiber Optic,52,No,Yes,No,No,Yes,No,No,Yes,Month-to-Month,Yes,Bank Withdrawal,89.9,5450.7,0.0,0,2572.8,3,3,90.845,6292
Male,40,No,No,0,0,1,No Offer,Yes,9.66,No,No,No Internet,0,No,No,No,No,No,No,No,No,Month-to-Month,No,Mailed Check,19.8,19.8,0.0,0,9.66,3,0,19.8,5600
Female,72,Yes,Yes,0,10,31,Offer C,No,0.0,No,Yes,DSL,21,Yes,Yes,Yes,No,No,Yes,No,Yes,One Year,Yes,Credit Card,50.4,1580.1,0.0,0,0.0,3,5,50.97096774193548,2166
Male,80,Yes,Yes,0,8,58,No Offer,Yes,31.11,Yes,Yes,Fiber Optic,4,No,Yes,No,No,Yes,Yes,No,Yes,Two Year,Yes,Bank Withdrawal,98.9,5780.7,0.0,0,1804.38,3,4,99.66724137931034,4993
Female,45,No,Yes,3,8,10,No Offer,Yes,32.76,No,Yes,Fiber Optic,51,No,No,No,No,Yes,Yes,Yes,Yes,Month-to-Month,Yes,Bank Withdrawal,88.85,929.45,0.0,0,327.6,4,4,92.94500000000001,4531
Male,48,No,Yes,3,1,60,No Offer,Yes,40.36,Yes,Yes,Fiber Optic,76,Yes,No,Yes,Yes,Yes,Yes,Yes,No,Two Year,Yes,Bank Withdrawal,110.6,6586.85,36.38,80,2421.6,3,6,109.78083333333333,5756
Female,43,No,Yes,1,1,3,No Offer,No,0.0,No,Yes,DSL,19,No,No,No,Yes,No,No,No,No,Month-to-Month,Yes,Credit Card,31.0,95.05,0.0,20,0.0,3,1,31.683333333333334,5122
Female,40,No,No,0,0,22,No Offer,Yes,6.0,No,Yes,Fiber Optic,8,Yes,No,No,Yes,No,Yes,Yes,Yes,Month-to-Month,Yes,Bank Withdrawal,89.05,1886.25,0.0,0,132.0,3,5,85.73863636363636,5479
Female,77,Yes,No,0,0,72,Offer A,Yes,14.12,Yes,Yes,Fiber Optic,23,Yes,Yes,No,Yes,Yes,Yes,No,Yes,Two Year,Yes,Bank Withdrawal,110.1,7746.7,44.81,0,1016.64,4,6,107.59305555555555,5232
Male,26,No,Yes,2,9,18,Offer D,No,0.0,No,Yes,DSL,52,No,No,No,No,No,No,No,Yes,Month-to-Month,No,Credit Card,25.55,467.85,0.0,0,0.0,3,1,25.991666666666667,4134
Female,69,Yes,No,0,0,30,No Offer,Yes,45.88,Yes,Yes,Fiber Optic,19,Yes,Yes,Yes,No,No,No,No,Yes,Month-to-Month,No,Credit Card,91.7,2758.15,0.0,0,1376.4,1,4,91.93833333333333,2482
Female,53,No,No,0,0,3,Offer E,Yes,38.99,No,Yes,DSL,20,No,Yes,No,Yes,Yes,Yes,Yes,Yes,Month-to-Month,Yes,Bank Withdrawal,75.3,244.1,0.0,0,116.97,3,6,81.36666666666666,5387
Female,33,No,Yes,1,2,18,Offer D,Yes,39.56,Yes,No,No Internet,0,No,No,No,No,No,No,No,No,Two Year,No,Credit Card,25.1,428.45,14.57,0,712.08,4,0,23.802777777777777,3675
Male,28,No,Yes,0,1,55,Offer B,Yes,8.8,No,Yes,DSL,48,Yes,Yes,No,Yes,No,No,No,No,Two Year,No,Bank Withdrawal,57.55,3046.4,0.0,60,484.0,1,3,55.38909090909091,5463
Female,52,No,No,0,0,2,Offer E,Yes,7.64,No,Yes,Fiber Optic,27,No,No,No,No,No,No,No,Yes,Month-to-Month,No,Bank Withdrawal,69.65,145.15,0.0,0,15.28,2,1,72.575,2323
Female,36,No,Yes,1,6,35,No Offer,No,0.0,No,Yes,DSL,30,No,No,No,Yes,Yes,No,No,Yes,One Year,No,Credit Card,40.9,1383.6,0.0,0,0.0,3,3,39.53142857142857,5691
Female,53,No,No,0,0,1,No Offer,Yes,41.39,No,Yes,Fiber Optic,3,No,No,No,No,No,No,No,Yes,Month-to-Month,No,Bank Withdrawal,70.5,70.5,0.0,0,41.39,2,1,70.5,4123
Male,60,No,No,0,0,24,No Offer,Yes,33.97,No,Yes,DSL,22,Yes,No,No,No,No,No,No,Yes,Month-to-Month,Yes,Bank Withdrawal,51.15,1275.7,0.0,0,815.28,3,2,53.15416666666667,5796
Male,55,No,No,2,0,57,Offer B,Yes,9.36,Yes,Yes,Cable,20,Yes,Yes,Yes,Yes,Yes,Yes,Yes,Yes,Two Year,No,Mailed Check,89.55,5012.35,30.45,0,533.52,4,8,87.93596491228071,4260
Male,23,No,No,0,0,3,Offer E,Yes,48.84,No,Yes,DSL,41,No,No,No,No,No,No,Yes,Yes,Month-to-Month,Yes,Bank Withdrawal,43.3,123.65,0.0,0,146.52,3,2,41.21666666666667,4849
Male,55,No,Yes,0,7,31,No Offer,Yes,29.06,Yes,Yes,DSL,22,Yes,Yes,No,Yes,No,Yes,Yes,Yes,One Year,Yes,Bank Withdrawal,75.25,2344.5,1.99,0,900.86,3,6,75.62903225806451,4258
Male,56,No,Yes,2,4,72,No Offer,Yes,27.88,Yes,Yes,Fiber Optic,30,Yes,Yes,Yes,No,Yes,Yes,Yes,No,Two Year,Yes,Credit Card,108.4,7767.25,0.0,30,2007.36,4,6,107.87847222222223,4419
Male,53,No,Yes,3,4,72,Offer A,Yes,36.82,Yes,No,No Internet,0,No,No,No,No,No,No,No,No,Two Year,No,Credit Card,25.55,1867.7,0.0,0,2651.04,4,0,25.94027777777778,6425
Male,55,No,Yes,0,1,49,Offer B,Yes,39.6,Yes,Yes,Fiber Optic,20,No,No,No,No,Yes,No,No,Yes,Month-to-Month,No,Bank Withdrawal,84.5,4254.85,0.0,0,1940.4,3,2,86.83367346938776,4639
Male,27,No,No,0,0,3,No Offer,Yes,34.49,Yes,Yes,Fiber Optic,52,No,No,No,No,No,No,Yes,Yes,Month-to-Month,No,Credit Card,75.0,209.1,0.0,0,103.47,1,2,69.7,3190
Male,35,No,No,0,0,10,Offer D,Yes,3.01,Yes,No,No Internet,0,No,No,No,No,No,No,No,No,Month-to-Month,Yes,Bank Withdrawal,24.0,226.55,0.0,0,30.1,5,0,22.655,5299
Female,64,No,No,0,0,12,No Offer,Yes,34.92,No,Yes,Cable,23,Yes,No,No,Yes,Yes,Yes,Yes,Yes,Month-to-Month,Yes,Bank Withdrawal,98.9,1120.95,0.0,0,419.04,1,6,93.41250000000001,5559
Female,72,Yes,Yes,0,10,48,No Offer,Yes,12.6,No,Yes,Fiber Optic,21,No,No,No,No,No,No,No,Yes,One Year,Yes,Bank Withdrawal,70.65,3545.05,0.0,0,604.8,3,1,73.85520833333334,5523
Male,27,No,Yes,0,1,52,No Offer,Yes,8.94,Yes,Yes,Fiber Optic,85,No,Yes,No,Yes,No,Yes,Yes,Yes,Month-to-Month,Yes,Credit Card,95.65,5088.4,11.8,0,464.88,3,5,97.85384615384615,4465
Female,40,No,Yes,2,9,51,Offer B,Yes,29.56,Yes,Yes,Fiber Optic,27,No,No,No,Yes,No,No,No,Yes,Month-to-Month,Yes,Bank Withdrawal,80.75,4116.9,0.0,0,1507.56,4,2,80.7235294117647,6032
Male,75,Yes,No,0,0,52,Offer B,Yes,42.19,Yes,Yes,Fiber Optic,11,No,No,No,No,No,No,No,Yes,Two Year,Yes,Bank Withdrawal,72.95,3829.75,0.0,0,2193.88,3,1,73.64903846153847,4368
Female,26,No,Yes,3,9,72,No Offer,Yes,11.85,Yes,Yes,Fiber Optic,59,Yes,Yes,No,No,Yes,No,No,Yes,Two Year,Yes,Bank Withdrawal,95.9,6954.15,0.0,0,853.2,3,4,96.58541666666666,4213
Female,56,No,Yes,3,1,48,Offer B,Yes,4.45,No,Yes,DSL,57,Yes,Yes,Yes,No,No,Yes,Yes,No,Two Year,Yes,Credit Card,70.1,3238.4,0.0,30,213.6,4,5,67.46666666666667,5476
Female,44,No,Yes,0,2,57,No Offer,No,0.0,No,Yes,DSL,14,Yes,No,Yes,Yes,No,Yes,Yes,Yes,Month-to-Month,Yes,Bank Withdrawal,49.9,2782.4,0.0,0,0.0,3,6,48.8140350877193,5866
Female,80,Yes,No,0,0,1,Offer E,Yes,15.24,No,Yes,DSL,14,No,No,No,No,No,No,No,Yes,Month-to-Month,No,Credit Card,45.1,45.1,0.0,0,15.24,1,1,45.1,2740
Female,52,No,Yes,0,8,70,No Offer,Yes,29.38,Yes,Yes,DSL,23,Yes,Yes,No,No,Yes,No,No,No,Two Year,Yes,Credit Card,69.2,4872.35,0.0,80,2056.6,3,3,69.605,4715
Male,47,No,No,0,0,7,No Offer,Yes,13.86,No,No,No Internet,0,No,No,No,No,No,No,No,No,Month-to-Month,Yes,Credit Card,19.95,147.5,0.0,0,97.02,3,0,21.071428571428573,3331
Female,63,No,No,0,0,41,No Offer,Yes,10.43,Yes,Yes,Fiber Optic,22,No,Yes,Yes,No,Yes,Yes,Yes,No,Month-to-Month,Yes,Bank Withdrawal,106.3,4443.45,0.0,130,427.63,2,5,108.37682926829268,5383
Female,27,No,Yes,0,3,68,Offer A,Yes,3.41,Yes,Yes,Fiber Optic,26,No,Yes,Yes,Yes,No,No,No,Yes,Two Year,No,Credit Card,90.2,6297.65,0.0,0,231.88,4,4,92.6125,4095
Female,52,No,Yes,2,1,70,Offer A,No,0.0,No,Yes,Cable,19,No,Yes,Yes,Yes,Yes,Yes,Yes,Yes,One Year,Yes,Bank Withdrawal,58.4,4113.15,32.53,0,0.0,5,7,58.75928571428571,4117
Male,42,No,No,0,0,12,No Offer,Yes,7.97,No,Yes,Cable,10,Yes,No,No,Yes,No,No,No,Yes,Month-to-Month,No,Credit Card,56.65,654.85,0.0,0,95.64,1,3,54.57083333333333,3043
Male,60,No,Yes,0,1,67,No Offer,Yes,45.25,No,Yes,DSL,18,Yes,Yes,Yes,No,Yes,Yes,Yes,Yes,Two Year,No,Credit Card,81.35,5398.6,0.0,0,3031.75,3,7,80.57611940298509,4219
Female,57,No,No,0,0,1,Offer E,Yes,33.02,No,No,No Internet,0,No,No,No,No,No,No,No,No,Month-to-Month,Yes,Credit Card,19.5,19.5,0.0,0,33.02,4,0,19.5,5279
Male,60,No,No,2,0,21,Offer D,Yes,19.57,No,Yes,DSL,29,No,No,No,No,No,No,No,Yes,Month-to-Month,No,Credit Card,45.65,985.05,0.0,0,410.97,4,1,46.90714285714286,5731
Male,40,No,Yes,0,2,4,No Offer,Yes,28.47,No,Yes,Fiber Optic,5,No,No,No,No,No,No,No,No,Month-to-Month,No,Bank Withdrawal,70.5,294.2,0.0,10,113.88,5,0,73.55,2896
Male,77,Yes,No,0,0,55,Offer B,No,0.0,No,Yes,DSL,30,Yes,Yes,No,No,Yes,No,No,Yes,Month-to-Month,Yes,Bank Withdrawal,44.85,2479.05,0.0,0,0.0,3,4,45.07363636363637,5829
Male,37,No,No,1,0,1,Offer E,Yes,8.66,No,No,No Internet,0,No,No,No,No,No,No,No,No,Month-to-Month,Yes,Credit Card,19.3,19.3,0.0,0,8.66,3,0,19.3,4136
Male,19,No,No,0,0,27,No Offer,Yes,36.39,No,Yes,DSL,26,Yes,No,Yes,Yes,Yes,No,Yes,Yes,One Year,No,Credit Card,69.35,1927.3,0.0,0,982.53,3,6,71.38148148148149,2450
Male,46,No,No,0,0,1,No Offer,Yes,5.02,No,No,No Internet,0,No,No,No,No,No,No,No,No,Month-to-Month,No,Credit Card,19.05,19.05,0.0,0,5.02,4,0,19.05,5279
Male,43,No,Yes,0,1,29,No Offer,Yes,40.49,No,Yes,Fiber Optic,15,Yes,No,No,No,Yes,Yes,Yes,Yes,Month-to-Month,No,Credit Card,94.65,2649.15,0.0,0,1174.21,1,5,91.35000000000001,5150
Male,31,No,Yes,8,2,54,Offer B,Yes,46.7,No,Yes,Fiber Optic,75,No,Yes,No,Yes,No,No,No,Yes,Two Year,Yes,Bank Withdrawal,79.95,4362.05,0.0,0,2521.8,3,3,80.77870370370371,4387
Female,22,No,No,0,0,13,No Offer,Yes,44.99,No,Yes,Fiber Optic,27,No,No,No,No,No,Yes,Yes,Yes,Month-to-Month,Yes,Bank Withdrawal,80.5,1011.8,24.99,0,584.87,4,3,77.83076923076922,3895
Female,60,No,Yes,0,0,52,Offer B,Yes,29.23,Yes,Yes,Fiber Optic,30,No,Yes,Yes,No,Yes,No,No,Yes,Month-to-Month,No,Bank Withdrawal,94.6,5025.8,0.0,0,1519.96,3,4,96.65,6212
Male,68,Yes,No,0,0,57,No Offer,Yes,32.12,Yes,Yes,Fiber Optic,15,No,Yes,No,Yes,Yes,Yes,No,No,Two Year,Yes,Bank Withdrawal,104.9,5913.95,1.69,90,1830.84,5,4,103.75350877192982,5838
Female,55,No,No,0,0,3,Offer E,Yes,47.62,No,Yes,Cable,29,No,Yes,No,No,Yes,Yes,Yes,Yes,Month-to-Month,Yes,Bank Withdrawal,95.1,307.4,0.0,0,142.86,1,5,102.46666666666665,5861
Female,59,No,No,0,0,1,No Offer,Yes,7.8,No,No,No Internet,0,No,No,No,No,No,No,No,No,Month-to-Month,No,Bank Withdrawal,18.85,18.85,0.0,0,7.8,4,0,18.85,5084
Male,48,No,Yes,2,4,63,Offer B,Yes,10.67,No,No,No Internet,0,No,No,No,No,No,No,No,No,Two Year,No,Mailed Check,19.55,1245.6,0.0,0,672.21,5,0,19.77142857142857,6002
Female,42,No,No,0,0,65,Offer B,Yes,33.71,Yes,No,No Internet,0,No,No,No,No,No,No,No,No,Two Year,No,Bank Withdrawal,26.5,1698.55,0.0,0,2191.15,3,0,26.13153846153846,4404
Male,52,No,Yes,0,9,72,No Offer,No,0.0,No,Yes,DSL,18,Yes,Yes,Yes,Yes,Yes,Yes,Yes,Yes,Two Year,Yes,Credit Card,64.8,4719.75,0.0,0,0.0,3,8,65.55208333333333,4036
Female,38,No,Yes,1,2,7,Offer E,Yes,35.26,No,No,No Internet,0,No,No,No,No,No,No,No,No,Two Year,No,Credit Card,19.85,144.15,0.0,0,246.82,3,0,20.592857142857145,3973
Male,36,No,Yes,0,2,24,No Offer,Yes,10.23,No,Yes,Fiber Optic,8,Yes,No,No,Yes,No,Yes,Yes,Yes,Month-to-Month,Yes,Bank Withdrawal,89.25,2210.2,0.0,0,245.52,3,5,92.09166666666665,5436
Male,80,Yes,Yes,0,2,7,No Offer,Yes,21.37,Yes,Yes,Fiber Optic,21,No,No,No,No,No,No,No,Yes,Month-to-Month,Yes,Bank Withdrawal,75.4,533.05,0.0,0,149.59,4,1,76.14999999999999,3533
Male,29,No,No,0,0,13,Offer D,Yes,44.43,Yes,Yes,Fiber Optic,41,No,No,No,Yes,Yes,Yes,Yes,No,Month-to-Month,No,Bank Withdrawal,100.75,1313.25,0.0,120,577.59,3,4,101.01923076923077,5985
Male,45,No,Yes,3,1,18,No Offer,Yes,28.04,No,Yes,Fiber Optic,28,No,No,No,Yes,No,Yes,Yes,Yes,Month-to-Month,Yes,Bank Withdrawal,85.6,1601.5,0.0,0,504.72,4,4,88.97222222222223,5968
Female,57,No,No,0,0,1,No Offer,Yes,22.48,No,Yes,Fiber Optic,5,No,No,No,No,Yes,No,No,Yes,Month-to-Month,Yes,Bank Withdrawal,79.65,79.65,0.0,0,22.48,3,2,79.65,2119
Male,50,No,No,0,0,24,Offer C,Yes,23.71,No,Yes,DSL,4,Yes,Yes,No,Yes,No,No,No,Yes,Month-to-Month,No,Bank Withdrawal,60.45,1440.75,0.0,0,569.04,5,4,60.03125,5095
Male,42,No,Yes,3,3,54,No Offer,Yes,19.7,No,No,No Internet,0,No,No,No,No,No,No,No,No,Two Year,No,Credit Card,20.4,1090.6,0.0,0,1063.8,4,0,20.196296296296296,6393
Female,30,No,Yes,0,2,71,No Offer,Yes,22.33,Yes,Yes,Cable,71,Yes,Yes,Yes,Yes,Yes,Yes,Yes,Yes,Two Year,No,Bank Withdrawal,90.1,6310.9,0.0,0,1585.43,3,8,88.88591549295774,5054
Female,19,No,Yes,0,1,71,Offer A,Yes,24.72,Yes,No,No Internet,0,No,No,No,No,No,No,No,No,Two Year,Yes,Credit Card,24.4,1725.4,0.0,0,1755.12,5,0,24.301408450704226,4412
Female,49,No,No,0,0,20,No Offer,Yes,15.87,No,No,No Internet,0,No,No,No,No,No,No,No,No,Two Year,No,Credit Card,19.7,406.95,0.0,0,317.4,5,0,20.3475,4404
Female,65,Yes,No,0,0,72,Offer A,Yes,26.87,Yes,Yes,Fiber Optic,20,No,Yes,Yes,Yes,Yes,Yes,Yes,Yes,Two Year,Yes,Bank Withdrawal,108.1,7774.05,0.0,0,1934.64,5,7,107.97291666666666,4474
Female,75,Yes,No,0,0,6,No Offer,No,0.0,No,Yes,DSL,24,No,No,No,No,Yes,Yes,Yes,Yes,Month-to-Month,Yes,Bank Withdrawal,44.4,263.05,0.0,0,0.0,5,4,43.84166666666667,4611
Male,43,No,No,0,0,16,No Offer,Yes,27.43,No,Yes,Fiber Optic,27,No,No,No,No,No,No,No,Yes,Month-to-Month,Yes,Credit Card,69.95,1205.5,0.0,0,438.88,5,1,75.34375,5596
Male,61,No,Yes,0,1,11,Offer D,Yes,13.33,No,Yes,Fiber Optic,19,No,No,No,No,Yes,No,No,No,Month-to-Month,Yes,Bank Withdrawal,79.5,868.5,0.0,50,146.63,1,1,78.95454545454545,3469
Male,25,No,Yes,0,5,23,No Offer,Yes,3.67,No,Yes,DSL,69,Yes,No,No,No,No,Yes,Yes,No,Month-to-Month,Yes,Bank Withdrawal,59.95,1406.0,26.55,140,84.41,4,3,61.130434782608695,5379
Male,35,No,No,0,0,62,No Offer,Yes,24.35,Yes,Yes,Fiber Optic,16,Yes,Yes,No,No,No,Yes,Yes,Yes,One Year,Yes,Bank Withdrawal,92.3,5731.45,0.0,0,1509.7,4,5,92.44274193548387,6468
Male,26,No,Yes,0,6,62,No Offer,Yes,32.28,Yes,No,No Internet,0,No,No,No,No,No,No,No,No,One Year,Yes,Credit Card,23.75,1446.8,0.0,0,2001.36,4,0,23.335483870967742,4811
Male,32,No,Yes,0,8,1,No Offer,Yes,44.69,No,No,No Internet,0,No,No,No,No,No,No,No,No,One Year,Yes,Bank Withdrawal,20.2,20.2,0.0,0,44.69,5,0,20.2,4160
Male,21,No,Yes,1,6,45,Offer B,Yes,17.23,No,No,No Internet,0,No,No,No,No,No,No,No,No,Two Year,No,Bank Withdrawal,19.2,903.7,0.0,0,775.35,3,0,20.082222222222224,3451
Female,73,Yes,Yes,0,2,69,No Offer,Yes,19.39,Yes,Yes,Fiber Optic,13,No,Yes,No,Yes,Yes,Yes,Yes,Yes,Two Year,No,Credit Card,105.4,6998.95,0.0,0,1337.91,4,6,101.4340579710145,5467
Male,33,No,Yes,4,9,66,Offer A,No,0.0,No,Yes,Cable,23,No,No,No,Yes,Yes,Yes,Yes,No,Two Year,No,Bank Withdrawal,50.55,3364.55,0.0,110,0.0,4,4,50.97803030303031,4652
Female,40,No,Yes,0,0,71,No Offer,Yes,38.22,No,Yes,DSL,23,Yes,No,Yes,Yes,Yes,Yes,Yes,Yes,Two Year,Yes,Credit Card,82.0,5999.85,0.0,0,2713.62,3,7,84.5049295774648,5770
Male,35,No,No,0,0,41,Offer B,Yes,37.55,Yes,Yes,DSL,30,No,No,Yes,No,No,Yes,Yes,No,One Year,No,Mailed Check,65.0,2531.8,0.0,140,1539.55,4,3,61.75121951219513,5043
Male,68,Yes,Yes,0,3,35,Offer C,Yes,20.44,Yes,Yes,Fiber Optic,18,Yes,Yes,No,No,No,Yes,No,Yes,One Year,Yes,Bank Withdrawal,94.55,3365.4,0.0,0,715.4,3,4,96.15428571428572,2631
Male,20,No,No,1,0,13,Offer D,Yes,26.63,No,Yes,DSL,27,No,No,No,No,No,No,Yes,Yes,Month-to-Month,No,Credit Card,44.0,659.35,0.0,0,346.19,3,2,50.71923076923077,5611
Female,23,No,No,0,0,42,Offer B,Yes,29.44,Yes,Yes,Cable,41,Yes,Yes,No,No,No,No,Yes,Yes,One Year,Yes,Bank Withdrawal,60.15,2421.6,0.0,0,1236.48,3,4,57.65714285714286,5988
Female,60,No,Yes,0,8,72,Offer A,Yes,26.98,Yes,No,No Internet,0,No,No,No,No,No,No,No,No,Two Year,Yes,Credit Card,26.0,1776.0,0.0,0,1942.56,4,0,24.666666666666668,5374
Female,21,No,No,0,0,16,No Offer,Yes,14.26,No,Yes,DSL,53,Yes,No,No,No,No,No,No,Yes,Month-to-Month,Yes,Bank Withdrawal,50.15,762.25,0.0,0,228.16,2,2,47.640625,4254
Female,48,No,No,0,0,24,No Offer,Yes,38.79,Yes,Yes,Fiber Optic,4,No,Yes,Yes,No,Yes,Yes,Yes,No,Month-to-Month,Yes,Bank Withdrawal,104.15,2494.65,0.0,40,930.96,5,5,103.94375000000001,5813
Male,53,No,Yes,1,2,64,No Offer,Yes,30.82,Yes,Yes,Fiber Optic,11,Yes,No,Yes,No,No,Yes,Yes,Yes,Two Year,No,Bank Withdrawal,93.4,5822.3,0.0,0,1972.48,3,5,90.9734375,6249
Male,24,No,Yes,0,8,4,No Offer,Yes,48.64,Yes,Yes,Fiber Optic,30,No,No,No,No,No,No,No,Yes,Month-to-Month,Yes,Bank Withdrawal,74.65,301.4,0.0,0,194.56,1,1,75.35,4013
Female,60,No,Yes,0,7,72,No Offer,Yes,23.66,Yes,Yes,Fiber Optic,26,Yes,Yes,No,Yes,Yes,No,No,Yes,Two Year,No,Bank Withdrawal,99.9,7251.7,0.0,0,1703.52,4,5,100.71805555555555,5915
Female,51,No,Yes,0,1,35,Offer C,Yes,24.53,No,Yes,DSL,30,Yes,No,No,No,Yes,No,No,Yes,One Year,Yes,Bank Withdrawal,62.15,2215.45,0.0,0,858.55,4,3,63.29857142857142,5255
Male,64,No,Yes,2,1,1,No Offer,Yes,37.68,No,Yes,Fiber Optic,26,No,No,No,No,No,No,No,Yes,Month-to-Month,Yes,Credit Card,70.65,70.65,0.0,0,37.68,1,1,70.65,3463
Male,40,No,Yes,3,1,59,Offer B,Yes,46.1,Yes,Yes,Fiber Optic,57,Yes,Yes,No,Yes,Yes,Yes,Yes,Yes,Two Year,Yes,Credit Card,111.1,6555.2,0.0,0,2719.9,4,7,111.10508474576271,4952
Female,46,No,No,0,0,69,Offer A,Yes,13.91,Yes,Yes,Cable,7,Yes,Yes,No,Yes,No,No,No,Yes,Two Year,Yes,Credit Card,66.9,4577.9,0.0,0,959.79,3,4,66.3463768115942,5059
Male,36,No,No,0,0,9,Offer E,Yes,13.72,No,No,No Internet,0,No,No,No,No,No,No,No,No,Month-to-Month,No,Credit Card,20.4,181.8,0.0,0,123.48,5,0,20.200000000000003,5380
Male,39,No,Yes,0,5,65,Offer B,Yes,49.33,Yes,Yes,Fiber Optic,16,Yes,Yes,Yes,No,No,No,No,Yes,One Year,No,Bank Withdrawal,89.75,5769.6,18.72,0,3206.45,1,4,88.76307692307692,6110
Female,55,No,No,2,0,53,No Offer,Yes,14.54,Yes,Yes,Cable,18,No,Yes,Yes,Yes,Yes,Yes,Yes,Yes,One Year,Yes,Bank Withdrawal,84.6,4449.75,0.0,0,770.62,5,7,83.95754716981132,4733
Male,29,No,No,0,0,3,No Offer,No,0.0,No,Yes,DSL,85,Yes,Yes,No,No,No,No,No,Yes,Month-to-Month,Yes,Credit Card,35.45,106.85,0.0,0,0.0,1,3,35.61666666666667,2095
Female,51,No,No,0,0,48,No Offer,Yes,33.91,No,Yes,DSL,13,Yes,No,Yes,Yes,No,No,No,Yes,One Year,Yes,Credit Card,60.35,2896.4,0.0,0,1627.68,1,4,60.34166666666667,2681
Male,33,No,No,0,0,3,Offer E,Yes,49.76,No,Yes,Fiber Optic,3,No,No,No,No,Yes,No,No,No,Month-to-Month,No,Bank Withdrawal,79.25,267.6,0.0,10,149.28,2,1,89.2,4183
Female,30,No,Yes,0,5,23,Offer D,Yes,12.88,No,Yes,DSL,41,Yes,Yes,No,Yes,No,No,No,Yes,One Year,Yes,Credit Card,57.75,1282.85,0.0,0,296.24,3,4,55.77608695652174,3794
Female,27,No,No,0,0,12,No Offer,Yes,35.81,No,No,No Internet,0,No,No,No,No,No,No,No,No,Month-to-Month,No,Bank Withdrawal,19.45,227.45,0.0,0,429.72,4,0,18.954166666666666,4862
Male,26,No,Yes,0,5,4,Offer E,Yes,28.77,Yes,Yes,Fiber Optic,19,No,Yes,Yes,No,No,No,Yes,Yes,Month-to-Month,Yes,Bank Withdrawal,84.8,371.9,0.0,0,115.08,3,4,92.975,4939
Male,21,No,No,0,0,12,No Offer,Yes,18.52,Yes,Yes,DSL,53,No,No,Yes,No,Yes,Yes,Yes,Yes,Month-to-Month,No,Bank Withdrawal,74.75,827.05,0.0,0,222.24,5,5,68.92083333333333,3521
Male,32,No,No,0,0,7,Offer E,Yes,9.25,Yes,Yes,Fiber Optic,29,No,No,Yes,No,Yes,Yes,Yes,Yes,Month-to-Month,Yes,Bank Withdrawal,98.05,713.0,0.0,0,64.75,1,5,101.85714285714286,2561
Male,47,No,Yes,0,1,72,No Offer,Yes,3.07,Yes,Yes,Fiber Optic,23,No,Yes,Yes,No,Yes,Yes,Yes,Yes,Two Year,Yes,Bank Withdrawal,103.4,7372.65,0.0,0,221.04,3,6,102.39791666666666,5055
Female,59,No,No,0,0,50,Offer B,Yes,21.25,Yes,Yes,DSL,2,Yes,No,Yes,Yes,Yes,Yes,Yes,Yes,One Year,Yes,Credit Card,82.5,4179.1,21.35,0,1062.5,4,7,83.58200000000001,5258
Female,41,No,Yes,0,0,52,No Offer,Yes,8.25,No,No,No Internet,0,No,No,No,No,No,No,No,No,One Year,No,Credit Card,19.6,1012.4,46.07,0,429.0,3,0,19.46923076923077,4848
Female,20,No,No,0,0,1,No Offer,Yes,22.82,No,Yes,Cable,27,No,No,No,Yes,No,No,No,Yes,Month-to-Month,Yes,Bank Withdrawal,50.8,50.8,0.0,0,22.82,2,2,50.8,4535
Female,67,Yes,No,0,0,6,Offer E,Yes,2.03,No,No,No Internet,0,No,No,No,No,No,No,No,No,Two Year,No,Bank Withdrawal,19.5,106.8,0.0,0,12.18,3,0,17.8,3288
Female,44,No,No,0,0,2,Offer E,Yes,29.28,No,Yes,Cable,4,No,Yes,No,No,No,No,No,Yes,Month-to-Month,No,Credit Card,49.2,103.7,0.0,0,58.56,5,2,51.85,2342
Male,59,No,Yes,0,6,63,No Offer,Yes,46.99,No,Yes,Cable,13,Yes,Yes,No,Yes,Yes,No,No,Yes,One Year,No,Credit Card,70.8,4448.8,0.0,0,2960.37,3,5,70.61587301587302,5114
Male,70,Yes,Yes,0,1,68,No Offer,Yes,47.17,Yes,Yes,Fiber Optic,29,No,Yes,Yes,No,Yes,Yes,No,Yes,Month-to-Month,Yes,Bank Withdrawal,105.3,7299.65,0.0,0,3207.56,3,5,107.34779411764706,6284
Female,76,Yes,Yes,0,0,38,No Offer,Yes,3.42,No,Yes,Fiber Optic,15,Yes,No,No,No,No,Yes,No,Yes,Two Year,Yes,Bank Withdrawal,83.45,3147.15,24.98,0,129.96,3,3,82.81973684210527,2768
Male,26,No,Yes,2,5,29,Offer C,Yes,36.7,Yes,Yes,DSL,69,Yes,No,No,Yes,Yes,No,No,No,One Year,No,Bank Withdrawal,69.05,1958.45,0.0,40,1064.3,4,3,67.53275862068966,4459
Female,28,No,No,0,0,1,No Offer,Yes,42.42,No,No,No Internet,0,No,No,No,No,No,No,No,No,Month-to-Month,No,Credit Card,19.65,19.65,0.0,0,42.42,3,0,19.65,5454
Female,35,No,No,0,0,28,Offer C,No,0.0,No,Yes,DSL,14,No,No,Yes,No,No,No,No,Yes,Month-to-Month,Yes,Credit Card,29.75,790.7,0.0,0,0.0,5,2,28.239285714285717,5463
Female,51,No,Yes,2,9,45,Offer B,Yes,10.21,Yes,Yes,DSL,11,Yes,Yes,Yes,Yes,Yes,No,No,Yes,Month-to-Month,No,Credit Card,81.3,3541.1,0.0,0,459.45,3,6,78.69111111111111,3111
Male,69,Yes,No,0,0,1,No Offer,Yes,33.84,No,Yes,Fiber Optic,5,No,No,No,No,No,No,No,Yes,Month-to-Month,Yes,Bank Withdrawal,69.75,69.75,0.0,0,33.84,1,1,69.75,5057
Female,50,No,Yes,0,1,63,No Offer,Yes,1.93,Yes,Yes,Fiber Optic,21,No,Yes,Yes,No,Yes,Yes,Yes,No,One Year,Yes,Bank Withdrawal,107.5,6873.75,0.0,60,121.59,3,5,109.10714285714286,6144
Male,49,No,Yes,0,7,4,Offer E,Yes,10.13,Yes,Yes,DSL,3,No,No,Yes,No,Yes,No,No,Yes,Month-to-Month,No,Bank Withdrawal,65.6,250.1,0.0,0,40.52,4,3,62.525,4552
Female,67,Yes,Yes,1,6,66,No Offer,Yes,39.38,Yes,Yes,Fiber Optic,30,No,Yes,Yes,No,Yes,Yes,Yes,Yes,One Year,Yes,Bank Withdrawal,104.9,6891.45,0.0,0,2599.08,4,6,104.41590909090908,4892
Male,69,Yes,No,0,0,50,Offer B,Yes,25.23,Yes,Yes,DSL,23,Yes,Yes,No,No,Yes,No,No,No,Month-to-Month,Yes,Bank Withdrawal,70.35,3454.6,0.0,100,1261.5,3,3,69.092,5596
Male,27,No,Yes,1,8,41,Offer B,Yes,39.53,No,No,No Internet,0,No,No,No,No,No,No,No,No,One Year,No,Bank Withdrawal,19.5,798.2,0.0,0,1620.73,4,0,19.46829268292683,2446
Male,39,No,No,0,0,68,No Offer,Yes,32.67,Yes,Yes,Fiber Optic,3,Yes,Yes,Yes,Yes,Yes,Yes,Yes,Yes,One Year,Yes,Credit Card,117.2,8035.95,0.0,0,2221.56,3,8,118.17573529411764,4629
Male,59,No,Yes,2,4,23,No Offer,Yes,37.86,No,Yes,DSL,30,Yes,No,No,Yes,No,No,No,Yes,One Year,No,Credit Card,57.2,1423.35,0.0,0,870.78,3,3,61.88478260869565,4021
Female,21,No,No,0,0,23,No Offer,Yes,43.77,Yes,No,No Internet,0,No,No,No,No,No,No,No,No,One Year,No,Credit Card,24.8,615.35,0.0,0,1006.71,3,0,26.754347826086956,4402
Female,30,No,No,0,0,47,Offer B,Yes,40.25,Yes,Yes,Fiber Optic,69,Yes,No,Yes,No,Yes,No,No,Yes,One Year,No,Credit Card,94.9,4615.25,0.0,0,1891.75,4,4,98.19680851063829,4510
Female,44,No,Yes,1,3,64,No Offer,Yes,37.0,Yes,Yes,DSL,19,Yes,Yes,Yes,Yes,Yes,Yes,Yes,Yes,Two Year,Yes,Mailed Check,90.6,5817.45,0.0,0,2368.0,4,8,90.89765625,5240
Female,55,No,Yes,0,9,31,No Offer,Yes,28.8,No,Yes,Cable,15,Yes,No,No,Yes,No,Yes,Yes,Yes,One Year,Yes,Bank Withdrawal,64.0,1910.75,0.0,0,892.8,4,5,61.63709677419355,5191
Male,47,No,No,0,0,45,No Offer,Yes,40.59,No,No,No Internet,0,No,No,No,No,No,No,No,No,One Year,No,Bank Withdrawal,18.85,867.3,0.0,0,1826.55,4,0,19.273333333333333,2653
Male,30,No,Yes,0,9,70,Offer A,Yes,3.51,No,No,No Internet,0,No,No,No,No,No,No,No,No,Two Year,No,Credit Card,19.85,1433.8,45.47,0,245.7,5,0,20.482857142857142,4442
Male,45,No,No,0,0,2,Offer E,Yes,46.84,No,Yes,DSL,3,No,No,No,No,No,No,No,Yes,Month-to-Month,No,Bank Withdrawal,44.35,81.25,0.0,0,93.68,3,1,40.625,2570
Female,59,No,Yes,0,4,72,No Offer,Yes,6.23,Yes,Yes,Fiber Optic,27,Yes,No,No,No,No,No,No,No,Two Year,No,Bank Withdrawal,80.45,5737.6,0.0,130,448.56,4,1,79.6888888888889,4202
Female,73,Yes,No,0,0,7,No Offer,Yes,11.01,No,Yes,Cable,18,No,Yes,No,No,No,No,No,Yes,Two Year,Yes,Credit Card,51.3,419.35,0.0,0,77.07,4,2,59.90714285714286,3660
Female,38,No,No,0,0,23,No Offer,Yes,16.26,No,No,No Internet,0,No,No,No,No,No,No,No,No,Month-to-Month,Yes,Bank Withdrawal,20.3,470.6,0.0,0,373.98,3,0,20.460869565217394,3630
Female,31,No,No,0,0,12,No Offer,Yes,2.57,No,Yes,Fiber Optic,25,No,Yes,No,No,No,Yes,Yes,Yes,Month-to-Month,Yes,Bank Withdrawal,84.6,1017.35,0.0,0,30.84,5,4,84.77916666666667,4807
Female,64,No,No,0,0,44,Offer B,Yes,18.42,Yes,Yes,DSL,22,No,No,No,No,No,No,No,Yes,Month-to-Month,Yes,Credit Card,50.15,2139.1,0.0,0,810.48,3,1,48.61590909090909,5790
Female,72,Yes,Yes,0,7,56,Offer B,Yes,27.56,Yes,Yes,Fiber Optic,29,No,No,No,Yes,No,No,No,No,Month-to-Month,Yes,Bank Withdrawal,76.85,4275.75,0.0,120,1543.36,3,1,76.35267857142857,6035
Male,41,No,No,0,0,1,No Offer,Yes,32.82,No,Yes,Fiber Optic,21,No,Yes,No,No,No,No,No,No,Month-to-Month,Yes,Bank Withdrawal,75.35,75.35,0.0,10,32.82,3,1,75.35,5284
Female,61,No,Yes,0,2,3,No Offer,Yes,2.66,No,Yes,DSL,7,No,No,No,No,No,No,No,Yes,Month-to-Month,Yes,Mailed Check,46.1,130.15,0.0,0,7.98,4,1,43.38333333333333,4047
Male,19,No,No,0,0,1,Offer E,Yes,41.1,No,No,No Internet,0,No,No,No,No,No,No,No,No,Month-to-Month,No,Credit Card,20.2,20.2,0.0,0,41.1,3,0,20.2,2710
Female,46,No,No,0,0,11,No Offer,Yes,36.52,No,Yes,Fiber Optic,20,Yes,No,No,No,No,No,No,Yes,Month-to-Month,No,Bank Withdrawal,76.4,838.7,0.0,0,401.72,4,2,76.24545454545455,4033
Male,54,No,Yes,0,1,49,Offer B,Yes,20.48,Yes,Yes,Fiber Optic,22,No,Yes,No,No,Yes,Yes,Yes,Yes,Month-to-Month,Yes,Bank Withdrawal,99.05,4853.75,14.24,0,1003.52,2,5,99.0561224489796,5157
Female,43,No,No,0,0,22,Offer D,Yes,33.92,No,No,No Internet,0,No,No,No,No,No,No,No,No,Month-to-Month,Yes,Credit Card,20.05,470.2,0.0,0,746.24,5,0,21.37272727272727,5555
Male,35,No,No,0,0,30,Offer C,Yes,47.06,No,Yes,Cable,24,Yes,No,Yes,No,No,No,No,Yes,Two Year,Yes,Mailed Check,55.65,1653.85,0.0,0,1411.8,3,3,55.12833333333333,5445
Female,40,No,No,0,0,34,Offer C,Yes,5.32,No,Yes,DSL,23,Yes,No,Yes,Yes,Yes,Yes,Yes,Yes,One Year,Yes,Bank Withdrawal,79.95,2727.3,0.0,0,180.88,4,7,80.21470588235294,3570
Female,78,Yes,No,0,0,2,Offer E,Yes,5.49,Yes,Yes,Fiber Optic,25,No,No,No,No,Yes,No,No,Yes,Month-to-Month,Yes,Bank Withdrawal,85.55,187.45,0.0,0,10.98,3,2,93.725,5512
Male,40,No,Yes,2,1,58,No Offer,Yes,29.93,Yes,Yes,Fiber Optic,24,No,No,No,No,Yes,No,No,Yes,Two Year,No,Bank Withdrawal,82.5,4828.05,0.0,0,1735.94,3,2,83.24224137931034,4348
Male,44,No,Yes,0,1,12,Offer D,Yes,44.6,No,Yes,Fiber Optic,20,No,Yes,No,No,No,Yes,Yes,Yes,Month-to-Month,Yes,Credit Card,85.05,999.8,0.0,0,535.2,3,4,83.31666666666666,2540
Female,35,No,Yes,0,7,26,No Offer,Yes,23.31,No,Yes,DSL,20,No,Yes,No,Yes,Yes,Yes,Yes,No,Month-to-Month,Yes,Bank Withdrawal,73.05,1959.5,47.59,50,606.06,5,5,75.36538461538461,2753
Male,65,Yes,No,0,0,19,Offer D,Yes,32.77,No,Yes,Fiber Optic,4,No,No,Yes,No,Yes,Yes,Yes,Yes,Month-to-Month,Yes,Credit Card,95.9,1777.9,0.0,0,622.63,1,5,93.57368421052632,2851
Female,76,Yes,No,0,0,9,Offer E,Yes,12.91,Yes,Yes,Fiber Optic,21,No,No,No,No,No,Yes,No,Yes,Month-to-Month,Yes,Bank Withdrawal,84.45,762.5,0.0,0,116.19,3,2,84.72222222222223,3543
Female,75,Yes,Yes,0,1,34,No Offer,Yes,2.88,Yes,Yes,Fiber Optic,4,No,Yes,Yes,No,No,Yes,No,Yes,Month-to-Month,Yes,Bank Withdrawal,94.25,3217.55,0.0,0,97.92,1,4,94.63382352941177,3369
Male,76,Yes,No,0,0,52,No Offer,No,0.0,No,Yes,DSL,18,No,Yes,No,No,Yes,Yes,Yes,No,Month-to-Month,Yes,Bank Withdrawal,49.15,2550.9,0.0,30,0.0,2,4,49.05576923076923,5597
Female,28,No,No,0,0,70,Offer A,Yes,17.32,Yes,Yes,Fiber Optic,30,Yes,Yes,Yes,Yes,Yes,Yes,Yes,Yes,Two Year,Yes,Bank Withdrawal,113.65,7939.25,0.0,0,1212.4,4,8,113.41785714285714,6424
Female,61,No,Yes,1,7,68,No Offer,Yes,6.28,No,Yes,DSL,16,Yes,Yes,Yes,Yes,Yes,Yes,Yes,No,Two Year,Yes,Credit Card,85.0,5607.75,0.0,130,427.04,3,7,82.46691176470588,6221
Male,63,No,Yes,1,10,34,No Offer,Yes,5.65,No,Yes,Fiber Optic,26,No,No,Yes,No,Yes,No,No,Yes,Month-to-Month,Yes,Credit Card,84.05,2909.95,0.0,0,192.1,3,3,85.58676470588235,3476
Male,70,Yes,Yes,0,7,71,No Offer,Yes,36.6,Yes,Yes,Fiber Optic,10,Yes,Yes,Yes,Yes,No,No,No,Yes,One Year,Yes,Bank Withdrawal,92.0,6585.2,0.0,0,2598.6,3,5,92.74929577464789,4322
Male,68,Yes,Yes,0,1,47,No Offer,Yes,8.97,Yes,Yes,Fiber Optic,19,No,No,Yes,No,Yes,Yes,No,Yes,Month-to-Month,Yes,Bank Withdrawal,100.05,4871.05,0.0,0,421.59,1,4,103.63936170212766,5166
Female,78,Yes,Yes,0,3,65,Offer B,Yes,18.39,Yes,Yes,Fiber Optic,28,Yes,No,Yes,No,Yes,Yes,No,Yes,Month-to-Month,No,Bank Withdrawal,105.25,6786.4,0.0,0,1195.35,1,5,104.40615384615384,4196
Female,52,No,No,0,0,68,No Offer,Yes,20.3,Yes,Yes,DSL,13,No,Yes,Yes,No,Yes,Yes,Yes,No,Two Year,Yes,Bank Withdrawal,80.65,5330.2,0.0,90,1380.4,3,5,78.38529411764705,5914
Female,54,No,Yes,0,4,8,Offer E,Yes,9.88,Yes,Yes,Fiber Optic,4,No,No,No,Yes,No,Yes,Yes,No,Month-to-Month,Yes,Bank Withdrawal,90.25,743.75,0.0,0,79.04,3,3,92.96875,4969
Female,63,No,Yes,0,6,61,Offer B,Yes,18.03,Yes,Yes,Fiber Optic,22,No,No,Yes,Yes,Yes,Yes,Yes,Yes,One Year,Yes,Bank Withdrawal,103.3,6518.35,0.0,0,1099.83,5,6,106.85819672131149,5401
Male,22,No,Yes,0,10,64,Offer B,Yes,40.49,No,Yes,Fiber Optic,69,No,Yes,Yes,Yes,Yes,Yes,Yes,Yes,One Year,Yes,Credit Card,102.45,6654.1,0.0,0,2591.36,3,7,103.9703125,6398
Female,70,Yes,No,0,0,5,Offer E,Yes,12.27,No,Yes,Fiber Optic,20,No,No,No,No,No,Yes,No,Yes,Month-to-Month,No,Bank Withdrawal,78.95,378.4,0.0,0,61.35,3,2,75.67999999999999,4054
Female,58,No,No,0,0,48,No Offer,Yes,13.03,No,Yes,DSL,5,Yes,Yes,No,No,No,No,No,Yes,Two Year,No,Credit Card,55.5,2627.35,0.0,0,625.44,4,3,54.73645833333333,4975
Male,51,No,No,0,0,69,Offer A,Yes,29.38,Yes,Yes,DSL,9,Yes,Yes,Yes,Yes,No,Yes,Yes,Yes,One Year,Yes,Credit Card,78.6,5356.45,0.0,0,2027.22,1,7,77.62971014492753,6230
Female,46,No,Yes,0,8,70,No Offer,No,0.0,No,Yes,Cable,26,Yes,No,Yes,Yes,No,Yes,Yes,Yes,Two Year,Yes,Bank Withdrawal,49.85,3370.2,0.0,0,0.0,3,6,48.145714285714284,5460
Male,33,No,No,0,0,2,No Offer,Yes,1.81,No,No,No Internet,0,No,No,No,No,No,No,No,No,Month-to-Month,No,Credit Card,20.05,33.7,0.0,0,3.62,3,0,16.85,4978
Male,62,No,Yes,0,1,32,Offer C,Yes,22.57,Yes,Yes,Fiber Optic,11,No,No,Yes,No,No,No,No,Yes,Month-to-Month,Yes,Bank Withdrawal,78.9,2447.95,0.0,0,722.24,3,2,76.4984375,5949
Female,44,No,Yes,0,2,63,Offer B,Yes,1.43,Yes,Yes,Fiber Optic,16,Yes,No,No,No,Yes,Yes,Yes,Yes,One Year,Yes,Credit Card,99.65,6311.2,0.0,0,90.09,3,5,100.17777777777778,4572
Male,39,No,No,0,0,9,No Offer,Yes,20.34,No,Yes,Fiber Optic,7,No,No,No,No,No,Yes,Yes,Yes,Month-to-Month,Yes,Bank Withdrawal,80.8,713.1,0.0,0,183.06,3,3,79.23333333333333,3890
Male,37,No,Yes,3,7,57,No Offer,Yes,14.55,No,Yes,DSL,58,Yes,Yes,No,Yes,No,No,No,No,One Year,No,Credit Card,59.6,3509.4,0.0,70,829.35,3,3,61.56842105263158,4778
Female,69,Yes,No,0,0,41,No Offer,Yes,14.61,No,Yes,Fiber Optic,9,No,No,Yes,Yes,Yes,Yes,Yes,Yes,One Year,Yes,Bank Withdrawal,101.1,4016.2,0.0,0,599.01,5,6,97.9560975609756,2227
Female,56,No,Yes,0,1,6,No Offer,Yes,23.35,Yes,Yes,Fiber Optic,8,No,Yes,No,No,No,Yes,Yes,Yes,Month-to-Month,Yes,Bank Withdrawal,90.75,512.25,0.0,0,140.1,4,4,85.375,4297
Female,48,No,No,0,0,4,No Offer,Yes,15.07,No,Yes,Cable,16,No,No,No,No,No,No,No,Yes,Month-to-Month,Yes,Mailed Check,46.0,193.6,0.0,0,60.28,1,1,48.4,5246
Female,56,No,No,1,0,2,No Offer,Yes,5.3,Yes,Yes,Fiber Optic,11,Yes,No,No,No,No,No,No,Yes,Month-to-Month,No,Credit Card,80.55,188.1,0.0,0,10.6,4,2,94.05,5346
Male,42,No,Yes,3,8,56,Offer B,Yes,40.86,Yes,Yes,Fiber Optic,27,Yes,Yes,Yes,Yes,Yes,Yes,Yes,Yes,Two Year,No,Credit Card,115.85,6567.9,0.0,0,2288.16,3,8,117.28392857142856,4937
Male,33,No,Yes,0,8,72,Offer A,No,0.0,No,Yes,DSL,12,Yes,Yes,Yes,Yes,Yes,Yes,Yes,No,Two Year,Yes,Bank Withdrawal,64.7,4746.05,0.0,140,0.0,3,7,65.91736111111112,6075
Male,21,No,Yes,0,1,1,Offer E,Yes,37.83,No,Yes,Fiber Optic,51,No,No,No,Yes,Yes,No,No,Yes,Month-to-Month,Yes,Bank Withdrawal,84.8,84.8,0.0,0,37.83,3,3,84.8,2627
Male,28,No,Yes,3,9,29,No Offer,Yes,1.41,No,Yes,DSL,73,Yes,No,No,No,No,Yes,Yes,Yes,Month-to-Month,Yes,Credit Card,60.2,1834.15,0.0,0,40.89,3,4,63.24655172413794,5517
Female,74,Yes,Yes,0,3,60,No Offer,Yes,27.68,Yes,Yes,Fiber Optic,26,No,No,Yes,No,Yes,Yes,No,Yes,One Year,Yes,Credit Card,100.5,6029.0,0.0,0,1660.8,5,4,100.48333333333333,6442
Female,80,Yes,No,0,0,45,No Offer,Yes,4.14,No,Yes,Fiber Optic,20,Yes,Yes,No,Yes,No,No,No,No,Month-to-Month,Yes,Bank Withdrawal,85.7,3778.1,0.0,50,186.3,4,3,83.95777777777778,5397
Female,56,No,No,0,0,58,No Offer,Yes,29.47,No,Yes,DSL,16,Yes,Yes,Yes,Yes,No,No,No,Yes,Two Year,Yes,Credit Card,64.9,3795.45,0.0,0,1709.26,4,5,65.43879310344828,5040
Female,27,No,Yes,0,10,23,No Offer,No,0.0,No,Yes,DSL,42,Yes,No,No,Yes,No,No,No,Yes,Two Year,No,Credit Card,34.6,813.45,0.0,0,0.0,4,3,35.36739130434783,4445
Male,64,No,Yes,2,6,28,No Offer,Yes,3.18,No,Yes,Fiber Optic,12,No,No,Yes,No,Yes,No,No,Yes,Month-to-Month,No,Bank Withdrawal,85.45,2289.9,0.0,0,89.04,3,3,81.78214285714286,4022
Male,43,No,Yes,0,1,68,No Offer,Yes,49.51,No,Yes,Fiber Optic,3,No,Yes,No,Yes,Yes,Yes,Yes,No,One Year,Yes,Bank Withdrawal,100.3,6754.35,0.0,90,3366.68,4,5,99.32867647058823,5757
Female,38,No,No,0,0,57,No Offer,Yes,48.86,Yes,Yes,Fiber Optic,6,Yes,Yes,Yes,No,Yes,Yes,Yes,Yes,Two Year,Yes,Bank Withdrawal,112.95,6465.0,0.0,0,2785.02,1,7,113.42105263157895,4738
Male,46,No,Yes,0,3,63,Offer B,Yes,26.81,No,Yes,Fiber Optic,6,Yes,No,Yes,No,Yes,Yes,Yes,Yes,Two Year,No,Credit Card,99.7,6330.4,0.0,0,1689.03,3,6,100.48253968253968,5135
Female,56,No,No,1,0,12,No Offer,Yes,17.85,Yes,Yes,Fiber Optic,19,No,No,No,No,Yes,No,No,Yes,Month-to-Month,Yes,Bank Withdrawal,84.05,966.55,0.0,0,214.2,4,2,80.54583333333333,4621
Male,20,No,Yes,0,2,72,Offer A,Yes,6.89,Yes,Yes,Fiber Optic,73,Yes,Yes,Yes,No,Yes,Yes,Yes,No,Two Year,Yes,Bank Withdrawal,109.65,7880.25,0.0,10,496.08,4,6,109.44791666666667,6181
Female,24,No,Yes,0,2,24,No Offer,Yes,44.93,Yes,Yes,Fiber Optic,82,No,No,Yes,No,No,No,Yes,Yes,Month-to-Month,Yes,Credit Card,79.65,1928.7,0.0,0,1078.32,4,3,80.3625,3816
Male,70,Yes,Yes,0,1,27,No Offer,Yes,39.49,Yes,Yes,Fiber Optic,7,No,Yes,Yes,No,No,Yes,Yes,Yes,Month-to-Month,Yes,Bank Withdrawal,95.55,2510.2,0.0,0,1066.23,1,5,92.97037037037036,2999
Male,68,Yes,No,0,0,1,Offer E,Yes,39.78,No,Yes,Cable,12,No,No,Yes,No,No,No,No,Yes,Month-to-Month,Yes,Mailed Check,50.15,50.15,0.0,0,39.78,2,2,50.15,3438
Female,76,Yes,Yes,0,1,33,No Offer,Yes,33.19,Yes,Yes,Cable,15,No,Yes,No,No,No,No,No,Yes,Month-to-Month,Yes,Bank Withdrawal,80.6,2656.5,0.0,0,1095.27,2,2,80.5,3601
Male,56,No,No,0,0,31,No Offer,Yes,25.58,No,No,No Internet,0,No,No,No,No,No,No,No,No,Two Year,No,Bank Withdrawal,20.4,609.1,0.0,0,792.98,3,0,19.648387096774194,5363
Female,61,No,Yes,0,1,71,Offer A,Yes,48.01,Yes,No,No Internet,0,No,No,No,No,No,No,No,No,Two Year,No,Bank Withdrawal,25.0,1753.0,0.0,0,3408.71,4,0,24.690140845070424,4066
Male,61,No,Yes,0,1,64,No Offer,Yes,4.76,No,Yes,Fiber Optic,8,Yes,Yes,No,Yes,Yes,Yes,Yes,Yes,Two Year,Yes,Credit Card,104.05,6605.55,0.0,0,304.64,4,7,103.21171875,4337
Female,39,No,Yes,3,2,60,No Offer,No,0.0,No,Yes,Cable,51,No,Yes,No,No,Yes,Yes,Yes,Yes,Month-to-Month,Yes,Bank Withdrawal,49.75,3069.45,0.0,0,0.0,3,5,51.1575,6307
Male,58,No,Yes,3,10,17,No Offer,Yes,32.27,Yes,Yes,Cable,28,Yes,No,No,Yes,No,No,No,Yes,One Year,Yes,Credit Card,62.1,1096.65,0.0,0,548.59,3,3,64.50882352941177,3937
Male,34,No,Yes,1,1,5,Offer E,Yes,40.05,Yes,No,No Internet,0,No,No,No,No,No,No,No,No,Month-to-Month,Yes,Bank Withdrawal,25.9,135.0,0.0,0,200.25,1,0,27.0,2102
Male,63,No,Yes,0,1,44,No Offer,No,0.0,No,Yes,Cable,18,No,Yes,Yes,No,Yes,Yes,Yes,Yes,Two Year,No,Bank Withdrawal,54.3,2390.45,0.0,0,0.0,3,6,54.32840909090908,3222
Female,56,No,Yes,0,10,72,Offer A,Yes,26.04,Yes,Yes,Cable,6,No,Yes,No,Yes,Yes,Yes,Yes,Yes,Two Year,Yes,Bank Withdrawal,78.95,5730.15,0.0,0,1874.88,5,6,79.58541666666666,5050
Female,31,No,Yes,3,0,63,Offer B,Yes,41.84,No,No,No Internet,0,No,No,No,No,No,No,No,No,Two Year,No,Bank Withdrawal,19.35,1263.85,0.0,0,2635.92,4,0,20.06111111111111,4566
Male,19,No,No,0,0,43,Offer B,Yes,36.78,No,Yes,Fiber Optic,59,Yes,Yes,Yes,Yes,No,No,No,Yes,One Year,Yes,Credit Card,90.65,3882.3,0.0,0,1581.54,3,5,90.28604651162792,2496
Female,61,No,No,0,0,31,No Offer,Yes,25.57,No,Yes,DSL,27,No,Yes,Yes,Yes,Yes,Yes,Yes,No,Two Year,No,Credit Card,79.2,2497.2,0.0,70,792.67,5,6,80.55483870967741,4984
Male,78,Yes,Yes,0,5,61,Offer B,Yes,46.65,Yes,Yes,Fiber Optic,23,No,Yes,No,Yes,No,No,No,Yes,One Year,Yes,Bank Withdrawal,85.55,5251.75,0.0,0,2845.65,4,3,86.09426229508196,4845
Male,19,No,No,0,0,9,Offer E,Yes,38.65,No,Yes,DSL,26,No,No,No,No,No,No,No,Yes,Month-to-Month,Yes,Credit Card,44.4,348.15,0.0,0,347.85,4,1,38.68333333333333,5457
Male,71,Yes,Yes,1,1,58,Offer B,Yes,18.43,Yes,Yes,Fiber Optic,10,Yes,Yes,No,Yes,No,No,No,No,One Year,Yes,Bank Withdrawal,89.85,5125.75,0.0,130,1068.94,3,3,88.375,5035
Female,56,No,No,0,0,1,No Offer,Yes,1.17,Yes,Yes,Fiber Optic,27,No,No,No,No,Yes,Yes,Yes,Yes,Month-to-Month,Yes,Bank Withdrawal,94.6,94.6,0.0,0,1.17,1,4,94.6,4033
Male,34,No,Yes,0,1,21,Offer D,Yes,17.57,Yes,Yes,Cable,14,Yes,Yes,No,Yes,Yes,No,No,No,One Year,No,Mailed Check,77.5,1625.0,18.39,80,368.97,2,4,77.38095238095238,5353
Male,44,No,No,0,0,2,No Offer,Yes,17.25,No,Yes,Cable,3,No,No,No,No,No,No,No,No,Month-to-Month,Yes,Credit Card,45.0,96.45,0.0,30,34.5,1,0,48.225,5704
Male,55,No,Yes,1,0,69,Offer A,Yes,8.46,Yes,Yes,Fiber Optic,21,No,No,No,Yes,Yes,Yes,Yes,Yes,Two Year,Yes,Bank Withdrawal,99.35,6856.45,0.0,0,583.74,4,5,99.36884057971014,4637
Female,31,No,Yes,0,7,17,No Offer,Yes,17.91,Yes,Yes,Fiber Optic,9,No,No,Yes,No,Yes,No,No,Yes,Month-to-Month,No,Bank Withdrawal,88.25,1460.65,0.0,0,304.47,2,3,85.92058823529412,4041
Female,75,Yes,No,0,0,14,Offer D,No,0.0,No,Yes,DSL,24,Yes,No,Yes,Yes,No,No,No,Yes,Two Year,No,Credit Card,39.7,692.35,0.0,0,0.0,4,4,49.45357142857143,3162
Female,49,No,No,0,0,2,Offer E,No,0.0,No,Yes,DSL,21,Yes,Yes,No,No,No,Yes,Yes,Yes,Month-to-Month,Yes,Bank Withdrawal,42.6,72.4,0.0,0,0.0,2,5,36.2,4648
Male,73,Yes,Yes,0,4,35,No Offer,Yes,2.12,Yes,Yes,Fiber Optic,3,No,No,Yes,No,Yes,Yes,No,Yes,One Year,Yes,Bank Withdrawal,100.8,3437.5,0.0,0,74.2,5,4,98.21428571428571,3318
Female,22,No,No,0,0,63,Offer B,Yes,8.38,Yes,Yes,Fiber Optic,59,No,Yes,No,No,Yes,Yes,Yes,Yes,One Year,No,Bank Withdrawal,99.9,6137.0,0.0,0,527.94,3,5,97.41269841269842,4776
Male,69,Yes,Yes,0,0,52,No Offer,Yes,37.6,Yes,Yes,Fiber Optic,23,Yes,No,Yes,No,Yes,Yes,Yes,Yes,Month-to-Month,Yes,Bank Withdrawal,104.2,5568.35,0.0,0,1955.2,1,6,107.08365384615385,5648
Male,49,No,No,0,0,49,No Offer,Yes,17.77,Yes,Yes,DSL,13,No,No,No,Yes,Yes,No,No,Yes,Two Year,Yes,Bank Withdrawal,66.15,3199.0,0.0,0,870.73,3,3,65.28571428571429,6138
Female,58,No,No,0,0,15,Offer D,Yes,8.97,No,Yes,Cable,2,Yes,Yes,Yes,Yes,Yes,Yes,Yes,Yes,Month-to-Month,No,Mailed Check,84.45,1287.85,0.0,0,134.55,3,8,85.85666666666665,4653
Female,42,No,No,0,0,40,No Offer,Yes,22.89,No,No,No Internet,0,No,No,No,No,No,No,No,No,Two Year,Yes,Bank Withdrawal,20.6,827.3,0.0,0,915.6,3,0,20.682499999999997,3091
Female,51,No,No,0,0,1,Offer E,Yes,27.05,No,Yes,Fiber Optic,23,No,No,No,No,No,No,No,Yes,Month-to-Month,Yes,Bank Withdrawal,70.85,70.85,0.0,0,27.05,3,1,70.85,2874
Male,64,No,Yes,2,1,72,Offer A,Yes,28.63,Yes,Yes,DSL,19,Yes,Yes,Yes,Yes,Yes,Yes,Yes,Yes,Two Year,No,Credit Card,88.7,6501.35,0.0,0,2061.36,4,8,90.29652777777778,4641
Male,44,No,No,0,0,61,No Offer,Yes,7.82,Yes,Yes,Fiber Optic,11,Yes,No,Yes,Yes,Yes,Yes,Yes,Yes,Two Year,Yes,Credit Card,111.6,6876.05,0.0,0,477.02,1,7,112.72213114754099,4495
Female,22,No,Yes,1,3,33,Offer C,Yes,1.71,Yes,No,No Internet,0,No,No,No,No,No,No,No,No,One Year,No,Credit Card,24.15,800.3,0.0,0,56.43,4,0,24.25151515151515,4501
Female,68,Yes,No,0,0,67,No Offer,Yes,48.43,Yes,Yes,DSL,28,No,Yes,No,No,No,No,No,Yes,Month-to-Month,No,Bank Withdrawal,54.9,3725.5,0.0,0,3244.81,4,2,55.6044776119403,4826
Female,63,No,No,0,0,10,No Offer,Yes,4.76,No,No,No Internet,0,No,No,No,No,No,No,No,No,Month-to-Month,Yes,Mailed Check,20.55,187.35,0.0,0,47.6,3,0,18.735,3595
Male,31,No,No,0,0,13,No Offer,Yes,24.14,Yes,Yes,Fiber Optic,21,No,No,No,Yes,Yes,Yes,Yes,Yes,Month-to-Month,Yes,Credit Card,99.0,1301.7,0.0,0,313.82,1,5,100.13076923076923,3493
Female,54,No,Yes,0,10,57,Offer B,Yes,23.28,No,No,No Internet,0,No,No,No,No,No,No,No,No,Two Year,Yes,Bank Withdrawal,19.6,1134.25,0.0,0,1326.96,4,0,19.899122807017545,6064
Male,28,No,No,0,0,1,Offer E,Yes,42.17,No,No,No Internet,0,No,No,No,No,No,No,No,No,Month-to-Month,Yes,Credit Card,20.45,20.45,0.0,0,42.17,3,0,20.45,2184
Male,45,No,Yes,2,9,52,No Offer,Yes,5.51,No,Yes,Cable,19,No,Yes,Yes,Yes,Yes,No,No,Yes,One Year,Yes,Bank Withdrawal,68.75,3482.85,16.86,0,286.52,3,5,66.97788461538461,4172
Male,67,Yes,No,0,0,19,No Offer,Yes,16.78,Yes,Yes,Fiber Optic,15,No,No,Yes,No,No,No,No,Yes,Month-to-Month,Yes,Bank Withdrawal,79.85,1471.75,0.0,0,318.82,3,2,77.46052631578948,3715
Male,49,No,No,0,0,1,No Offer,Yes,36.28,No,No,No Internet,0,No,No,No,No,No,No,No,No,Month-to-Month,No,Credit Card,20.75,20.75,0.0,0,36.28,3,0,20.75,2791
Male,45,No,Yes,0,5,60,No Offer,Yes,22.22,No,Yes,DSL,16,Yes,Yes,No,Yes,No,No,No,Yes,Two Year,Yes,Credit Card,61.35,3766.2,0.0,0,1333.2,3,4,62.769999999999996,6174
Male,41,No,Yes,0,0,1,No Offer,Yes,36.44,Yes,Yes,Fiber Optic,16,No,No,No,No,No,No,No,Yes,Month-to-Month,Yes,Bank Withdrawal,74.5,74.5,0.0,0,36.44,3,1,74.5,5554
Male,46,No,No,0,0,21,No Offer,Yes,49.05,Yes,Yes,Fiber Optic,9,No,No,No,No,No,Yes,Yes,Yes,Month-to-Month,Yes,Bank Withdrawal,84.1,1737.45,0.0,0,1030.05,4,3,82.7357142857143,4649
Female,39,No,No,0,0,1,Offer E,Yes,23.7,No,Yes,Cable,17,No,No,Yes,No,No,No,No,Yes,Month-to-Month,Yes,Mailed Check,50.45,50.45,0.0,0,23.7,3,2,50.45,2806
Female,60,No,No,0,0,13,No Offer,Yes,21.88,Yes,Yes,Fiber Optic,4,No,Yes,Yes,No,No,No,No,Yes,Month-to-Month,Yes,Bank Withdrawal,84.45,1058.6,0.0,0,284.44,2,3,81.43076923076923,5801
Female,46,No,Yes,1,1,72,Offer A,Yes,24.9,Yes,Yes,DSL,19,Yes,No,Yes,Yes,Yes,Yes,Yes,Yes,Two Year,No,Credit Card,84.7,5893.9,0.0,0,1792.8,4,7,81.85972222222222,6375
Male,54,No,Yes,0,10,71,Offer A,Yes,37.69,No,Yes,Fiber Optic,8,No,Yes,Yes,Yes,Yes,Yes,Yes,Yes,Two Year,Yes,Bank Withdrawal,105.25,7291.75,0.0,0,2675.99,5,7,102.70070422535211,6319
Female,60,No,Yes,0,9,59,Offer B,Yes,26.99,No,No,No Internet,0,No,No,No,No,No,No,No,No,Two Year,No,Bank Withdrawal,18.4,1057.85,0.0,0,1592.41,4,0,17.92966101694915,4375
Male,69,Yes,Yes,0,2,38,Offer C,No,0.0,No,Yes,Cable,30,No,No,No,No,No,No,No,Yes,Month-to-Month,Yes,Bank Withdrawal,24.85,955.75,0.0,0,0.0,3,1,25.151315789473685,3511
Male,30,No,Yes,2,6,24,No Offer,Yes,44.57,No,Yes,Cable,26,Yes,Yes,No,Yes,No,Yes,Yes,Yes,Month-to-Month,Yes,Credit Card,70.3,1706.45,0.0,0,1069.68,3,6,71.10208333333334,3359
Male,42,No,Yes,0,5,18,Offer D,Yes,16.78,Yes,Yes,Fiber Optic,23,No,No,No,No,No,No,No,Yes,Month-to-Month,Yes,Bank Withdrawal,73.15,1305.95,0.0,0,302.04,4,1,72.55277777777778,4283
Female,31,No,Yes,2,7,52,No Offer,Yes,7.99,No,Yes,Fiber Optic,19,Yes,No,Yes,No,Yes,Yes,Yes,Yes,One Year,No,Bank Withdrawal,100.3,5244.45,0.0,0,415.48,3,6,100.85480769230769,4811
Female,40,No,Yes,0,9,64,No Offer,Yes,49.39,Yes,No,No Internet,0,No,No,No,No,No,No,No,No,Two Year,No,Credit Card,25.55,1714.95,0.0,0,3160.96,4,0,26.79609375,4312
Male,58,No,No,0,0,57,No Offer,Yes,5.71,No,No,No Internet,0,No,No,No,No,No,No,No,No,Two Year,Yes,Credit Card,19.6,1170.55,0.0,0,325.47,3,0,20.5359649122807,4393
Male,49,No,No,0,0,35,No Offer,Yes,17.92,No,No,No Internet,0,No,No,No,No,No,No,No,No,Month-to-Month,No,Bank Withdrawal,20.75,739.9,0.0,0,627.2,3,0,21.14,5876
Female,32,No,No,0,0,20,No Offer,Yes,10.9,No,No,No Internet,0,No,No,No,No,No,No,No,No,One Year,Yes,Credit Card,19.35,433.75,0.0,0,218.0,5,0,21.6875,5811
Male,74,Yes,No,0,0,24,No Offer,Yes,8.66,Yes,Yes,Cable,27,No,Yes,No,No,No,No,No,No,Two Year,No,Credit Card,54.8,1291.3,0.0,110,207.84,5,1,53.80416666666667,4330
Male,52,No,No,2,0,6,No Offer,Yes,15.5,No,No,No Internet,0,No,No,No,No,No,No,No,No,Month-to-Month,No,Mailed Check,19.65,100.9,0.0,0,93.0,5,0,16.816666666666666,2231
Male,49,No,No,0,0,1,No Offer,Yes,16.64,No,Yes,Fiber Optic,2,No,No,No,No,Yes,Yes,Yes,Yes,Month-to-Month,Yes,Bank Withdrawal,89.25,89.25,0.0,0,16.64,5,4,89.25,5579
Male,71,Yes,Yes,0,1,32,No Offer,Yes,2.08,No,Yes,Fiber Optic,25,No,No,No,No,No,Yes,Yes,Yes,Month-to-Month,Yes,Credit Card,80.3,2483.05,0.0,0,66.56,1,3,77.5953125,5365
Female,28,No,Yes,0,1,2,Offer E,Yes,9.76,No,Yes,Cable,27,No,No,No,No,No,No,No,Yes,Month-to-Month,Yes,Bank Withdrawal,70.7,141.45,0.0,0,19.52,2,1,70.725,4559
Male,20,No,Yes,3,1,1,No Offer,Yes,24.33,No,Yes,Fiber Optic,59,No,No,No,No,Yes,Yes,Yes,Yes,Month-to-Month,Yes,Bank Withdrawal,90.1,90.1,0.0,0,24.33,3,4,90.1,4142
Male,67,Yes,Yes,0,2,55,No Offer,Yes,9.08,Yes,Yes,Cable,23,Yes,Yes,No,No,No,No,No,Yes,One Year,No,Credit Card,60.0,3316.1,0.0,0,499.4,4,3,60.29272727272727,4212
Male,25,No,Yes,0,1,16,No Offer,Yes,25.83,Yes,Yes,Fiber Optic,46,No,No,No,No,No,No,No,Yes,Month-to-Month,Yes,Bank Withdrawal,75.4,1189.4,0.0,0,413.28,5,1,74.3375,5432
Female,50,No,No,0,0,22,No Offer,Yes,35.4,No,No,No Internet,0,No,No,No,No,No,No,No,No,One Year,Yes,Credit Card,19.25,412.55,0.0,0,778.8,3,0,18.75227272727273,2691
Male,43,No,No,2,0,54,No Offer,Yes,6.7,Yes,Yes,Cable,16,No,Yes,No,No,No,No,No,Yes,Month-to-Month,Yes,Credit Card,55.0,3092.65,0.0,0,361.8,1,2,57.2712962962963,5282
Female,30,No,Yes,2,6,10,No Offer,Yes,5.74,No,Yes,DSL,59,No,Yes,Yes,No,No,No,No,Yes,Month-to-Month,Yes,Credit Card,55.55,551.3,0.0,0,57.4,5,3,55.129999999999995,2530
Male,78,Yes,No,0,0,57,Offer B,Yes,28.44,No,Yes,DSL,24,No,No,Yes,Yes,No,No,No,Yes,One Year,Yes,Bank Withdrawal,53.5,3035.8,0.0,0,1621.08,4,3,53.25964912280702,5521
Female,51,No,No,0,0,10,Offer D,Yes,17.01,Yes,No,No Internet,0,No,No,No,No,No,No,No,No,Month-to-Month,Yes,Credit Card,24.5,270.15,0.0,0,170.1,3,0,27.014999999999997,5594
Male,44,No,Yes,0,6,46,No Offer,Yes,4.72,No,No,No Internet,0,No,No,No,No,No,No,No,No,One Year,Yes,Bank Withdrawal,20.2,845.6,0.0,0,217.12,3,0,18.382608695652173,2325
Male,46,No,Yes,0,1,4,Offer E,Yes,14.3,No,Yes,Fiber Optic,2,No,No,Yes,Yes,No,No,No,Yes,Month-to-Month,Yes,Mailed Check,80.6,319.15,0.0,0,57.2,3,3,79.7875,3080
Female,64,No,Yes,0,1,14,Offer D,Yes,13.64,Yes,Yes,Fiber Optic,9,No,Yes,No,No,No,Yes,Yes,Yes,Month-to-Month,Yes,Bank Withdrawal,90.9,1259.0,0.0,0,190.96,2,4,89.92857142857143,5148
Female,40,No,Yes,0,4,59,Offer B,Yes,8.28,No,Yes,DSL,22,No,Yes,No,Yes,Yes,Yes,Yes,Yes,Two Year,Yes,Credit Card,75.95,4542.35,0.0,0,488.52,3,6,76.98898305084747,5446
Female,53,No,Yes,2,2,48,Offer B,Yes,36.18,No,Yes,Fiber Optic,29,Yes,No,Yes,No,Yes,Yes,Yes,Yes,One Year,Yes,Bank Withdrawal,99.7,4977.2,0.0,0,1736.64,3,6,103.69166666666666,5921
Female,20,No,Yes,1,2,72,No Offer,Yes,45.66,Yes,Yes,DSL,47,Yes,Yes,Yes,Yes,Yes,Yes,Yes,Yes,Two Year,No,Credit Card,90.95,6652.45,0.0,0,3287.52,3,8,92.39513888888888,5096
Male,29,No,No,0,0,3,No Offer,Yes,27.34,No,Yes,Fiber Optic,71,No,No,Yes,No,No,No,No,No,Month-to-Month,Yes,Credit Card,73.6,232.5,0.0,10,82.02,5,1,77.5,5510
Female,52,No,Yes,0,8,4,No Offer,Yes,44.73,No,No,No Internet,0,No,No,No,No,No,No,No,No,One Year,No,Bank Withdrawal,20.5,79.05,0.0,0,178.92,5,0,19.7625,3233
Male,21,No,Yes,0,1,47,No Offer,Yes,20.93,Yes,Yes,Fiber Optic,85,No,No,No,No,Yes,Yes,Yes,No,One Year,Yes,Credit Card,95.2,4563.0,0.0,80,983.71,5,3,97.08510638297872,4977
Male,76,Yes,No,0,0,45,Offer B,Yes,15.65,Yes,Yes,Fiber Optic,18,No,No,No,No,Yes,Yes,No,Yes,Two Year,Yes,Bank Withdrawal,93.9,4200.25,0.0,0,704.25,4,3,93.33888888888889,3960
Female,21,No,Yes,0,1,47,Offer B,Yes,45.9,No,No,No Internet,0,No,No,No,No,No,No,No,No,Two Year,No,Bank Withdrawal,19.65,921.55,0.0,0,2157.3,5,0,19.607446808510637,4159
Male,35,No,Yes,2,6,65,Offer B,Yes,19.53,Yes,Yes,Fiber Optic,19,Yes,Yes,Yes,Yes,No,No,No,Yes,Two Year,No,Credit Card,94.55,6078.75,0.0,0,1269.45,4,5,93.51923076923077,4603
Female,32,No,No,0,0,41,No Offer,Yes,7.83,Yes,Yes,Fiber Optic,19,Yes,No,No,No,No,No,No,Yes,Month-to-Month,Yes,Credit Card,81.3,3190.65,0.0,0,321.03,4,2,77.82073170731708,2299
Male,59,No,No,0,0,31,No Offer,Yes,34.57,No,No,No Internet,0,No,No,No,No,No,No,No,No,Two Year,No,Credit Card,20.45,638.55,0.0,0,1071.67,3,0,20.598387096774193,2598
Female,42,No,No,0,0,2,Offer E,Yes,14.7,No,Yes,DSL,13,No,Yes,No,No,No,No,No,No,Month-to-Month,Yes,Credit Card,49.05,91.1,0.0,40,29.4,1,1,45.55,2960
Male,38,No,No,1,0,49,No Offer,Yes,44.33,Yes,Yes,Fiber Optic,11,No,Yes,Yes,No,Yes,Yes,Yes,Yes,Month-to-Month,Yes,Bank Withdrawal,103.7,5036.3,0.0,0,2172.17,1,6,102.78163265306122,5340
Male,19,No,No,0,0,59,Offer B,Yes,48.12,Yes,Yes,Fiber Optic,51,No,Yes,Yes,Yes,Yes,Yes,Yes,Yes,Month-to-Month,Yes,Bank Withdrawal,111.35,6519.75,0.0,0,2839.08,5,7,110.5042372881356,6047
Female,24,No,Yes,0,5,53,No Offer,Yes,40.62,No,Yes,Fiber Optic,73,No,No,Yes,No,Yes,Yes,Yes,Yes,One Year,Yes,Bank Withdrawal,94.85,5000.2,18.55,0,2152.86,1,5,94.3433962264151,4328
Female,31,No,No,0,0,4,No Offer,Yes,30.95,Yes,Yes,Fiber Optic,26,No,Yes,No,No,No,No,No,Yes,Month-to-Month,No,Bank Withdrawal,77.95,305.55,0.0,0,123.8,2,2,76.3875,5365
Male,40,No,No,0,0,1,Offer E,Yes,29.63,No,Yes,Fiber Optic,15,No,No,No,No,No,No,No,Yes,Month-to-Month,No,Bank Withdrawal,70.4,70.4,0.0,0,29.63,1,1,70.4,4238
Male,41,No,No,0,0,10,No Offer,Yes,27.28,No,Yes,Fiber Optic,27,No,No,No,No,No,No,No,Yes,Month-to-Month,Yes,Bank Withdrawal,70.0,740.0,0.0,0,272.8,1,1,74.0,3156
Female,23,No,No,0,0,16,Offer D,Yes,47.25,No,No,No Internet,0,No,No,No,No,No,No,No,No,One Year,No,Bank Withdrawal,20.1,318.6,0.0,0,756.0,3,0,19.9125,4545
Male,54,No,No,0,0,58,Offer B,Yes,32.67,No,Yes,Fiber Optic,14,Yes,Yes,No,No,Yes,Yes,Yes,Yes,One Year,No,Bank Withdrawal,99.15,5720.95,0.0,0,1894.86,3,6,98.63706896551724,6409
Male,27,No,No,0,0,11,Offer D,Yes,18.33,No,Yes,Fiber Optic,76,No,No,Yes,No,No,No,No,Yes,Month-to-Month,No,Bank Withdrawal,72.9,818.45,0.0,0,201.63,3,2,74.40454545454546,3042
Male,79,Yes,No,0,0,2,Offer E,Yes,45.41,Yes,Yes,Fiber Optic,18,No,No,No,No,No,No,No,Yes,Month-to-Month,Yes,Mailed Check,74.85,156.4,0.0,0,90.82,2,1,78.2,5378
Male,32,No,No,0,0,18,Offer D,Yes,1.42,No,No,No Internet,0,No,No,No,No,No,No,No,No,One Year,No,Credit Card,19.65,411.25,0.0,0,25.56,3,0,22.84722222222222,4695
Female,27,No,No,0,0,62,No Offer,Yes,23.88,Yes,Yes,Fiber Optic,47,Yes,Yes,Yes,No,No,No,No,Yes,One Year,Yes,Bank Withdrawal,92.05,5755.8,14.21,0,1480.56,3,4,92.83548387096775,5801
Female,38,No,Yes,3,1,70,No Offer,Yes,38.63,No,No,No Internet,0,No,No,No,No,No,No,No,No,Two Year,Yes,Credit Card,19.2,1401.4,0.0,0,2704.1,3,0,20.02,5261
Female,61,No,No,0,0,67,No Offer,No,0.0,No,Yes,DSL,11,No,No,Yes,Yes,Yes,Yes,Yes,Yes,Month-to-Month,Yes,Credit Card,53.4,3579.15,0.0,0,0.0,5,6,53.420149253731346,5990
Male,23,No,No,0,0,3,Offer E,Yes,16.39,No,No,No Internet,0,No,No,No,No,No,No,No,No,Month-to-Month,Yes,Credit Card,20.75,67.1,0.0,0,49.17,5,0,22.366666666666664,2406
Female,59,No,Yes,2,3,16,Offer D,Yes,45.54,No,No,No Internet,0,No,No,No,No,No,No,No,No,Month-to-Month,No,Bank Withdrawal,20.4,321.4,0.0,0,728.64,4,0,20.0875,3990
Female,61,No,Yes,1,7,7,No Offer,Yes,5.01,No,No,No Internet,0,No,No,No,No,No,No,No,No,Month-to-Month,No,Credit Card,20.65,158.95,0.0,0,35.07,3,0,22.707142857142856,4058
Female,68,Yes,Yes,0,2,32,Offer C,Yes,2.17,Yes,Yes,Fiber Optic,11,No,No,Yes,No,No,No,No,Yes,Two Year,No,Mailed Check,79.3,2570.0,0.0,0,69.44,3,2,80.3125,5242
Female,34,No,No,0,0,5,Offer E,Yes,24.32,No,Yes,Cable,22,Yes,No,No,Yes,No,No,No,No,Month-to-Month,No,Credit Card,53.85,259.8,22.96,10,121.6,1,2,51.96,5435
Male,36,No,No,0,0,3,Offer E,Yes,44.42,No,Yes,Cable,6,Yes,No,Yes,No,Yes,Yes,Yes,Yes,Month-to-Month,Yes,Bank Withdrawal,77.4,206.15,0.0,0,133.26,4,6,68.71666666666667,5528
Male,63,No,Yes,0,7,47,No Offer,Yes,6.54,No,No,No Internet,0,No,No,No,No,No,No,No,No,Two Year,No,Credit Card,19.65,973.1,0.0,0,307.38,5,0,20.70425531914894,2021
Male,63,No,Yes,0,1,20,No Offer,Yes,49.69,No,Yes,Fiber Optic,10,No,No,No,No,Yes,Yes,Yes,Yes,Month-to-Month,Yes,Bank Withdrawal,90.2,1776.55,0.0,0,993.8,1,4,88.8275,2058
Female,73,Yes,No,0,0,2,No Offer,No,0.0,No,Yes,DSL,13,No,No,Yes,No,No,No,No,Yes,Month-to-Month,Yes,Bank Withdrawal,30.4,78.65,0.0,0,0.0,1,2,39.325,4002
Female,78,Yes,No,0,0,11,No Offer,Yes,4.1,Yes,Yes,Fiber Optic,5,No,No,No,No,No,Yes,No,Yes,Month-to-Month,Yes,Credit Card,84.8,906.85,0.0,0,45.1,2,2,82.44090909090909,5118
Male,48,No,Yes,3,1,17,Offer D,Yes,29.87,Yes,Yes,DSL,53,No,Yes,Yes,Yes,No,No,No,Yes,Month-to-Month,Yes,Mailed Check,66.7,1077.05,0.0,0,507.79,3,4,63.35588235294117,2814
Male,20,No,Yes,1,6,31,No Offer,Yes,25.04,No,Yes,DSL,71,No,No,Yes,Yes,No,No,No,Yes,Month-to-Month,No,Credit Card,54.35,1647.0,0.0,0,776.24,3,3,53.12903225806452,3615
Male,51,No,Yes,1,5,72,No Offer,Yes,37.11,No,No,No Internet,0,No,No,No,No,No,No,No,No,Two Year,No,Bank Withdrawal,20.55,1432.55,0.0,0,2671.92,5,0,19.896527777777777,5809
Male,79,Yes,Yes,0,1,57,No Offer,Yes,36.66,Yes,Yes,Fiber Optic,9,No,Yes,No,No,No,Yes,No,Yes,One Year,Yes,Bank Withdrawal,89.85,4925.35,0.0,0,2089.62,5,3,86.40964912280702,4429
Male,40,No,Yes,0,8,71,Offer A,Yes,26.56,Yes,Yes,Fiber Optic,7,No,Yes,Yes,No,No,Yes,Yes,No,Month-to-Month,Yes,Bank Withdrawal,93.25,6669.45,0.0,90,1885.76,4,4,93.93591549295775,6035
Male,34,No,Yes,0,1,41,No Offer,Yes,15.91,Yes,Yes,DSL,29,No,No,Yes,No,Yes,Yes,Yes,Yes,One Year,Yes,Bank Withdrawal,73.0,3001.2,0.0,0,652.31,2,5,73.19999999999999,2041
Male,27,No,No,0,0,16,No Offer,Yes,20.44,No,Yes,Fiber Optic,59,Yes,No,No,No,Yes,Yes,Yes,No,Month-to-Month,Yes,Bank Withdrawal,94.25,1483.25,0.0,140,327.04,1,4,92.703125,2827
Male,37,No,Yes,2,5,2,Offer E,Yes,7.27,No,No,No Internet,0,No,No,No,No,No,No,No,No,Month-to-Month,No,Credit Card,20.3,40.25,0.0,0,14.54,4,0,20.125,5113
Female,53,No,No,0,0,1,No Offer,Yes,14.48,No,Yes,Fiber Optic,26,No,Yes,No,No,No,No,No,Yes,Month-to-Month,No,Bank Withdrawal,75.8,75.8,0.0,0,14.48,1,2,75.8,3940
Female,32,No,No,0,0,9,Offer E,Yes,45.99,No,No,No Internet,0,No,No,No,No,No,No,No,No,Month-to-Month,Yes,Credit Card,20.45,147.55,0.0,0,413.91,4,0,16.394444444444446,2392
Male,58,No,Yes,0,1,66,No Offer,Yes,42.85,Yes,Yes,DSL,21,Yes,Yes,No,Yes,Yes,Yes,Yes,Yes,Two Year,No,Bank Withdrawal,85.25,5538.35,0.0,0,2828.1,4,7,83.91439393939395,5012
Female,62,No,Yes,0,6,10,Offer D,Yes,37.08,No,Yes,Cable,7,No,No,Yes,No,Yes,Yes,Yes,Yes,Month-to-Month,Yes,Credit Card,67.8,653.15,0.0,0,370.8,5,5,65.315,2709
Male,54,No,No,0,0,34,No Offer,Yes,20.47,Yes,No,No Internet,0,No,No,No,No,No,No,No,No,Two Year,No,Bank Withdrawal,26.1,980.35,0.0,0,695.98,3,0,28.833823529411767,2026
Female,42,No,No,0,0,11,Offer D,Yes,13.56,No,Yes,Cable,17,No,No,No,No,Yes,Yes,Yes,Yes,Month-to-Month,Yes,Bank Withdrawal,64.9,716.1,0.0,0,149.16,5,4,65.10000000000001,2775
Male,65,Yes,No,0,0,1,Offer E,Yes,28.46,No,Yes,Fiber Optic,12,No,No,No,No,No,No,No,Yes,Month-to-Month,Yes,Bank Withdrawal,71.65,71.65,0.0,0,28.46,2,1,71.65,5674
Male,49,No,No,2,0,60,Offer B,Yes,16.59,No,No,No Internet,0,No,No,No,No,No,No,No,No,Two Year,No,Credit Card,19.95,1189.9,0.0,0,995.4,3,0,19.831666666666667,5316
Female,38,No,No,0,0,54,No Offer,Yes,41.83,Yes,Yes,Fiber Optic,9,No,No,No,Yes,Yes,Yes,Yes,Yes,Month-to-Month,Yes,Bank Withdrawal,100.1,5440.9,0.0,0,2258.82,1,5,100.7574074074074,5763
Male,47,No,Yes,2,9,69,Offer A,Yes,22.49,Yes,Yes,Fiber Optic,11,No,Yes,Yes,No,Yes,Yes,Yes,Yes,Two Year,Yes,Bank Withdrawal,105.0,7297.75,0.0,0,1551.81,4,6,105.76449275362319,5436
Female,25,No,No,0,0,72,Offer A,Yes,48.52,Yes,Yes,Fiber Optic,51,Yes,Yes,Yes,Yes,Yes,Yes,Yes,No,Two Year,Yes,Bank Withdrawal,116.45,8013.55,0.0,90,3493.44,4,7,111.29930555555556,5567
Female,73,Yes,No,0,0,1,Offer E,Yes,32.61,No,Yes,Fiber Optic,27,No,No,No,No,No,No,No,No,Two Year,Yes,Credit Card,70.6,70.6,0.0,30,32.61,4,0,70.6,2576
Female,38,No,No,0,0,35,No Offer,Yes,6.52,Yes,No,No Internet,0,No,No,No,No,No,No,No,No,Two Year,No,Bank Withdrawal,23.3,797.1,0.0,0,228.2,3,0,22.774285714285714,2416
Male,55,No,No,0,0,54,No Offer,Yes,27.17,No,Yes,Fiber Optic,24,Yes,No,Yes,No,Yes,No,No,Yes,Month-to-Month,No,Credit Card,89.8,4667.0,0.0,0,1467.18,3,4,86.42592592592592,4980
Female,47,No,Yes,1,5,69,Offer A,Yes,14.48,No,Yes,DSL,19,No,Yes,Yes,Yes,No,No,No,Yes,One Year,No,Bank Withdrawal,59.1,4134.7,0.0,0,999.12,4,4,59.9231884057971,5846
Male,80,Yes,No,0,0,2,Offer E,Yes,26.62,No,Yes,DSL,11,No,No,No,No,No,No,No,Yes,Month-to-Month,No,Credit Card,44.95,85.15,0.0,0,53.24,2,1,42.575,5900
Male,53,No,Yes,0,1,22,Offer D,Yes,49.66,No,Yes,Fiber Optic,3,Yes,Yes,No,Yes,Yes,Yes,Yes,Yes,Month-to-Month,Yes,Bank Withdrawal,104.6,2180.55,0.0,0,1092.52,3,7,99.1159090909091,2429
Female,34,No,Yes,0,1,4,No Offer,Yes,29.14,No,No,No Internet,0,No,No,No,No,No,No,No,No,Month-to-Month,No,Credit Card,19.6,93.45,0.0,0,116.56,4,0,23.3625,4580
Female,44,No,No,0,0,36,No Offer,Yes,49.85,No,No,No Internet,0,No,No,No,No,No,No,No,No,One Year,Yes,Bank Withdrawal,19.25,679.8,0.0,0,1794.6,3,0,18.883333333333333,4904
Male,41,No,No,0,0,48,No Offer,Yes,33.68,No,No,No Internet,0,No,No,No,No,No,No,No,No,Two Year,No,Credit Card,20.15,982.95,0.0,0,1616.64,5,0,20.478125000000002,4399
Female,63,No,Yes,0,7,54,Offer B,Yes,11.4,Yes,Yes,Fiber Optic,26,Yes,Yes,Yes,Yes,Yes,Yes,Yes,Yes,One Year,Yes,Credit Card,114.65,6049.5,0.0,0,615.6,4,8,112.02777777777777,4488
Female,47,No,Yes,0,1,28,No Offer,Yes,37.66,No,Yes,Fiber Optic,20,Yes,No,No,No,Yes,Yes,Yes,Yes,Month-to-Month,Yes,Credit Card,92.35,2602.9,0.0,0,1054.48,1,5,92.96071428571429,2990
Male,59,No,Yes,1,1,13,No Offer,Yes,13.32,No,Yes,DSL,21,No,No,No,No,Yes,Yes,Yes,Yes,One Year,Yes,Bank Withdrawal,64.75,877.35,0.0,0,173.16,3,4,67.48846153846154,4741
Male,57,No,Yes,0,8,8,Offer E,Yes,20.67,No,Yes,Fiber Optic,18,Yes,No,No,No,No,No,No,Yes,Month-to-Month,Yes,Credit Card,75.0,658.1,0.0,0,165.36,3,2,82.2625,5413
Male,56,No,No,0,0,62,Offer B,Yes,38.33,No,Yes,Cable,30,Yes,Yes,No,No,Yes,Yes,Yes,Yes,One Year,Yes,Credit Card,74.3,4698.05,0.0,0,2376.46,4,6,75.775,5974
Female,57,No,Yes,0,1,45,Offer B,Yes,33.54,Yes,Yes,Fiber Optic,4,Yes,Yes,Yes,Yes,Yes,Yes,Yes,Yes,One Year,No,Mailed Check,113.3,5032.25,0.0,0,1509.3,3,8,111.82777777777778,4885
Female,51,No,Yes,2,5,55,No Offer,Yes,20.1,Yes,Yes,Fiber Optic,19,Yes,Yes,No,No,No,No,No,Yes,Month-to-Month,Yes,Bank Withdrawal,85.1,4600.95,14.3,0,1105.5,3,3,83.65363636363637,4026
Male,62,No,No,0,0,2,No Offer,Yes,32.03,No,No,No Internet,0,No,No,No,No,No,No,No,No,Month-to-Month,No,Mailed Check,20.35,33.2,0.0,0,64.06,2,0,16.6,5627
Male,51,No,No,0,0,47,Offer B,Yes,40.25,Yes,Yes,Fiber Optic,20,Yes,Yes,No,No,Yes,No,No,Yes,One Year,No,Bank Withdrawal,94.8,4535.85,3.34,0,1891.75,4,4,96.50744680851065,5022
Female,54,No,No,0,0,12,Offer D,Yes,6.56,No,Yes,DSL,17,No,No,No,No,No,No,No,Yes,Month-to-Month,No,Bank Withdrawal,43.8,540.95,0.0,0,78.72,4,1,45.07916666666667,5706
Female,38,No,Yes,3,5,35,No Offer,Yes,18.86,Yes,No,No Internet,0,No,No,No,No,No,No,No,No,Two Year,No,Bank Withdrawal,24.3,821.6,0.0,0,660.1,4,0,23.474285714285713,5998
Female,79,Yes,Yes,0,1,34,Offer C,Yes,25.84,Yes,Yes,Fiber Optic,15,No,Yes,No,No,No,No,No,Yes,Month-to-Month,Yes,Credit Card,79.6,2718.3,0.0,0,878.56,1,2,79.95,3980
Male,39,No,Yes,0,6,60,Offer B,Yes,15.24,No,Yes,DSL,16,Yes,No,No,No,Yes,No,No,Yes,One Year,Yes,Credit Card,59.8,3561.15,0.0,0,914.4,3,3,59.3525,5488
Female,42,No,Yes,3,1,42,No Offer,Yes,12.6,No,Yes,Fiber Optic,26,No,No,Yes,Yes,Yes,Yes,Yes,Yes,Two Year,Yes,Bank Withdrawal,100.4,4303.65,0.0,0,529.2,5,6,102.46785714285713,3265
Male,24,No,No,0,0,60,Offer B,Yes,30.92,No,Yes,DSL,26,Yes,Yes,Yes,No,No,No,No,Yes,Two Year,No,Bank Withdrawal,61.4,3638.25,0.0,0,1855.2,3,4,60.6375,6209
Male,28,No,Yes,2,7,71,Offer A,Yes,39.09,Yes,Yes,Fiber Optic,69,Yes,No,No,No,Yes,Yes,Yes,Yes,Two Year,Yes,Bank Withdrawal,97.2,6910.3,0.0,0,2775.39,3,5,97.32816901408451,4603
Male,28,No,No,0,0,18,Offer D,Yes,38.73,No,No,No Internet,0,No,No,No,No,No,No,No,No,One Year,No,Credit Card,20.1,401.85,0.0,0,697.14,5,0,22.325000000000003,5586
Male,26,No,Yes,0,2,61,No Offer,Yes,20.34,No,Yes,Cable,51,Yes,Yes,No,Yes,Yes,Yes,Yes,No,Two Year,Yes,Credit Card,81.05,4747.65,0.0,0,1240.74,3,6,77.83032786885245,4072
Female,23,No,Yes,0,4,10,No Offer,Yes,38.03,Yes,Yes,Fiber Optic,42,Yes,No,No,No,No,No,No,Yes,Month-to-Month,Yes,Credit Card,78.15,765.15,0.0,0,380.3,3,2,76.515,3403
Male,31,No,No,0,0,4,No Offer,Yes,20.16,No,No,No Internet,0,No,No,No,No,No,No,No,No,Month-to-Month,No,Mailed Check,19.0,78.9,0.0,0,80.64,4,0,19.725,3022
Male,46,No,No,3,0,1,No Offer,Yes,7.66,No,No,No Internet,0,No,No,No,No,No,No,No,No,Month-to-Month,No,Credit Card,20.05,20.05,0.0,0,7.66,3,0,20.05,4221
Male,64,No,Yes,0,6,72,No Offer,Yes,23.27,Yes,Yes,Fiber Optic,3,Yes,Yes,Yes,Yes,Yes,Yes,Yes,Yes,Two Year,Yes,Credit Card,114.1,8086.4,0.0,0,1675.44,3,8,112.3111111111111,4965
Female,34,No,Yes,1,1,66,No Offer,Yes,37.84,Yes,Yes,Fiber Optic,17,No,No,No,No,No,No,No,Yes,One Year,Yes,Bank Withdrawal,74.25,4859.25,0.0,0,2497.44,3,1,73.625,4395
Female,80,Yes,Yes,1,7,71,No Offer,Yes,48.59,Yes,Yes,DSL,15,Yes,Yes,No,No,Yes,No,No,Yes,One Year,No,Bank Withdrawal,69.2,4982.5,0.0,0,3449.89,4,4,70.17605633802818,5546
Female,35,No,Yes,1,3,71,Offer A,Yes,34.53,Yes,Yes,Fiber Optic,19,Yes,Yes,Yes,Yes,No,No,No,No,One Year,Yes,Credit Card,95.15,6770.85,0.0,0,2451.63,3,4,95.36408450704226,5647
Male,57,No,No,0,0,56,No Offer,Yes,2.58,Yes,No,No Internet,0,No,No,No,No,No,No,No,No,One Year,No,Bank Withdrawal,24.9,1334.0,0.0,0,144.48,3,0,23.821428571428573,5327
Male,53,No,No,0,0,23,No Offer,Yes,48.21,No,Yes,Fiber Optic,23,No,Yes,No,No,Yes,Yes,Yes,Yes,Month-to-Month,No,Credit Card,95.3,2192.9,0.0,0,1108.83,3,5,95.34347826086957,5029
Female,45,No,No,0,0,62,No Offer,Yes,23.18,No,Yes,DSL,18,Yes,No,No,Yes,No,Yes,Yes,Yes,Two Year,Yes,Credit Card,65.1,3846.75,0.0,0,1437.16,3,5,62.04435483870968,5172
Male,73,Yes,No,0,0,2,No Offer,Yes,5.57,No,Yes,Cable,24,Yes,No,Yes,No,Yes,No,No,Yes,Month-to-Month,No,Bank Withdrawal,66.4,94.55,0.0,0,11.14,1,4,47.275,4522
Male,27,No,Yes,0,0,60,No Offer,Yes,10.05,Yes,Yes,Fiber Optic,48,No,No,Yes,No,Yes,Yes,Yes,Yes,Two Year,No,Credit Card,101.15,6067.4,0.0,0,603.0,3,5,101.12333333333332,5301
Male,40,No,Yes,3,1,51,No Offer,Yes,42.55,Yes,No,No Internet,0,No,No,No,No,No,No,No,No,One Year,Yes,Credit Card,23.95,1216.35,0.0,0,2170.05,5,0,23.849999999999998,5895
Male,41,No,No,0,0,12,No Offer,Yes,12.36,Yes,Yes,Fiber Optic,23,No,No,No,No,Yes,No,No,Yes,Month-to-Month,Yes,Bank Withdrawal,84.45,1059.55,0.0,0,148.32,2,2,88.29583333333333,3330
Female,41,No,Yes,2,1,43,Offer B,Yes,14.64,No,Yes,DSL,19,No,Yes,No,No,No,No,No,Yes,Month-to-Month,No,Mailed Check,50.2,2169.4,0.0,0,629.52,4,2,50.45116279069768,5284
Male,39,No,Yes,0,7,39,No Offer,Yes,29.56,Yes,No,No Internet,0,No,No,No,No,No,No,No,No,Two Year,Yes,Credit Card,23.8,903.8,0.0,0,1152.84,5,0,23.174358974358974,3970
Male,61,No,Yes,0,10,35,No Offer,Yes,13.39,Yes,Yes,DSL,20,No,No,No,Yes,Yes,Yes,Yes,Yes,One Year,Yes,Bank Withdrawal,73.45,2661.1,0.0,0,468.65,4,5,76.03142857142856,4719
Female,47,No,No,0,0,26,No Offer,No,0.0,No,Yes,DSL,7,No,No,Yes,No,Yes,Yes,Yes,Yes,Month-to-Month,Yes,Credit Card,50.35,1277.5,0.0,0,0.0,5,5,49.13461538461539,2510
Female,23,No,Yes,3,0,28,Offer C,Yes,4.89,Yes,Yes,Fiber Optic,47,No,No,Yes,Yes,Yes,Yes,Yes,Yes,Month-to-Month,Yes,Bank Withdrawal,104.8,3046.05,0.0,0,136.92,3,6,108.78750000000001,5003
Female,24,No,Yes,0,1,48,Offer B,Yes,6.36,Yes,Yes,Fiber Optic,47,Yes,Yes,No,No,Yes,Yes,Yes,Yes,One Year,Yes,Credit Card,103.25,5037.55,0.0,0,305.28,1,6,104.94895833333334,4736
Female,61,No,Yes,3,9,54,No Offer,Yes,23.02,Yes,Yes,Cable,21,No,Yes,Yes,No,No,No,No,Yes,Two Year,Yes,Bank Withdrawal,59.8,3246.45,0.0,0,1243.08,5,3,60.11944444444444,5898
Male,36,No,No,0,0,46,Offer B,Yes,24.13,No,Yes,Cable,16,No,No,No,No,No,No,No,Yes,Month-to-Month,Yes,Credit Card,45.2,2065.15,0.0,0,1109.98,5,1,44.8945652173913,3150
Male,48,No,No,0,0,1,Offer E,Yes,27.58,No,Yes,Fiber Optic,16,No,No,No,No,No,No,No,Yes,Month-to-Month,No,Bank Withdrawal,69.95,69.95,0.0,0,27.58,1,1,69.95,5066
Male,37,No,No,0,0,36,No Offer,Yes,12.72,No,No,No Internet,0,No,No,No,No,No,No,No,No,One Year,Yes,Credit Card,20.35,695.85,0.0,0,457.92,5,0,19.329166666666666,3526
Male,23,No,Yes,1,8,15,No Offer,Yes,2.12,No,Yes,Fiber Optic,30,Yes,No,No,Yes,Yes,Yes,Yes,No,One Year,No,Bank Withdrawal,101.9,1667.25,0.0,120,31.8,3,5,111.15,3707
Male,31,No,Yes,0,3,51,Offer B,Yes,29.4,Yes,Yes,Fiber Optic,21,No,Yes,Yes,No,Yes,Yes,Yes,No,One Year,Yes,Bank Withdrawal,106.8,5498.8,0.0,140,1499.4,3,5,107.81960784313726,4640
Female,50,No,No,0,0,68,No Offer,Yes,9.82,Yes,No,No Internet,0,No,No,No,No,No,No,No,No,Two Year,No,Bank Withdrawal,25.5,1821.8,16.85,0,667.76,5,0,26.791176470588233,5182
Female,46,No,No,0,0,10,Offer D,Yes,49.5,Yes,Yes,Fiber Optic,19,No,Yes,No,No,No,No,No,Yes,Month-to-Month,Yes,Credit Card,81.0,818.05,0.0,0,495.0,2,2,81.80499999999999,2946
Male,22,No,Yes,0,2,71,Offer A,Yes,18.04,Yes,Yes,DSL,41,Yes,Yes,Yes,Yes,No,Yes,Yes,Yes,Two Year,No,Credit Card,80.4,5727.15,0.0,0,1280.84,3,7,80.66408450704225,5228
Male,52,No,No,0,0,69,Offer A,Yes,20.44,Yes,Yes,Fiber Optic,3,No,Yes,No,Yes,Yes,Yes,Yes,Yes,One Year,Yes,Bank Withdrawal,104.7,7220.35,0.0,0,1410.36,3,6,104.64275362318841,6350
Female,39,No,Yes,0,1,58,Offer B,Yes,27.99,Yes,Yes,Fiber Optic,24,Yes,Yes,Yes,No,Yes,Yes,Yes,Yes,Two Year,Yes,Bank Withdrawal,109.45,6144.55,0.0,0,1623.42,1,7,105.94051724137931,6424
Male,29,No,Yes,0,1,19,No Offer,Yes,5.93,Yes,Yes,Fiber Optic,51,No,No,No,Yes,Yes,Yes,Yes,Yes,One Year,Yes,Bank Withdrawal,100.95,1875.55,0.0,0,112.67,3,5,98.71315789473684,4072
Male,63,No,No,0,0,26,Offer C,Yes,45.7,No,No,No Internet,0,No,No,No,No,No,No,No,No,One Year,No,Credit Card,19.8,457.3,0.0,0,1188.2,3,0,17.588461538461537,5823
Female,55,No,No,0,0,42,No Offer,Yes,39.32,No,Yes,Cable,20,Yes,Yes,No,Yes,No,Yes,Yes,Yes,One Year,Yes,Credit Card,67.7,2882.25,0.0,0,1651.44,4,6,68.625,5034
Female,42,No,Yes,3,1,41,No Offer,Yes,45.26,Yes,Yes,Cable,56,Yes,Yes,Yes,Yes,No,Yes,Yes,Yes,Month-to-Month,No,Credit Card,79.9,3326.2,0.0,0,1855.66,1,7,81.12682926829268,4734
Female,62,No,No,0,0,72,No Offer,Yes,42.36,No,No,No Internet,0,No,No,No,No,No,No,No,No,Two Year,No,Credit Card,20.25,1566.9,0.0,0,3049.92,4,0,21.762500000000003,5733
Female,27,No,Yes,0,9,6,Offer E,Yes,5.69,No,Yes,DSL,27,No,No,No,No,No,No,No,Yes,Month-to-Month,No,Credit Card,45.65,323.45,0.0,0,34.14,4,1,53.90833333333333,4227
Male,52,No,No,0,0,4,No Offer,No,0.0,No,Yes,Cable,22,No,No,No,Yes,No,No,No,Yes,Month-to-Month,No,Bank Withdrawal,30.5,118.4,0.0,0,0.0,4,2,29.6,3030
Female,33,No,No,0,0,5,No Offer,Yes,34.8,No,No,No Internet,0,No,No,No,No,No,No,No,No,Month-to-Month,No,Credit Card,19.95,109.6,0.0,0,174.0,3,0,21.919999999999998,5252
Female,41,No,No,0,0,1,Offer E,Yes,31.68,No,Yes,Fiber Optic,22,No,No,No,No,Yes,Yes,Yes,Yes,Month-to-Month,No,Bank Withdrawal,90.6,90.6,0.0,0,31.68,1,4,90.6,2540
Female,46,No,No,0,0,7,Offer E,Yes,48.36,No,Yes,Fiber Optic,15,No,No,Yes,No,Yes,Yes,Yes,Yes,Month-to-Month,Yes,Bank Withdrawal,95.35,660.9,34.29,0,338.52,2,5,94.41428571428571,3077
Female,23,No,Yes,0,1,72,No Offer,Yes,1.67,Yes,Yes,Fiber Optic,59,Yes,Yes,Yes,Yes,Yes,Yes,Yes,Yes,Two Year,Yes,Credit Card,115.55,8312.4,0.0,0,120.24,3,8,115.44999999999999,5076
Female,22,No,Yes,2,5,71,No Offer,Yes,22.36,No,No,No Internet,0,No,No,No,No,No,No,No,No,Two Year,No,Credit Card,19.7,1415.85,0.0,0,1587.56,3,0,19.941549295774646,5921
Male,23,No,Yes,3,1,37,Offer C,Yes,43.01,No,Yes,Fiber Optic,51,No,No,No,No,Yes,Yes,Yes,Yes,One Year,No,Credit Card,91.2,3247.55,0.0,0,1591.37,5,4,87.77162162162162,5263
Male,45,No,Yes,2,9,26,No Offer,Yes,43.84,No,No,No Internet,0,No,No,No,No,No,No,No,No,Two Year,Yes,Credit Card,19.15,515.75,0.0,0,1139.84,5,0,19.83653846153846,4347
Male,48,No,Yes,3,1,6,Offer E,Yes,34.7,No,Yes,DSL,51,Yes,No,No,No,No,No,No,Yes,Month-to-Month,Yes,Bank Withdrawal,49.15,295.65,0.0,0,208.2,3,2,49.275,4076
Male,75,Yes,Yes,0,3,72,Offer A,Yes,21.38,Yes,Yes,Fiber Optic,2,Yes,Yes,Yes,Yes,Yes,Yes,No,Yes,Two Year,Yes,Bank Withdrawal,114.95,8196.4,0.0,0,1539.36,3,7,113.83888888888889,6268
Female,55,No,Yes,0,9,42,No Offer,Yes,33.63,Yes,No,No Internet,0,No,No,No,No,No,No,No,No,Two Year,No,Bank Withdrawal,25.25,1108.2,0.0,0,1412.46,4,0,26.385714285714286,3052
Male,56,No,No,0,0,57,Offer B,Yes,12.99,No,No,No Internet,0,No,No,No,No,No,No,No,No,Two Year,No,Credit Card,20.55,1252.85,0.0,0,740.43,3,0,21.979824561403507,4565
Female,21,No,Yes,0,5,3,No Offer,Yes,23.26,Yes,Yes,Fiber Optic,42,No,No,No,No,Yes,Yes,Yes,No,Month-to-Month,Yes,Bank Withdrawal,95.2,292.85,0.0,20,69.78,1,3,97.61666666666667,4176
Male,48,No,Yes,1,3,64,No Offer,No,0.0,No,Yes,DSL,19,Yes,No,Yes,Yes,Yes,Yes,Yes,Yes,Two Year,Yes,Bank Withdrawal,60.05,3845.45,0.0,0,0.0,4,7,60.08515625,4120
Female,69,Yes,Yes,0,2,60,No Offer,Yes,24.62,No,Yes,Fiber Optic,30,Yes,Yes,Yes,Yes,Yes,Yes,No,Yes,Two Year,Yes,Bank Withdrawal,110.0,6668.35,0.0,0,1477.2,5,7,111.13916666666667,4953
Male,31,No,Yes,2,8,1,No Offer,Yes,30.38,No,No,No Internet,0,No,No,No,No,No,No,No,No,Month-to-Month,No,Bank Withdrawal,19.75,19.75,0.0,0,30.38,4,0,19.75,3068
Female,31,No,No,0,0,2,No Offer,Yes,10.81,No,Yes,Cable,13,No,No,No,No,No,No,No,Yes,Month-to-Month,Yes,Bank Withdrawal,45.4,80.95,0.0,0,21.62,3,1,40.475,4964
Female,23,No,Yes,2,7,36,No Offer,Yes,40.54,Yes,Yes,Cable,59,Yes,Yes,Yes,Yes,Yes,Yes,Yes,Yes,Two Year,Yes,Credit Card,92.9,3379.25,0.0,0,1459.44,3,8,93.86805555555556,3570
Male,44,No,Yes,0,1,1,No Offer,Yes,32.35,No,Yes,Fiber Optic,18,No,No,No,No,Yes,Yes,Yes,Yes,Month-to-Month,No,Mailed Check,89.15,89.15,0.0,0,32.35,1,4,89.15,3123
Male,19,No,No,0,0,3,No Offer,No,0.0,No,Yes,DSL,59,No,No,No,Yes,No,No,No,Yes,Month-to-Month,No,Bank Withdrawal,30.4,82.15,0.0,0,0.0,4,2,27.383333333333336,3108
Male,28,No,Yes,0,10,34,No Offer,Yes,13.97,Yes,Yes,Fiber Optic,48,No,Yes,No,No,No,Yes,Yes,Yes,Month-to-Month,No,Credit Card,88.85,3000.25,0.0,0,474.98,3,4,88.24264705882354,4014
Male,40,No,Yes,0,0,70,No Offer,Yes,43.46,Yes,Yes,DSL,21,Yes,Yes,Yes,Yes,Yes,No,No,Yes,One Year,No,Bank Withdrawal,79.4,5528.9,0.0,0,3042.2,4,6,78.9842857142857,5991
Male,49,No,Yes,0,8,45,No Offer,Yes,22.8,Yes,Yes,Fiber Optic,15,Yes,No,Yes,No,No,No,No,Yes,Month-to-Month,Yes,Credit Card,84.55,3713.95,0.0,0,1026.0,3,3,82.53222222222222,3289
Male,28,No,No,0,0,44,No Offer,Yes,47.53,No,No,No Internet,0,No,No,No,No,No,No,No,No,Two Year,No,Credit Card,20.05,845.25,15.31,0,2091.32,3,0,19.210227272727273,2798
Male,56,No,Yes,1,0,12,No Offer,Yes,26.17,Yes,No,No Internet,0,No,No,No,No,No,No,No,No,Two Year,Yes,Bank Withdrawal,24.0,269.65,0.0,0,314.04,3,0,22.47083333333333,3705
Male,37,No,Yes,0,7,36,Offer C,No,0.0,No,Yes,Cable,23,Yes,No,Yes,No,No,No,No,Yes,One Year,No,Mailed Check,35.35,1317.95,0.0,0,0.0,4,3,36.609722222222224,3314
Female,54,No,No,0,0,1,Offer E,Yes,15.51,No,No,No Internet,0,No,No,No,No,No,No,No,No,Month-to-Month,No,Credit Card,20.9,20.9,0.0,0,15.51,3,0,20.9,5527
Female,30,No,No,0,0,9,Offer E,No,0.0,No,Yes,Cable,48,Yes,No,Yes,Yes,Yes,Yes,Yes,Yes,Month-to-Month,No,Mailed Check,58.5,539.85,0.0,0,0.0,1,7,59.983333333333334,3032
Female,63,No,Yes,1,3,42,Offer B,Yes,3.14,No,No,No Internet,0,No,No,No,No,No,No,No,No,Two Year,No,Credit Card,20.0,833.55,0.0,0,131.88,3,0,19.84642857142857,3413
Female,68,Yes,No,0,0,3,No Offer,Yes,23.82,Yes,Yes,Fiber Optic,30,No,No,No,No,No,No,No,Yes,Month-to-Month,Yes,Credit Card,75.05,256.25,0.0,0,71.46,1,1,85.41666666666667,3553
Male,78,Yes,Yes,0,7,8,Offer E,Yes,25.57,No,Yes,Cable,12,No,No,Yes,Yes,No,Yes,Yes,Yes,Two Year,Yes,Credit Card,64.4,581.7,0.0,0,204.56,5,5,72.7125,4537
Female,55,No,Yes,0,7,58,No Offer,No,0.0,No,Yes,DSL,29,Yes,Yes,No,No,Yes,No,No,Yes,One Year,Yes,Bank Withdrawal,45.35,2540.1,4.08,0,0.0,3,4,43.79482758620689,5137
Male,80,Yes,Yes,0,1,23,No Offer,Yes,45.21,Yes,Yes,Fiber Optic,14,No,Yes,Yes,No,Yes,Yes,Yes,No,Month-to-Month,Yes,Bank Withdrawal,104.45,2184.85,0.0,60,1039.83,5,5,94.99347826086957,5883
Female,68,Yes,No,0,0,4,No Offer,Yes,6.68,Yes,Yes,Cable,17,No,No,No,No,No,Yes,No,Yes,Month-to-Month,Yes,Bank Withdrawal,84.6,360.1,0.0,0,26.72,1,2,90.025,2467
Female,43,No,No,0,0,68,No Offer,Yes,48.82,Yes,Yes,Fiber Optic,17,Yes,Yes,No,Yes,Yes,Yes,Yes,No,Two Year,No,Credit Card,110.25,7279.35,0.0,30,3319.76,4,6,107.04926470588236,5502
Female,47,No,No,0,0,22,Offer D,Yes,5.28,Yes,No,No Internet,0,No,No,No,No,No,No,No,No,Two Year,No,Credit Card,26.25,605.9,0.0,0,116.16,4,0,27.54090909090909,5676
Male,66,Yes,Yes,0,6,58,Offer B,No,0.0,No,Yes,DSL,24,No,Yes,Yes,No,No,Yes,No,Yes,Month-to-Month,Yes,Bank Withdrawal,45.3,2651.2,40.95,0,0.0,1,4,45.710344827586205,5444
Male,55,No,No,0,0,8,No Offer,No,0.0,No,Yes,Cable,16,No,No,No,No,No,No,No,Yes,Month-to-Month,Yes,Credit Card,25.25,186.3,0.0,0,0.0,3,1,23.2875,2372
Male,61,No,No,2,0,21,Offer D,Yes,13.39,Yes,Yes,Fiber Optic,24,Yes,No,No,No,No,No,No,Yes,Month-to-Month,No,Bank Withdrawal,80.35,1747.2,0.0,0,281.19,3,2,83.2,4579
Female,44,No,No,0,0,66,Offer A,Yes,16.39,Yes,Yes,Fiber Optic,26,Yes,Yes,Yes,Yes,Yes,No,No,Yes,One Year,Yes,Bank Withdrawal,104.55,6779.05,0.0,0,1081.74,3,6,102.7128787878788,4494
Female,25,No,Yes,0,0,72,No Offer,Yes,21.96,Yes,Yes,Fiber Optic,59,Yes,No,Yes,No,Yes,Yes,Yes,Yes,Two Year,Yes,Bank Withdrawal,105.5,7544.0,0.0,0,1581.12,3,6,104.77777777777777,5551
Male,73,Yes,No,0,0,1,Offer E,Yes,49.34,No,Yes,DSL,15,No,No,No,No,No,No,No,Yes,Two Year,No,Bank Withdrawal,45.2,45.2,0.0,0,49.34,3,1,45.2,4576
Female,20,No,Yes,0,8,21,Offer D,No,0.0,No,Yes,DSL,59,Yes,No,No,No,No,No,No,Yes,Month-to-Month,No,Bank Withdrawal,28.5,629.35,0.0,0,0.0,4,2,29.969047619047622,3766
Female,21,No,Yes,0,6,72,No Offer,Yes,15.35,Yes,Yes,DSL,41,Yes,Yes,No,Yes,Yes,Yes,Yes,Yes,Two Year,Yes,Bank Withdrawal,86.4,6058.95,0.0,0,1105.2,3,7,84.15208333333334,6114
Female,32,No,No,0,0,1,No Offer,Yes,27.7,Yes,Yes,Fiber Optic,19,No,No,No,No,No,No,No,No,Month-to-Month,Yes,Bank Withdrawal,77.15,77.15,0.0,10,27.7,3,0,77.15,2756
Male,19,No,No,2,0,27,Offer C,Yes,2.63,No,Yes,DSL,59,Yes,Yes,No,No,No,No,No,No,One Year,No,Credit Card,56.2,1567.55,0.0,30,71.01,4,2,58.0574074074074,5978
Male,27,No,No,0,0,3,Offer E,Yes,38.41,No,No,No Internet,0,No,No,No,No,No,No,No,No,Month-to-Month,No,Credit Card,20.7,57.5,0.0,0,115.23,4,0,19.166666666666668,2011
Female,44,No,Yes,0,7,72,No Offer,Yes,6.58,Yes,Yes,Fiber Optic,7,Yes,No,Yes,No,Yes,Yes,Yes,Yes,Two Year,Yes,Credit Card,105.0,7589.8,0.0,0,473.76,3,6,105.41388888888889,5678
Female,50,No,Yes,1,4,68,Offer A,Yes,47.91,Yes,Yes,DSL,23,Yes,Yes,Yes,Yes,Yes,Yes,Yes,Yes,Two Year,Yes,Bank Withdrawal,89.05,6185.8,0.0,0,3257.88,3,8,90.96764705882353,5001
Female,35,No,Yes,0,8,58,Offer B,Yes,37.95,Yes,Yes,Fiber Optic,18,Yes,Yes,Yes,No,Yes,Yes,Yes,Yes,One Year,Yes,Credit Card,110.65,6526.65,0.0,0,2201.1,3,7,112.52844827586206,4761
Male,35,No,Yes,3,9,71,Offer A,Yes,22.83,No,Yes,DSL,53,Yes,Yes,Yes,Yes,Yes,Yes,Yes,Yes,Two Year,No,Bank Withdrawal,85.45,6029.9,0.0,0,1620.93,3,8,84.9281690140845,5394
Male,31,No,No,0,0,7,Offer E,Yes,35.91,Yes,Yes,Fiber Optic,27,No,No,Yes,No,Yes,No,No,Yes,Month-to-Month,Yes,Bank Withdrawal,90.45,593.45,0.0,0,251.37,2,3,84.77857142857144,5356
Male,50,No,Yes,0,8,71,No Offer,Yes,27.16,Yes,Yes,Fiber Optic,3,No,Yes,Yes,Yes,Yes,Yes,Yes,Yes,One Year,Yes,Bank Withdrawal,113.15,7953.25,0.0,0,1928.36,3,7,112.01760563380282,4068
Male,58,No,Yes,1,7,47,No Offer,Yes,9.19,Yes,Yes,Fiber Optic,19,Yes,Yes,Yes,Yes,Yes,Yes,Yes,Yes,One Year,Yes,Bank Withdrawal,113.45,5317.8,0.0,0,431.93,3,8,113.14468085106384,3729
Female,40,No,No,0,0,42,No Offer,Yes,8.71,No,Yes,DSL,23,No,Yes,No,No,No,No,No,Yes,Month-to-Month,Yes,Bank Withdrawal,49.55,2077.95,0.0,0,365.82,5,2,49.474999999999994,3637
Female,28,No,Yes,2,5,69,No Offer,Yes,42.49,No,No,No Internet,0,No,No,No,No,No,No,No,No,Two Year,No,Bank Withdrawal,20.2,1412.65,0.0,0,2931.81,5,0,20.473188405797103,5267
Male,53,No,No,0,0,12,Offer D,Yes,1.8,No,Yes,DSL,3,No,Yes,No,Yes,No,No,No,Yes,Month-to-Month,Yes,Credit Card,53.75,648.65,0.0,0,21.6,5,3,54.05416666666667,5385
Female,38,No,Yes,0,1,49,No Offer,Yes,6.45,Yes,Yes,Fiber Optic,10,No,Yes,Yes,Yes,Yes,Yes,Yes,Yes,Two Year,Yes,Bank Withdrawal,107.95,5293.2,0.0,0,316.05,2,7,108.02448979591837,5785
Female,76,Yes,No,0,0,16,No Offer,Yes,38.75,Yes,Yes,Fiber Optic,16,No,No,No,No,Yes,Yes,No,Yes,Month-to-Month,Yes,Bank Withdrawal,96.15,1529.2,0.0,0,620.0,2,3,95.575,5913
Male,54,No,Yes,3,1,6,No Offer,Yes,41.36,No,No,No Internet,0,No,No,No,No,No,No,No,No,Two Year,Yes,Credit Card,20.4,107.6,0.0,0,248.16,5,0,17.933333333333334,4628
Female,45,No,No,0,0,1,No Offer,Yes,49.51,No,No,No Internet,0,No,No,No,No,No,No,No,No,Month-to-Month,No,Mailed Check,19.9,19.9,0.0,0,49.51,2,0,19.9,4248
Female,50,No,Yes,2,5,59,Offer B,Yes,47.05,Yes,Yes,Cable,24,Yes,Yes,Yes,Yes,Yes,Yes,Yes,Yes,Two Year,No,Credit Card,90.3,5194.05,0.0,0,2775.95,3,8,88.03474576271186,4617
Female,47,No,No,0,0,2,Offer E,Yes,42.55,No,Yes,DSL,30,No,Yes,No,Yes,No,No,No,Yes,Month-to-Month,Yes,Credit Card,55.05,102.75,0.0,0,85.1,1,3,51.375,5855
Male,59,No,Yes,0,5,60,Offer B,Yes,5.43,Yes,Yes,Fiber Optic,29,Yes,No,Yes,No,Yes,No,No,Yes,One Year,Yes,Bank Withdrawal,95.4,5812.0,0.0,0,325.8,4,4,96.86666666666666,4149
Male,32,No,No,0,0,1,Offer E,Yes,5.67,No,Yes,Fiber Optic,7,No,No,No,No,No,No,No,Yes,Month-to-Month,Yes,Bank Withdrawal,70.3,70.3,0.0,0,5.67,2,1,70.3,4512
Male,67,Yes,No,0,0,32,Offer C,Yes,25.45,Yes,Yes,Fiber Optic,18,No,No,No,No,Yes,Yes,No,Yes,Month-to-Month,Yes,Credit Card,96.15,3019.25,0.0,0,814.4,2,3,94.3515625,2246
Male,50,No,No,0,0,12,No Offer,Yes,46.58,No,Yes,DSL,26,No,No,No,Yes,No,No,No,No,Month-to-Month,No,Bank Withdrawal,50.25,593.75,0.0,120,558.96,1,1,49.479166666666664,3624
Male,24,No,No,0,0,31,No Offer,Yes,17.18,Yes,Yes,Fiber Optic,76,No,No,No,Yes,No,No,No,Yes,One Year,No,Credit Card,81.7,2548.65,0.0,0,532.58,5,2,82.21451612903226,4850
Female,41,No,No,2,0,9,No Offer,Yes,27.21,Yes,Yes,Fiber Optic,29,No,No,No,No,Yes,Yes,Yes,Yes,Month-to-Month,No,Bank Withdrawal,94.4,857.25,0.0,0,244.89,3,4,95.25,5571
Female,58,No,No,0,0,12,No Offer,Yes,41.78,No,No,No Internet,0,No,No,No,No,No,No,No,No,One Year,No,Credit Card,19.3,228.75,0.0,0,501.36,5,0,19.0625,2868
Female,47,No,Yes,1,9,49,Offer B,Yes,16.6,Yes,Yes,DSL,14,No,Yes,No,Yes,Yes,Yes,Yes,Yes,Two Year,No,Bank Withdrawal,79.3,3902.45,0.0,0,813.4,5,6,79.64183673469387,6366
Male,42,No,No,0,0,15,Offer D,Yes,45.92,No,Yes,Fiber Optic,12,No,No,Yes,Yes,Yes,Yes,Yes,Yes,Month-to-Month,Yes,Bank Withdrawal,101.35,1553.95,0.0,0,688.8,2,6,103.59666666666666,3025
Female,40,No,No,0,0,9,No Offer,Yes,41.92,No,Yes,Cable,29,No,No,No,No,No,No,No,Yes,Month-to-Month,Yes,Bank Withdrawal,44.2,403.35,0.0,0,377.28,2,1,44.81666666666667,2029
Male,61,No,No,0,0,1,Offer E,Yes,43.03,No,Yes,DSL,3,No,Yes,No,No,No,No,No,Yes,Month-to-Month,Yes,Bank Withdrawal,50.75,50.75,0.0,0,43.03,2,2,50.75,5355
Female,55,No,Yes,0,5,23,Offer D,Yes,1.39,No,Yes,DSL,18,No,No,No,Yes,Yes,No,No,Yes,One Year,No,Bank Withdrawal,60.0,1347.15,0.0,0,31.97,4,3,58.571739130434786,3835
Male,65,Yes,No,0,0,67,No Offer,Yes,34.23,No,Yes,Fiber Optic,11,Yes,Yes,No,Yes,Yes,Yes,Yes,Yes,Two Year,Yes,Bank Withdrawal,105.05,7171.7,0.0,0,2293.41,4,7,107.04029850746268,4143
Female,30,No,No,0,0,21,No Offer,Yes,7.41,No,Yes,DSL,51,Yes,No,Yes,Yes,No,No,No,Yes,One Year,Yes,Bank Withdrawal,60.25,1258.35,0.0,0,155.61,4,4,59.921428571428564,4870
Female,55,No,No,0,0,3,Offer E,Yes,46.36,No,Yes,Fiber Optic,4,No,Yes,No,No,Yes,No,No,Yes,Month-to-Month,No,Bank Withdrawal,83.75,247.25,0.0,0,139.08,2,3,82.41666666666667,4852
Male,77,Yes,Yes,2,0,66,No Offer,Yes,3.27,Yes,Yes,Fiber Optic,10,Yes,Yes,Yes,Yes,Yes,Yes,No,Yes,One Year,Yes,Bank Withdrawal,116.25,7862.25,0.0,0,215.82,3,7,119.125,4578
Male,23,No,No,0,0,69,Offer A,Yes,26.45,Yes,Yes,DSL,46,Yes,Yes,Yes,Yes,Yes,No,No,No,Two Year,Yes,Credit Card,79.45,5502.55,0.0,80,1825.05,4,5,79.74710144927536,5189
Female,24,No,Yes,3,9,23,Offer D,Yes,1.88,No,No,No Internet,0,No,No,No,No,No,No,No,No,Two Year,Yes,Credit Card,19.65,451.55,0.0,0,43.24,4,0,19.632608695652173,4896
Female,34,No,No,0,0,4,Offer E,Yes,5.63,No,Yes,Fiber Optic,18,No,No,Yes,Yes,Yes,Yes,Yes,Yes,Month-to-Month,Yes,Bank Withdrawal,98.1,396.3,0.0,0,22.52,1,6,99.075,2895
Female,31,No,No,5,0,2,No Offer,Yes,29.81,No,No,No Internet,0,No,No,No,No,No,No,No,No,Month-to-Month,Yes,Bank Withdrawal,19.6,35.85,0.0,0,59.62,3,0,17.925,2843
Male,47,No,Yes,3,1,72,No Offer,Yes,21.89,Yes,Yes,Fiber Optic,58,Yes,Yes,Yes,Yes,Yes,Yes,Yes,No,Two Year,No,Bank Withdrawal,114.55,8306.05,21.6,40,1576.08,3,7,115.36180555555555,6158
Male,47,No,Yes,0,4,64,No Offer,Yes,6.59,Yes,Yes,Cable,20,No,Yes,Yes,Yes,Yes,No,No,Yes,Two Year,Yes,Bank Withdrawal,76.1,4818.8,0.0,0,421.76,4,5,75.29375,4222
Male,32,No,Yes,3,3,66,Offer A,Yes,42.84,Yes,No,No Internet,0,No,No,No,No,No,No,No,No,One Year,Yes,Credit Card,25.7,1714.55,0.0,0,2827.44,4,0,25.9780303030303,5517
Male,26,No,No,0,0,1,Offer E,Yes,14.78,No,Yes,DSL,59,No,Yes,No,No,No,No,Yes,Yes,Month-to-Month,No,Credit Card,50.65,50.65,0.0,0,14.78,1,3,50.65,2431
Female,37,No,Yes,1,8,7,No Offer,No,0.0,No,Yes,Cable,17,Yes,No,No,Yes,No,No,No,Yes,Month-to-Month,No,Credit Card,34.65,246.6,0.0,0,0.0,3,3,35.22857142857143,5996
Male,54,No,Yes,2,1,45,No Offer,Yes,22.31,Yes,Yes,Fiber Optic,19,No,Yes,Yes,No,No,Yes,Yes,Yes,Month-to-Month,Yes,Bank Withdrawal,95.95,4456.65,0.0,0,1003.95,5,5,99.03666666666666,5322
Female,59,No,Yes,2,2,52,Offer B,Yes,10.03,No,Yes,Cable,29,No,No,Yes,No,No,No,No,Yes,One Year,Yes,Bank Withdrawal,50.95,2610.65,0.0,0,521.56,4,2,50.204807692307696,4298
Male,32,No,No,0,0,72,Offer A,Yes,15.03,No,Yes,Cable,22,Yes,Yes,Yes,Yes,Yes,No,No,Yes,Two Year,Yes,Bank Withdrawal,75.1,5336.35,0.0,0,1082.16,3,6,74.11597222222223,6284
Female,30,No,Yes,1,3,70,No Offer,Yes,33.24,Yes,Yes,DSL,51,Yes,Yes,Yes,Yes,Yes,Yes,Yes,Yes,Two Year,Yes,Bank Withdrawal,89.0,6293.2,0.0,0,2326.8,3,8,89.90285714285714,5650
Male,45,No,No,0,0,20,Offer D,Yes,45.39,No,Yes,Fiber Optic,24,No,No,No,No,Yes,No,No,Yes,Month-to-Month,No,Bank Withdrawal,78.8,1641.3,0.0,0,907.8,3,2,82.065,2317
Male,20,No,No,0,0,22,Offer D,Yes,43.78,Yes,Yes,DSL,47,Yes,Yes,Yes,No,No,No,No,No,Month-to-Month,No,Credit Card,65.05,1427.55,0.0,10,963.16,4,3,64.88863636363637,4709
Female,52,No,No,0,0,36,Offer C,Yes,28.41,Yes,Yes,Fiber Optic,4,No,Yes,Yes,No,Yes,Yes,Yes,Yes,One Year,Yes,Bank Withdrawal,104.8,3886.45,0.0,0,1022.76,3,6,107.95694444444445,5319
Male,70,Yes,No,0,0,51,Offer B,Yes,19.49,Yes,Yes,Fiber Optic,11,No,No,Yes,No,Yes,Yes,No,Yes,Month-to-Month,Yes,Bank Withdrawal,97.8,4913.3,0.0,0,993.99,2,4,96.33921568627451,6204
Male,36,No,No,0,0,44,No Offer,Yes,1.4,No,No,No Internet,0,No,No,No,No,No,No,No,No,Two Year,No,Credit Card,20.4,905.55,0.0,0,61.6,5,0,20.580681818181816,2404
Male,53,No,Yes,0,1,27,Offer C,Yes,44.19,No,No,No Internet,0,No,No,No,No,No,No,No,No,Two Year,No,Bank Withdrawal,19.55,520.55,0.0,0,1193.13,4,0,19.27962962962963,4430
Female,78,Yes,No,0,0,41,Offer B,Yes,6.33,Yes,Yes,Fiber Optic,15,No,Yes,Yes,No,Yes,Yes,No,Yes,Month-to-Month,Yes,Bank Withdrawal,104.4,4133.95,0.0,0,259.53,5,5,100.8280487804878,4477
Male,38,No,No,0,0,8,Offer E,Yes,48.2,Yes,Yes,DSL,22,No,No,No,No,Yes,No,No,Yes,Month-to-Month,Yes,Bank Withdrawal,59.25,436.6,0.0,0,385.6,3,2,54.575,3003
Female,65,Yes,No,0,0,22,No Offer,Yes,34.39,No,No,No Internet,0,No,No,No,No,No,No,No,No,One Year,Yes,Credit Card,20.05,417.0,0.0,0,756.58,3,0,18.954545454545453,4327
Female,57,No,No,0,0,10,No Offer,Yes,17.65,Yes,Yes,Fiber Optic,20,No,No,No,No,No,Yes,Yes,Yes,Month-to-Month,No,Bank Withdrawal,86.45,830.85,0.0,0,176.5,2,3,83.08500000000001,5699
Male,21,No,Yes,1,6,31,No Offer,Yes,30.67,Yes,Yes,DSL,59,No,No,No,No,No,Yes,Yes,Yes,Month-to-Month,No,Bank Withdrawal,59.7,1825.5,0.0,0,950.77,5,3,58.88709677419355,2425
Female,45,No,Yes,0,6,46,No Offer,Yes,44.75,No,Yes,DSL,27,Yes,Yes,No,Yes,No,Yes,Yes,Yes,One Year,No,Credit Card,70.6,3231.05,0.0,0,2058.5,3,6,70.24021739130436,5433
Female,48,No,Yes,0,1,4,No Offer,Yes,4.14,Yes,Yes,Fiber Optic,30,No,No,No,No,No,Yes,Yes,Yes,Month-to-Month,Yes,Bank Withdrawal,85.95,381.3,0.0,0,16.56,3,3,95.325,5640
Female,27,No,Yes,0,2,10,No Offer,Yes,10.42,No,No,No Internet,0,No,No,No,No,No,No,No,No,Month-to-Month,Yes,Credit Card,20.55,252.75,0.0,0,104.2,3,0,25.275,4907
Female,51,No,Yes,0,5,3,No Offer,Yes,2.97,Yes,Yes,Fiber Optic,7,No,No,No,No,Yes,Yes,Yes,Yes,Month-to-Month,No,Bank Withdrawal,94.9,273.2,0.0,0,8.91,5,4,91.06666666666666,2330
Female,23,No,Yes,3,3,3,No Offer,Yes,24.28,Yes,Yes,DSL,73,No,Yes,Yes,No,Yes,No,No,No,Month-to-Month,Yes,Bank Withdrawal,69.15,235.0,0.0,0,72.84,3,3,78.33333333333333,2301
Female,68,Yes,Yes,0,0,72,Offer A,Yes,48.51,Yes,Yes,Cable,17,Yes,Yes,Yes,Yes,Yes,Yes,No,Yes,Two Year,Yes,Bank Withdrawal,89.85,6697.35,0.0,0,3492.72,3,7,93.01875000000001,5881
Male,27,No,No,0,0,40,No Offer,Yes,27.47,Yes,No,No Internet,0,No,No,No,No,No,No,No,No,Two Year,Yes,Credit Card,24.6,973.95,0.0,0,1098.8,5,0,24.348750000000003,2601
Male,55,No,Yes,3,3,71,Offer A,Yes,25.02,Yes,Yes,Fiber Optic,53,Yes,No,Yes,No,Yes,Yes,Yes,Yes,Two Year,No,Bank Withdrawal,105.55,7405.5,0.0,0,1776.42,3,6,104.30281690140845,5010
Male,59,No,Yes,2,10,66,Offer A,Yes,26.91,No,Yes,Cable,30,Yes,Yes,Yes,Yes,No,No,No,Yes,Two Year,No,Credit Card,65.85,4097.05,0.0,0,1776.06,3,5,62.07651515151515,5500
Male,45,No,Yes,0,10,2,No Offer,Yes,34.38,No,No,No Internet,0,No,No,No,No,No,No,No,No,Month-to-Month,No,Mailed Check,20.0,38.0,0.0,0,68.76,4,0,19.0,4823
Male,29,No,Yes,0,3,49,No Offer,Yes,42.19,Yes,Yes,Cable,52,Yes,No,No,No,No,No,No,Yes,One Year,Yes,Bank Withdrawal,55.35,2633.95,0.0,0,2067.31,3,2,53.754081632653055,5601
Male,27,No,Yes,0,1,64,Offer B,Yes,4.01,Yes,Yes,Fiber Optic,71,Yes,No,Yes,Yes,Yes,Yes,Yes,Yes,One Year,Yes,Credit Card,108.5,6880.85,0.0,0,256.64,3,7,107.51328125,4576
Male,56,No,Yes,1,5,10,No Offer,Yes,15.51,No,No,No Internet,0,No,No,No,No,No,No,No,No,Two Year,No,Credit Card,19.85,198.5,0.0,0,155.1,3,0,19.85,2019
Female,23,No,Yes,0,10,67,Offer A,Yes,4.71,Yes,Yes,DSL,58,Yes,Yes,Yes,No,No,Yes,Yes,Yes,One Year,No,Mailed Check,75.1,5064.45,0.0,0,315.57,4,6,75.58880597014925,4931
Male,54,No,Yes,3,1,8,Offer E,Yes,13.43,No,No,No Internet,0,No,No,No,No,No,No,No,No,Two Year,No,Credit Card,19.6,125.0,0.0,0,107.44,5,0,15.625,3214
Male,56,No,No,0,0,8,Offer E,Yes,3.27,Yes,Yes,Fiber Optic,6,No,Yes,No,No,Yes,Yes,Yes,Yes,Month-to-Month,No,Bank Withdrawal,100.85,819.55,0.0,0,26.16,2,5,102.44375,3849
Male,43,No,No,0,0,10,No Offer,Yes,15.6,Yes,Yes,Fiber Optic,22,No,Yes,No,No,No,No,No,Yes,Month-to-Month,No,Bank Withdrawal,79.85,797.25,0.0,0,156.0,5,2,79.725,5739
Male,58,No,Yes,3,1,24,No Offer,Yes,7.37,Yes,No,No Internet,0,No,No,No,No,No,No,No,No,Two Year,No,Credit Card,24.2,609.05,0.0,0,176.88,5,0,25.37708333333333,5865
Female,37,No,No,0,0,23,Offer D,Yes,35.03,Yes,Yes,DSL,3,No,No,No,Yes,Yes,Yes,Yes,Yes,One Year,Yes,Credit Card,73.75,1756.6,0.0,0,805.69,3,5,76.37391304347825,3483
Male,27,No,No,0,0,69,Offer A,Yes,5.71,Yes,Yes,Fiber Optic,73,Yes,Yes,Yes,No,Yes,Yes,Yes,Yes,Two Year,Yes,Credit Card,110.05,7430.75,23.16,0,393.99,3,7,107.69202898550725,5798
Female,66,Yes,No,0,0,23,No Offer,Yes,8.72,Yes,Yes,Fiber Optic,18,No,No,Yes,No,No,No,No,Yes,Two Year,Yes,Credit Card,79.35,1835.3,15.41,0,200.56,5,2,79.79565217391304,3558
Female,37,No,No,0,0,49,No Offer,Yes,20.45,No,Yes,Cable,23,Yes,Yes,Yes,Yes,No,No,No,Yes,Two Year,No,Bank Withdrawal,67.4,3306.85,0.0,0,1002.05,3,5,67.48673469387755,5075
Female,32,No,No,0,0,52,Offer B,Yes,38.71,Yes,Yes,DSL,21,No,No,Yes,Yes,Yes,Yes,Yes,Yes,Two Year,Yes,Bank Withdrawal,80.95,4233.95,0.0,0,2012.92,5,6,81.42211538461538,4924
Female,65,Yes,No,0,0,9,No Offer,Yes,24.96,No,Yes,Fiber Optic,9,No,No,Yes,No,No,No,No,Yes,Two Year,No,Credit Card,75.5,637.4,0.0,0,224.64,3,2,70.82222222222222,3021
Male,70,Yes,No,0,0,1,No Offer,Yes,16.19,No,Yes,Fiber Optic,12,No,No,No,No,No,No,No,Yes,Month-to-Month,No,Bank Withdrawal,69.1,69.1,0.0,0,16.19,3,1,69.1,2767
Male,24,No,Yes,0,2,71,No Offer,Yes,33.61,Yes,No,No Internet,0,No,No,No,No,No,No,No,No,Two Year,No,Bank Withdrawal,24.45,1730.65,0.0,0,2386.31,3,0,24.375352112676058,4766
Male,50,No,No,0,0,1,No Offer,Yes,22.86,No,Yes,Fiber Optic,25,No,No,No,No,No,No,No,No,Month-to-Month,Yes,Bank Withdrawal,69.8,69.8,0.0,10,22.86,2,0,69.8,4154
Male,59,No,Yes,3,2,63,No Offer,Yes,30.1,No,No,No Internet,0,No,No,No,No,No,No,No,No,Two Year,Yes,Mailed Check,19.15,1177.05,0.0,0,1896.3,5,0,18.683333333333334,6373
Male,47,No,Yes,1,7,8,No Offer,Yes,10.36,No,Yes,DSL,20,Yes,No,No,No,No,No,No,Yes,Month-to-Month,Yes,Credit Card,51.3,411.6,15.02,0,82.88,4,2,51.45,2545
Female,46,No,No,0,0,20,Offer D,Yes,33.86,No,No,No Internet,0,No,No,No,No,No,No,No,No,Month-to-Month,Yes,Credit Card,18.9,347.65,0.0,0,677.2,5,0,17.3825,4277
Male,64,No,No,0,0,1,Offer E,No,0.0,No,Yes,DSL,7,No,No,No,No,No,No,No,Yes,Month-to-Month,Yes,Bank Withdrawal,24.25,24.25,0.0,0,0.0,1,1,24.25,2846
Male,59,No,Yes,0,8,16,No Offer,Yes,46.0,No,Yes,Fiber Optic,30,Yes,Yes,No,No,No,No,No,Yes,Month-to-Month,No,Bank Withdrawal,80.75,1321.3,0.0,0,736.0,3,3,82.58125,2942
Male,30,No,Yes,3,1,58,Offer B,Yes,43.75,Yes,Yes,Fiber Optic,69,No,Yes,No,Yes,Yes,No,No,Yes,One Year,Yes,Credit Card,94.7,5430.35,0.0,0,2537.5,4,4,93.62672413793103,5653
Male,40,No,Yes,0,5,13,Offer D,Yes,29.92,No,Yes,Fiber Optic,21,Yes,No,No,No,No,Yes,Yes,Yes,Month-to-Month,No,Bank Withdrawal,84.05,1095.3,23.97,0,388.96,1,4,84.25384615384615,4745
Female,30,No,No,0,0,29,Offer C,Yes,32.43,No,No,No Internet,0,No,No,No,No,No,No,No,No,One Year,No,Credit Card,20.0,599.3,0.0,0,940.47,5,0,20.66551724137931,4128
Female,60,No,Yes,0,10,56,No Offer,Yes,10.13,Yes,Yes,Fiber Optic,13,No,No,Yes,Yes,Yes,Yes,Yes,Yes,Two Year,No,Bank Withdrawal,103.2,5744.35,0.0,0,567.28,5,6,102.57767857142858,4534
Female,61,No,Yes,0,4,35,Offer C,Yes,10.43,No,Yes,Fiber Optic,4,No,No,No,No,No,No,No,No,Month-to-Month,Yes,Bank Withdrawal,70.3,2416.55,0.0,80,365.05,3,0,69.04428571428572,5413
Male,72,Yes,Yes,0,9,67,Offer A,Yes,48.68,Yes,Yes,Fiber Optic,17,No,Yes,No,Yes,Yes,Yes,Yes,Yes,Two Year,No,Bank Withdrawal,102.9,6989.7,0.0,0,3261.56,3,6,104.32388059701492,5869
Male,25,No,Yes,1,6,33,No Offer,Yes,5.86,No,No,No Internet,0,No,No,No,No,No,No,No,No,One Year,Yes,Bank Withdrawal,19.45,600.25,0.0,0,193.38,5,0,18.189393939393938,3470
Female,68,Yes,Yes,0,1,4,No Offer,Yes,18.91,Yes,Yes,Fiber Optic,20,Yes,No,No,No,Yes,Yes,No,Yes,Month-to-Month,Yes,Bank Withdrawal,99.6,347.65,25.79,0,75.64,1,4,86.9125,4708
Male,45,No,No,0,0,49,No Offer,Yes,22.52,Yes,Yes,Fiber Optic,25,No,Yes,No,Yes,Yes,Yes,Yes,No,One Year,Yes,Bank Withdrawal,106.65,5168.1,0.0,130,1103.48,5,5,105.47142857142858,5154
Male,59,No,No,0,0,25,No Offer,Yes,25.2,Yes,Yes,Cable,23,Yes,Yes,Yes,Yes,No,Yes,Yes,Yes,Month-to-Month,No,Bank Withdrawal,81.75,2028.8,0.0,0,630.0,3,7,81.152,5917
Female,61,No,Yes,0,1,2,Offer E,Yes,27.41,No,Yes,Cable,23,No,No,Yes,No,Yes,Yes,Yes,Yes,Month-to-Month,No,Credit Card,69.0,147.8,0.0,0,54.82,4,5,73.9,2798
Male,49,No,Yes,1,3,59,No Offer,Yes,41.09,Yes,Yes,Fiber Optic,16,No,No,Yes,No,Yes,Yes,Yes,Yes,Two Year,Yes,Credit Card,99.5,5861.75,0.0,0,2424.31,4,5,99.35169491525424,4583
Female,58,No,Yes,0,1,50,Offer B,Yes,29.43,Yes,Yes,Fiber Optic,14,Yes,Yes,No,Yes,Yes,Yes,Yes,Yes,One Year,No,Bank Withdrawal,108.55,5610.7,0.0,0,1471.5,2,7,112.214,4274
Female,76,Yes,Yes,0,9,48,No Offer,Yes,43.04,Yes,Yes,Fiber Optic,5,Yes,Yes,Yes,Yes,Yes,Yes,No,Yes,Month-to-Month,No,Bank Withdrawal,117.45,5438.9,0.0,0,2065.92,1,7,113.31041666666665,5915
Female,48,No,Yes,0,7,69,Offer A,Yes,33.23,Yes,Yes,Fiber Optic,3,Yes,Yes,Yes,Yes,Yes,Yes,Yes,Yes,Two Year,No,Credit Card,113.25,7895.15,0.0,0,2292.87,4,8,114.42246376811593,5141
Male,23,No,Yes,0,10,72,Offer A,Yes,27.97,No,No,No Internet,0,No,No,No,No,No,No,No,No,Two Year,No,Credit Card,19.7,1421.9,0.0,0,2013.84,3,0,19.748611111111114,6436
Male,39,No,No,0,0,4,No Offer,Yes,28.89,No,Yes,DSL,3,No,No,Yes,Yes,Yes,Yes,Yes,Yes,Month-to-Month,Yes,Bank Withdrawal,74.4,299.7,0.0,0,115.56,2,6,74.925,3633
Male,26,No,No,0,0,35,No Offer,Yes,39.84,No,Yes,Fiber Optic,48,No,Yes,Yes,No,Yes,Yes,Yes,Yes,One Year,Yes,Bank Withdrawal,102.35,3626.1,0.0,0,1394.4,3,6,103.60285714285715,2473
Female,37,No,Yes,0,1,28,No Offer,Yes,18.31,No,Yes,Fiber Optic,13,No,No,No,No,Yes,Yes,Yes,Yes,One Year,Yes,Bank Withdrawal,90.1,2598.95,0.0,0,512.68,3,4,92.81964285714285,5958
Male,37,No,Yes,3,1,31,Offer C,Yes,20.76,Yes,Yes,Fiber Optic,57,Yes,No,Yes,Yes,No,No,No,Yes,Month-to-Month,No,Bank Withdrawal,89.3,2823.0,0.0,0,643.56,3,4,91.06451612903226,2132
Male,60,No,No,0,0,24,Offer C,Yes,30.42,Yes,Yes,Fiber Optic,14,No,No,No,No,Yes,Yes,Yes,No,Month-to-Month,Yes,Bank Withdrawal,94.1,2322.85,0.0,110,730.08,3,3,96.78541666666666,3192
Male,39,No,No,0,0,11,No Offer,No,0.0,No,Yes,DSL,5,No,No,Yes,No,Yes,No,No,Yes,One Year,Yes,Bank Withdrawal,41.6,470.6,0.0,0,0.0,2,3,42.78181818181818,3119
Female,26,No,No,0,0,36,No Offer,Yes,13.9,No,Yes,Cable,73,Yes,Yes,Yes,Yes,Yes,Yes,Yes,No,One Year,No,Bank Withdrawal,85.85,3003.55,0.0,0,500.4,4,7,83.43194444444445,4898
Male,62,No,Yes,0,8,38,Offer C,Yes,6.97,No,No,No Internet,0,No,No,No,No,No,No,No,No,Two Year,No,Bank Withdrawal,20.4,743.5,0.0,0,264.86,5,0,19.56578947368421,3756
Female,55,No,No,0,0,18,No Offer,Yes,13.65,Yes,Yes,Fiber Optic,5,No,Yes,No,No,Yes,No,No,Yes,Month-to-Month,Yes,Credit Card,90.0,1527.35,0.0,0,245.7,1,3,84.85277777777777,2708
Male,24,No,No,0,0,63,No Offer,Yes,29.58,No,Yes,DSL,47,Yes,Yes,Yes,Yes,Yes,Yes,Yes,Yes,Two Year,Yes,Bank Withdrawal,86.7,5309.5,0.0,0,1863.54,3,8,84.27777777777777,5841
Male,45,No,No,0,0,67,Offer A,Yes,9.05,No,No,No Internet,0,No,No,No,No,No,No,No,No,One Year,Yes,Credit Card,19.45,1195.95,0.0,0,606.35,4,0,17.85,5343
Female,25,No,No,0,0,13,Offer D,Yes,6.03,Yes,Yes,Fiber Optic,48,No,No,No,No,No,No,Yes,Yes,Month-to-Month,Yes,Mailed Check,75.0,999.45,0.0,0,78.39,2,2,76.88076923076923,2189
Male,77,Yes,No,0,0,3,Offer E,Yes,9.22,Yes,Yes,Fiber Optic,14,No,Yes,No,No,No,No,No,Yes,Month-to-Month,Yes,Bank Withdrawal,81.35,233.7,0.0,0,27.66,1,2,77.89999999999999,2818
Male,61,No,Yes,1,5,6,Offer E,Yes,49.2,No,Yes,DSL,21,No,No,No,No,No,No,No,Yes,Month-to-Month,Yes,Bank Withdrawal,44.6,260.8,0.0,0,295.2,2,1,43.46666666666667,4525
Male,39,No,No,0,0,38,No Offer,Yes,33.71,No,Yes,Fiber Optic,17,No,No,No,No,No,No,No,Yes,One Year,Yes,Bank Withdrawal,70.45,2597.6,0.0,0,1280.98,3,1,68.3578947368421,5437
Female,43,No,Yes,3,8,14,Offer D,Yes,9.77,Yes,Yes,DSL,21,No,Yes,No,Yes,Yes,Yes,Yes,Yes,Month-to-Month,No,Credit Card,80.45,1137.05,0.0,0,136.78,3,6,81.21785714285714,5772
Male,46,No,No,0,0,41,No Offer,Yes,36.76,No,No,No Internet,0,No,No,No,No,No,No,No,No,Two Year,No,Credit Card,20.15,802.35,29.95,0,1507.16,3,0,19.569512195121952,4982
Male,64,No,No,2,0,33,No Offer,No,0.0,No,Yes,Cable,12,Yes,No,No,Yes,No,No,No,Yes,One Year,No,Credit Card,34.05,1113.95,0.0,0,0.0,3,3,33.75606060606061,3044
Male,66,Yes,Yes,0,1,66,No Offer,Yes,48.87,Yes,Yes,Fiber Optic,13,No,Yes,Yes,Yes,Yes,Yes,No,Yes,One Year,Yes,Bank Withdrawal,110.85,7491.75,0.0,0,3225.42,1,6,113.51136363636364,4281
Female,64,No,No,0,0,14,No Offer,Yes,29.3,No,Yes,Fiber Optic,26,No,Yes,No,No,No,Yes,Yes,No,Month-to-Month,Yes,Bank Withdrawal,86.3,1180.95,0.0,10,410.2,2,3,84.35357142857143,3677
Male,65,Yes,No,0,0,47,No Offer,Yes,36.58,No,Yes,Fiber Optic,20,Yes,No,No,No,No,Yes,Yes,No,Month-to-Month,No,Credit Card,85.5,4042.3,0.0,50,1719.26,3,3,86.00638297872341,3645
Male,33,No,No,0,0,46,Offer B,No,0.0,No,Yes,DSL,13,Yes,No,Yes,Yes,Yes,Yes,Yes,Yes,Two Year,Yes,Bank Withdrawal,60.75,2893.4,0.0,0,0.0,4,7,62.9,2694
Male,26,No,No,0,0,27,No Offer,Yes,34.98,No,Yes,Fiber Optic,26,No,No,No,No,No,No,No,Yes,Month-to-Month,Yes,Credit Card,69.05,1793.25,22.72,0,944.46,5,1,66.41666666666667,3241
Male,44,No,No,3,0,12,Offer D,Yes,17.23,No,No,No Internet,0,No,No,No,No,No,No,No,No,Two Year,No,Bank Withdrawal,19.35,212.3,0.0,0,206.76,5,0,17.691666666666666,2558
Female,75,Yes,Yes,2,0,48,No Offer,No,0.0,No,Yes,DSL,19,No,Yes,No,No,No,No,No,Yes,One Year,No,Bank Withdrawal,29.9,1388.75,0.0,0,0.0,5,2,28.932291666666668,2617
Female,61,No,Yes,2,5,71,Offer A,Yes,36.5,Yes,Yes,Fiber Optic,19,Yes,Yes,Yes,No,Yes,No,No,Yes,Two Year,No,Bank Withdrawal,100.5,7030.65,0.0,0,2591.5,4,5,99.02323943661972,4080
Male,37,No,Yes,0,1,61,Offer B,Yes,4.69,Yes,Yes,Cable,4,Yes,No,Yes,No,No,Yes,Yes,Yes,Two Year,Yes,Credit Card,69.9,4226.7,0.0,0,286.09,4,5,69.29016393442623,5117
Female,23,No,Yes,0,10,69,No Offer,Yes,45.12,Yes,No,No Internet,0,No,No,No,No,No,No,No,No,Two Year,Yes,Credit Card,24.95,1718.35,0.0,0,3113.28,3,0,24.903623188405795,4106
Female,26,No,Yes,1,8,72,Offer A,Yes,38.99,Yes,Yes,Cable,73,Yes,No,Yes,No,Yes,No,Yes,Yes,Two Year,Yes,Bank Withdrawal,71.45,5025.85,0.0,0,2807.28,3,5,69.80347222222223,5656
Male,63,No,No,0,0,1,Offer E,Yes,14.12,No,Yes,Cable,24,No,No,No,No,No,No,No,Yes,Month-to-Month,Yes,Bank Withdrawal,45.65,45.65,0.0,0,14.12,1,1,45.65,2600
Male,20,No,Yes,1,5,29,No Offer,Yes,24.64,No,No,No Internet,0,No,No,No,No,No,No,No,No,Month-to-Month,Yes,Mailed Check,20.65,654.85,0.0,0,714.56,3,0,22.58103448275862,4667
Male,37,No,No,0,0,2,No Offer,Yes,10.47,No,Yes,DSL,21,Yes,Yes,No,No,No,No,No,Yes,Month-to-Month,Yes,Credit Card,53.85,108.15,0.0,0,20.94,1,3,54.075,3239
Male,74,Yes,Yes,0,1,17,No Offer,Yes,28.18,Yes,Yes,Cable,16,No,No,Yes,No,Yes,Yes,No,Yes,Month-to-Month,Yes,Credit Card,100.45,1622.45,0.0,0,479.06,3,4,95.43823529411765,5508
Female,41,No,No,0,0,36,Offer C,No,0.0,No,Yes,Cable,2,No,Yes,No,Yes,No,No,No,Yes,Month-to-Month,Yes,Bank Withdrawal,34.85,1267.2,0.0,0,0.0,4,3,35.2,4452
Female,51,No,Yes,1,1,27,No Offer,Yes,35.52,Yes,No,No Internet,0,No,No,No,No,No,No,No,No,Two Year,No,Bank Withdrawal,24.5,761.95,0.0,0,959.04,3,0,28.22037037037037,2645
Female,51,No,No,0,0,6,Offer E,Yes,21.91,No,Yes,DSL,12,No,No,No,Yes,No,No,No,Yes,Month-to-Month,Yes,Bank Withdrawal,50.8,288.05,0.0,0,131.46,2,2,48.00833333333333,4713
Female,49,No,Yes,1,10,53,Offer B,Yes,30.31,No,No,No Internet,0,No,No,No,No,No,No,No,No,One Year,No,Bank Withdrawal,19.55,1007.9,0.0,0,1606.43,5,0,19.016981132075472,4670
Female,19,No,Yes,0,8,71,Offer A,Yes,4.39,Yes,Yes,Fiber Optic,82,Yes,No,Yes,No,Yes,Yes,Yes,Yes,One Year,Yes,Credit Card,104.1,7412.25,0.0,0,311.69,4,6,104.39788732394366,4695
Male,63,No,Yes,0,4,72,Offer A,Yes,47.66,Yes,Yes,DSL,19,Yes,Yes,Yes,Yes,Yes,Yes,Yes,Yes,Two Year,Yes,Credit Card,88.7,6301.7,0.0,0,3431.52,3,8,87.52361111111111,5764
Female,70,Yes,Yes,1,1,12,Offer D,No,0.0,No,Yes,DSL,14,No,No,No,Yes,No,No,No,Yes,Month-to-Month,Yes,Mailed Check,29.3,355.9,0.0,0,0.0,4,2,29.65833333333333,3353
Male,38,No,Yes,0,8,67,No Offer,Yes,28.06,Yes,Yes,DSL,15,Yes,Yes,Yes,Yes,No,No,No,Yes,Two Year,No,Credit Card,70.9,4677.1,0.0,0,1880.02,3,5,69.80746268656716,4361
Male,62,No,Yes,0,9,12,Offer D,Yes,39.0,No,Yes,Fiber Optic,7,Yes,Yes,Yes,No,No,No,No,Yes,Month-to-Month,Yes,Bank Withdrawal,84.6,959.9,0.0,0,468.0,4,4,79.99166666666666,2499
Female,44,No,No,0,0,35,Offer C,Yes,10.49,Yes,Yes,Fiber Optic,17,No,No,Yes,No,Yes,Yes,Yes,Yes,Month-to-Month,Yes,Bank Withdrawal,100.25,3527.6,0.0,0,367.15,3,5,100.78857142857143,2744
Male,51,No,Yes,0,8,65,Offer B,Yes,41.57,Yes,Yes,DSL,16,No,Yes,Yes,Yes,Yes,Yes,Yes,Yes,Two Year,Yes,Bank Withdrawal,84.2,5324.5,0.0,0,2702.05,5,7,81.91538461538461,5256
Male,55,No,No,0,0,7,No Offer,Yes,7.37,Yes,Yes,Fiber Optic,6,No,No,No,No,Yes,Yes,Yes,Yes,Month-to-Month,Yes,Bank Withdrawal,94.1,701.3,0.0,0,51.59,5,4,100.18571428571428,5259
Male,61,No,Yes,1,1,56,No Offer,No,0.0,No,Yes,DSL,28,No,Yes,Yes,No,No,No,No,No,One Year,Yes,Credit Card,36.1,1971.5,0.0,60,0.0,3,2,35.205357142857146,5092
Female,19,No,Yes,0,6,49,No Offer,Yes,28.42,Yes,Yes,DSL,41,No,No,No,No,No,No,Yes,No,Month-to-Month,Yes,Credit Card,52.15,2583.75,0.0,50,1392.58,4,1,52.72959183673469,5224
Female,33,No,Yes,0,1,3,No Offer,Yes,15.02,Yes,Yes,Fiber Optic,29,No,No,No,No,No,No,No,Yes,Month-to-Month,Yes,Credit Card,75.15,216.75,0.0,0,45.06,2,1,72.25,2270
Male,34,No,No,0,0,29,Offer C,Yes,10.06,No,Yes,DSL,25,No,No,Yes,No,No,No,No,Yes,Month-to-Month,No,Bank Withdrawal,48.95,1323.7,0.0,0,291.74,3,2,45.6448275862069,4825
Female,32,No,Yes,0,4,69,No Offer,Yes,46.87,No,Yes,Fiber Optic,11,No,Yes,No,No,Yes,Yes,Yes,Yes,One Year,Yes,Credit Card,95.65,6744.2,0.0,0,3234.03,3,5,97.74202898550725,5251
Male,60,No,No,0,0,59,No Offer,Yes,16.8,No,Yes,Cable,18,No,No,Yes,Yes,Yes,No,No,Yes,Month-to-Month,Yes,Bank Withdrawal,64.65,3735.45,0.0,0,991.2,3,4,63.31271186440678,5687
Male,39,No,Yes,0,10,39,Offer C,Yes,36.39,No,No,No Internet,0,No,No,No,No,No,No,No,No,Two Year,Yes,Bank Withdrawal,20.45,790.0,0.0,0,1419.21,5,0,20.256410256410255,2165
Male,74,Yes,Yes,0,1,1,Offer E,No,0.0,No,Yes,Cable,18,No,No,No,No,No,No,No,Yes,Month-to-Month,No,Bank Withdrawal,25.05,25.05,0.0,0,0.0,1,1,25.05,2119
Female,25,No,No,0,0,63,No Offer,Yes,16.57,No,No,No Internet,0,No,No,No,No,No,No,No,No,Two Year,Yes,Credit Card,20.6,1298.7,0.0,0,1043.91,5,0,20.614285714285714,6469
Male,54,No,Yes,2,9,58,No Offer,Yes,35.35,No,Yes,DSL,29,No,Yes,No,Yes,Yes,Yes,Yes,Yes,One Year,Yes,Credit Card,75.2,4300.8,0.0,0,2050.3,4,6,74.15172413793104,4559
Female,45,No,No,0,0,30,Offer C,Yes,9.34,No,Yes,Fiber Optic,8,No,No,No,Yes,Yes,No,No,Yes,Month-to-Month,No,Bank Withdrawal,85.15,2555.9,0.0,0,280.2,2,3,85.19666666666667,4417
Female,42,No,No,0,0,72,No Offer,Yes,24.19,Yes,Yes,Fiber Optic,13,No,Yes,Yes,Yes,Yes,Yes,Yes,Yes,Two Year,Yes,Bank Withdrawal,111.6,8012.75,0.0,0,1741.68,5,7,111.28819444444444,5425
Female,33,No,No,0,0,14,Offer D,Yes,21.03,Yes,Yes,DSL,7,No,Yes,No,No,No,No,No,Yes,One Year,Yes,Mailed Check,54.25,773.2,0.0,0,294.42,5,2,55.228571428571435,4423
Female,69,Yes,No,0,0,1,No Offer,Yes,22.34,No,Yes,Fiber Optic,12,No,No,No,No,No,No,No,Yes,Month-to-Month,Yes,Bank Withdrawal,70.2,70.2,0.0,0,22.34,5,1,70.2,2422
Female,60,No,No,0,0,8,No Offer,Yes,17.52,No,Yes,DSL,28,Yes,Yes,No,Yes,No,No,No,No,One Year,No,Bank Withdrawal,58.2,469.25,0.0,30,140.16,4,3,58.65625,3325
Female,43,No,Yes,0,6,66,Offer A,Yes,11.72,Yes,Yes,Fiber Optic,20,No,Yes,Yes,Yes,No,No,No,Yes,One Year,Yes,Bank Withdrawal,90.55,6130.95,0.0,0,773.52,5,4,92.89318181818182,4958
Female,53,No,Yes,2,5,3,No Offer,Yes,10.13,No,No,No Internet,0,No,No,No,No,No,No,No,No,Month-to-Month,No,Credit Card,19.3,54.7,0.0,0,30.39,4,0,18.233333333333334,5722
Male,27,No,No,0,0,25,No Offer,Yes,10.4,No,Yes,Fiber Optic,48,Yes,No,Yes,Yes,Yes,Yes,Yes,Yes,Month-to-Month,Yes,Bank Withdrawal,105.5,2686.05,0.0,0,260.0,3,7,107.44200000000001,5822
Male,55,No,No,1,0,36,No Offer,Yes,21.3,No,Yes,Fiber Optic,18,No,Yes,No,No,Yes,Yes,Yes,Yes,Month-to-Month,Yes,Bank Withdrawal,94.7,3512.5,0.0,0,766.8,3,5,97.56944444444444,4671
Female,56,No,Yes,0,10,25,No Offer,Yes,3.6,Yes,No,No Internet,0,No,No,No,No,No,No,No,No,One Year,Yes,Credit Card,26.8,733.55,0.0,0,90.0,5,0,29.342,3428
Female,34,No,No,0,0,12,Offer D,Yes,35.8,Yes,Yes,Fiber Optic,25,Yes,No,No,No,No,No,No,Yes,Month-to-Month,Yes,Bank Withdrawal,78.3,909.25,0.0,0,429.6,1,2,75.77083333333333,3545
Male,29,No,No,0,0,10,No Offer,Yes,48.38,No,Yes,Fiber Optic,42,Yes,No,Yes,No,No,No,No,Yes,Month-to-Month,Yes,Credit Card,79.85,887.35,0.0,0,483.8,3,3,88.735,5983
Male,53,No,Yes,0,1,42,No Offer,Yes,42.45,Yes,Yes,Fiber Optic,11,No,No,Yes,Yes,Yes,Yes,Yes,Yes,One Year,Yes,Bank Withdrawal,108.3,4586.15,0.0,0,1782.9,3,6,109.19404761904761,5106
Male,63,No,Yes,2,5,69,No Offer,Yes,11.6,Yes,No,No Internet,0,No,No,No,No,No,No,No,No,Two Year,Yes,Bank Withdrawal,26.0,1796.55,0.0,0,800.4,3,0,26.03695652173913,4933
Female,57,No,Yes,3,10,16,Offer D,Yes,27.27,No,Yes,Fiber Optic,76,Yes,No,Yes,No,Yes,Yes,Yes,Yes,Month-to-Month,No,Bank Withdrawal,100.7,1522.7,0.0,0,436.32,4,6,95.16875,3337
Female,63,No,Yes,0,1,30,No Offer,Yes,7.01,Yes,Yes,Fiber Optic,24,No,Yes,No,Yes,Yes,No,No,Yes,Month-to-Month,Yes,Credit Card,94.1,2804.45,0.0,0,210.3,3,4,93.48166666666665,5255
Male,61,No,No,0,0,56,Offer B,Yes,18.42,No,Yes,DSL,13,No,Yes,No,Yes,Yes,Yes,Yes,No,One Year,Yes,Bank Withdrawal,75.75,4284.65,0.0,90,1031.52,3,5,76.51160714285713,6487
Female,49,No,No,0,0,37,No Offer,Yes,41.99,No,No,No Internet,0,No,No,No,No,No,No,No,No,Two Year,No,Credit Card,19.8,813.3,0.0,0,1553.63,5,0,21.98108108108108,5336
Male,59,No,No,1,0,5,Offer E,Yes,12.22,No,No,No Internet,0,No,No,No,No,No,No,No,No,Month-to-Month,No,Credit Card,20.2,83.75,0.0,0,61.1,5,0,16.75,5169
Male,80,Yes,No,0,0,27,No Offer,Yes,42.91,Yes,Yes,Fiber Optic,5,No,Yes,No,No,No,No,No,Yes,Month-to-Month,Yes,Bank Withdrawal,81.45,2122.05,0.0,0,1158.57,3,2,78.59444444444445,2571
Male,42,No,Yes,0,1,19,Offer D,Yes,34.05,Yes,Yes,Fiber Optic,20,Yes,Yes,No,Yes,No,No,No,Yes,Month-to-Month,Yes,Credit Card,88.8,1672.35,0.0,0,646.95,3,4,88.01842105263158,4600
Female,21,No,Yes,0,1,56,No Offer,Yes,19.16,Yes,Yes,Fiber Optic,48,No,Yes,No,No,Yes,Yes,Yes,No,One Year,Yes,Bank Withdrawal,98.25,5508.35,0.0,150,1072.96,1,4,98.36339285714287,4886
Female,41,No,Yes,0,3,2,Offer E,Yes,30.19,No,Yes,Cable,16,No,No,No,No,No,No,No,Yes,Month-to-Month,Yes,Credit Card,44.6,80.55,0.0,0,60.38,2,1,40.275,4884
Female,62,No,No,0,0,28,Offer C,No,0.0,No,Yes,DSL,2,No,No,Yes,Yes,No,No,No,Yes,Month-to-Month,Yes,Mailed Check,35.75,961.4,0.0,0,0.0,4,3,34.33571428571428,2431
Female,63,No,No,0,0,38,Offer C,Yes,30.09,No,Yes,Fiber Optic,18,No,No,No,No,Yes,Yes,Yes,No,One Year,Yes,Mailed Check,89.1,3342.0,0.0,90,1143.42,4,3,87.94736842105263,2675
Male,49,No,Yes,0,4,2,No Offer,Yes,18.79,No,Yes,Fiber Optic,19,No,No,No,Yes,Yes,Yes,Yes,Yes,Month-to-Month,Yes,Bank Withdrawal,94.2,167.5,0.0,0,37.58,2,5,83.75,3715
Male,37,No,Yes,2,0,67,Offer A,Yes,38.98,Yes,Yes,Fiber Optic,16,No,Yes,Yes,No,Yes,Yes,Yes,Yes,One Year,Yes,Bank Withdrawal,105.4,6989.45,0.0,0,2611.66,5,6,104.32014925373134,5666
Female,35,No,No,0,0,1,No Offer,Yes,34.79,No,No,No Internet,0,No,No,No,No,No,No,No,No,Month-to-Month,Yes,Credit Card,19.1,19.1,0.0,0,34.79,2,0,19.1,5890
Male,53,No,Yes,1,8,71,Offer A,Yes,14.86,No,No,No Internet,0,No,No,No,No,No,No,No,No,Two Year,No,Credit Card,19.7,1301.1,0.0,0,1055.06,5,0,18.325352112676054,4808
Male,40,No,Yes,0,1,70,No Offer,Yes,39.35,Yes,Yes,DSL,2,Yes,Yes,Yes,Yes,Yes,No,No,Yes,Two Year,No,Credit Card,79.15,5536.5,0.0,0,2754.5,4,6,79.09285714285714,4408
Female,62,No,Yes,0,3,9,Offer E,Yes,26.51,No,Yes,Fiber Optic,18,No,No,No,No,Yes,Yes,Yes,Yes,Month-to-Month,No,Bank Withdrawal,89.45,853.1,0.0,0,238.59,2,4,94.78888888888889,4971
Male,36,No,No,0,0,16,Offer D,Yes,33.44,No,No,No Internet,0,No,No,No,No,No,No,No,No,Month-to-Month,Yes,Credit Card,20.6,330.25,0.0,0,535.04,3,0,20.640625,5667
Female,28,No,No,0,0,18,No Offer,No,0.0,No,Yes,DSL,48,Yes,Yes,No,Yes,No,No,No,No,One Year,Yes,Credit Card,40.2,711.95,0.0,90,0.0,4,3,39.55277777777778,4624
Male,38,No,No,0,0,4,No Offer,Yes,20.76,No,Yes,DSL,30,No,No,No,No,Yes,No,No,Yes,Month-to-Month,Yes,Bank Withdrawal,56.4,234.85,0.0,0,83.04,4,2,58.7125,5344
Male,60,No,Yes,2,6,29,No Offer,Yes,6.73,Yes,Yes,DSL,27,No,Yes,Yes,No,Yes,Yes,Yes,Yes,Month-to-Month,No,Credit Card,80.1,2211.8,0.0,0,195.17,4,6,76.26896551724138,4558
Female,48,No,Yes,3,3,12,No Offer,Yes,19.28,No,No,No Internet,0,No,No,No,No,No,No,No,No,Two Year,No,Bank Withdrawal,20.3,224.5,0.0,0,231.36,5,0,18.708333333333332,5190
Male,19,No,No,0,0,49,Offer B,Yes,6.26,No,No,No Internet,0,No,No,No,No,No,No,No,No,Two Year,Yes,Credit Card,19.9,1022.6,0.0,0,306.74,3,0,20.869387755102043,5240
Female,29,No,Yes,0,6,46,No Offer,Yes,2.0,Yes,Yes,Fiber Optic,48,No,Yes,Yes,Yes,Yes,Yes,Yes,Yes,Two Year,Yes,Credit Card,108.9,4854.3,0.0,0,92.0,5,7,105.52826086956522,5119
Female,58,No,No,0,0,17,Offer D,Yes,30.07,No,No,No Internet,0,No,No,No,No,No,No,No,No,Two Year,No,Credit Card,19.4,358.05,0.0,0,511.19,3,0,21.061764705882354,3561
Female,36,No,Yes,0,1,16,Offer D,No,0.0,No,Yes,DSL,29,No,No,No,Yes,Yes,Yes,Yes,Yes,Month-to-Month,Yes,Bank Withdrawal,49.95,810.2,0.0,0,0.0,1,5,50.6375,4840
Male,48,No,Yes,2,0,72,Offer A,Yes,8.53,No,No,No Internet,0,No,No,No,No,No,No,No,No,Two Year,No,Bank Withdrawal,19.95,1322.85,0.0,0,614.16,3,0,18.372916666666665,5092
Female,23,No,No,0,0,58,Offer B,Yes,47.9,Yes,No,No Internet,0,No,No,No,No,No,No,No,No,Two Year,Yes,Credit Card,24.7,1519.0,0.0,0,2778.2,4,0,26.189655172413794,5138
Male,68,Yes,Yes,0,1,27,Offer C,No,0.0,No,Yes,DSL,25,No,No,No,No,No,Yes,No,No,Month-to-Month,No,Bank Withdrawal,36.5,1032.0,0.0,30,0.0,1,1,38.22222222222222,4564
Female,58,No,Yes,3,10,56,No Offer,Yes,35.38,No,No,No Internet,0,No,No,No,No,No,No,No,No,Two Year,No,Credit Card,20.05,1090.1,0.0,0,1981.28,4,0,19.46607142857143,5172
Male,41,No,No,0,0,39,No Offer,No,0.0,No,Yes,DSL,14,No,No,Yes,Yes,No,No,No,Yes,One Year,No,Credit Card,35.55,1309.15,0.0,0,0.0,3,3,33.56794871794872,3752
Male,28,No,No,0,0,4,No Offer,Yes,42.33,Yes,Yes,Fiber Optic,76,No,No,No,Yes,No,No,Yes,Yes,Month-to-Month,No,Credit Card,80.8,332.45,0.0,0,169.32,2,3,83.1125,5436
Male,67,Yes,No,0,0,5,Offer E,Yes,18.38,No,Yes,Fiber Optic,15,No,Yes,No,No,No,Yes,Yes,Yes,Two Year,Yes,Bank Withdrawal,85.55,408.5,0.0,0,91.9,4,4,81.7,2850
Female,69,Yes,Yes,0,5,22,Offer D,Yes,15.27,Yes,No,No Internet,0,No,No,No,No,No,No,No,No,One Year,No,Bank Withdrawal,25.6,548.8,0.0,0,335.94,4,0,24.94545454545454,2628
Male,72,Yes,No,0,0,34,No Offer,Yes,35.0,No,Yes,Fiber Optic,12,No,Yes,Yes,No,Yes,Yes,No,Yes,One Year,Yes,Bank Withdrawal,99.85,3343.15,0.0,0,1190.0,5,5,98.32794117647059,5626
Male,51,No,Yes,0,5,63,No Offer,Yes,10.07,Yes,Yes,Cable,20,No,No,Yes,Yes,Yes,Yes,Yes,Yes,Two Year,No,Credit Card,79.8,5034.05,0.0,0,634.41,4,6,79.90555555555555,4073
Female,44,No,Yes,2,6,61,Offer B,Yes,25.4,No,No,No Internet,0,No,No,No,No,No,No,No,No,Two Year,No,Credit Card,19.75,1311.6,0.0,0,1549.4,3,0,21.501639344262294,6108
Male,69,Yes,Yes,0,6,72,Offer A,Yes,30.3,Yes,Yes,Fiber Optic,14,Yes,Yes,Yes,Yes,Yes,Yes,Yes,No,Two Year,Yes,Credit Card,112.9,8061.5,0.0,20,2181.6,3,7,111.96527777777777,5569
Male,45,No,No,0,0,45,No Offer,Yes,19.39,No,Yes,DSL,16,Yes,No,No,No,No,No,No,Yes,Month-to-Month,Yes,Bank Withdrawal,50.9,2298.55,0.0,0,872.55,3,2,51.07888888888889,5274
Male,25,No,Yes,3,1,72,No Offer,Yes,20.79,Yes,Yes,Fiber Optic,59,Yes,Yes,No,Yes,No,Yes,Yes,Yes,Two Year,Yes,Credit Card,97.75,6991.6,0.0,0,1496.88,3,6,97.10555555555555,4054
Female,59,No,Yes,0,6,60,No Offer,Yes,32.5,No,Yes,Fiber Optic,13,Yes,No,No,Yes,Yes,Yes,Yes,Yes,Two Year,Yes,Bank Withdrawal,97.2,5611.75,0.0,0,1950.0,4,6,93.52916666666667,4905
Female,37,No,No,0,0,10,No Offer,Yes,39.85,Yes,Yes,Fiber Optic,21,No,No,No,No,No,No,No,Yes,Month-to-Month,Yes,Mailed Check,75.75,777.3,0.0,0,398.5,5,1,77.72999999999999,4525
Female,37,No,Yes,2,1,47,No Offer,No,0.0,No,Yes,DSL,25,Yes,Yes,Yes,No,Yes,Yes,Yes,Yes,Two Year,Yes,Credit Card,60.0,2768.65,0.0,0,0.0,3,7,58.90744680851064,3248
Male,40,No,No,0,0,66,Offer A,Yes,32.22,Yes,No,No Internet,0,No,No,No,No,No,No,No,No,One Year,No,Bank Withdrawal,25.45,1699.15,0.0,0,2126.52,3,0,25.74469696969697,4163
Female,33,No,No,0,0,10,No Offer,Yes,14.53,Yes,Yes,Fiber Optic,30,No,No,No,Yes,Yes,Yes,Yes,No,Month-to-Month,Yes,Bank Withdrawal,98.5,1058.25,0.0,110,145.3,1,4,105.825,5184
Female,37,No,No,0,0,30,Offer C,Yes,10.74,No,Yes,DSL,13,Yes,No,No,No,No,No,No,Yes,Month-to-Month,Yes,Credit Card,48.8,1536.75,0.0,0,322.2,3,2,51.225,4864
Female,77,Yes,No,0,0,49,Offer B,Yes,36.47,Yes,Yes,Fiber Optic,21,Yes,Yes,Yes,Yes,No,Yes,Yes,Yes,One Year,No,Bank Withdrawal,103.0,5166.2,0.0,0,1787.03,4,7,105.43265306122449,5023
Female,41,No,No,0,0,1,No Offer,Yes,8.31,No,Yes,Fiber Optic,27,No,No,No,No,No,No,No,Yes,Month-to-Month,Yes,Bank Withdrawal,69.5,69.5,0.0,0,8.31,1,1,69.5,3365
Female,43,No,No,0,0,33,No Offer,Yes,49.45,No,Yes,Fiber Optic,19,No,No,No,No,No,No,No,No,Month-to-Month,Yes,Bank Withdrawal,70.4,2406.1,0.0,60,1631.85,4,0,72.9121212121212,4860
Male,47,No,Yes,0,1,63,No Offer,Yes,17.75,Yes,Yes,Fiber Optic,15,No,Yes,Yes,No,Yes,Yes,Yes,Yes,Month-to-Month,Yes,Bank Withdrawal,102.4,6444.05,0.0,0,1118.25,4,6,102.28650793650795,5096
Male,20,No,No,0,0,63,No Offer,Yes,38.37,Yes,Yes,Cable,59,Yes,Yes,Yes,Yes,No,No,No,Yes,One Year,No,Bank Withdrawal,68.8,4111.35,0.0,0,2417.31,3,5,65.25952380952381,5082
Female,65,Yes,No,0,0,46,Offer B,Yes,11.93,No,Yes,Fiber Optic,26,No,Yes,Yes,No,Yes,No,No,Yes,One Year,Yes,Bank Withdrawal,91.3,4126.35,0.0,0,548.78,4,4,89.70326086956523,3191
Female,53,No,No,0,0,1,Offer E,Yes,42.09,No,Yes,Fiber Optic,9,No,No,No,No,No,No,No,Yes,Month-to-Month,Yes,Credit Card,70.15,70.15,0.0,0,42.09,1,1,70.15,5773
Male,45,No,No,0,0,1,No Offer,Yes,23.34,No,Yes,DSL,16,No,No,No,No,No,No,No,Yes,Month-to-Month,No,Credit Card,44.45,44.45,0.0,0,23.34,3,1,44.45,3498
Female,23,No,No,0,0,13,No Offer,Yes,6.56,No,No,No Internet,0,No,No,No,No,No,No,No,No,Two Year,Yes,Credit Card,20.4,261.3,0.0,0,85.28,5,0,20.1,4883
Female,37,No,No,0,0,5,Offer E,Yes,45.74,No,Yes,Fiber Optic,30,No,Yes,No,No,Yes,No,No,No,Month-to-Month,Yes,Credit Card,85.3,420.45,0.0,10,228.7,4,2,84.09,2689
Male,54,No,No,0,0,1,No Offer,Yes,15.9,No,Yes,Cable,27,No,No,No,No,No,No,No,No,Month-to-Month,Yes,Bank Withdrawal,43.85,43.85,0.0,10,15.9,4,0,43.85,5913
Female,47,No,Yes,0,1,38,Offer C,Yes,10.54,No,No,No Internet,0,No,No,No,No,No,No,No,No,One Year,Yes,Credit Card,20.25,814.75,0.0,0,400.52,4,0,21.44078947368421,4411
Female,22,No,No,1,0,8,No Offer,No,0.0,No,Yes,DSL,51,Yes,No,No,No,No,Yes,Yes,Yes,Month-to-Month,Yes,Bank Withdrawal,38.5,330.8,0.0,0,0.0,3,4,41.35,4194
Male,31,No,No,0,0,1,No Offer,Yes,18.81,No,No,No Internet,0,No,No,No,No,No,No,No,No,Month-to-Month,No,Credit Card,21.1,21.1,0.0,0,18.81,5,0,21.1,2810
Female,28,No,No,0,0,1,No Offer,Yes,5.02,No,No,No Internet,0,No,No,No,No,No,No,No,No,Month-to-Month,No,Mailed Check,19.1,19.1,0.0,0,5.02,5,0,19.1,3313
Female,49,No,Yes,0,5,66,Offer A,Yes,44.4,Yes,Yes,DSL,11,Yes,Yes,Yes,No,No,No,No,No,Two Year,No,Bank Withdrawal,66.9,4370.25,0.0,70,2930.4,4,3,66.2159090909091,5546
Female,21,No,Yes,0,2,53,Offer B,Yes,42.18,Yes,Yes,Fiber Optic,53,No,No,No,Yes,No,Yes,Yes,No,One Year,Yes,Bank Withdrawal,91.15,4862.5,0.0,150,2235.54,5,3,91.74528301886792,6439
Female,45,No,No,0,0,17,No Offer,Yes,12.69,No,Yes,Cable,22,Yes,Yes,No,Yes,Yes,Yes,Yes,Yes,One Year,No,Credit Card,79.85,1387.35,0.0,0,215.73,3,7,81.60882352941177,5574
Female,80,Yes,Yes,0,1,1,Offer E,Yes,22.86,No,No,No Internet,0,No,No,No,No,No,No,No,No,Month-to-Month,Yes,Credit Card,20.85,20.85,0.0,0,22.86,3,0,20.85,3817
Female,34,No,Yes,0,8,19,No Offer,Yes,7.84,Yes,Yes,Fiber Optic,16,No,No,No,No,Yes,No,No,Yes,Month-to-Month,Yes,Bank Withdrawal,86.85,1564.4,0.0,0,148.96,5,2,82.33684210526316,5072
Female,27,No,Yes,0,1,72,Offer A,Yes,38.79,Yes,Yes,Fiber Optic,42,Yes,Yes,Yes,Yes,No,No,No,Yes,Two Year,Yes,Bank Withdrawal,97.0,7104.2,0.0,0,2792.88,4,5,98.66944444444444,6302
Female,33,No,Yes,0,3,17,Offer D,Yes,1.64,No,No,No Internet,0,No,No,No,No,No,No,No,No,One Year,No,Mailed Check,19.35,307.0,10.57,0,27.88,5,0,18.058823529411764,2185
Female,27,No,Yes,1,1,52,Offer B,Yes,3.41,No,No,No Internet,0,No,No,No,No,No,No,No,No,Two Year,No,Mailed Check,19.85,1070.5,0.0,0,177.32,4,0,20.58653846153846,5432
Male,30,No,No,0,0,71,Offer A,Yes,49.42,Yes,Yes,Fiber Optic,53,Yes,No,Yes,Yes,Yes,Yes,Yes,Yes,Two Year,Yes,Bank Withdrawal,108.05,7532.15,0.0,0,3508.82,1,7,106.08661971830985,5200
Male,46,No,No,0,0,11,Offer D,Yes,28.62,No,No,No Internet,0,No,No,No,No,No,No,No,No,Month-to-Month,No,Credit Card,20.25,208.0,0.0,0,314.82,4,0,18.90909090909091,4032
Female,19,No,No,0,0,30,No Offer,Yes,13.16,Yes,Yes,Fiber Optic,27,No,Yes,Yes,Yes,Yes,Yes,Yes,Yes,One Year,No,Credit Card,110.45,3327.05,0.0,0,394.8,4,7,110.90166666666667,4983
Female,69,Yes,No,0,0,67,Offer A,Yes,2.57,No,Yes,Fiber Optic,21,Yes,Yes,No,Yes,Yes,No,No,Yes,Two Year,Yes,Bank Withdrawal,92.45,6140.85,0.0,0,172.19,4,5,91.65447761194031,5857
Male,73,Yes,Yes,3,1,10,No Offer,No,0.0,No,Yes,Cable,53,No,No,No,No,No,Yes,No,Yes,One Year,Yes,Bank Withdrawal,34.55,362.6,0.0,0,0.0,4,2,36.260000000000005,5248
Female,49,No,No,0,0,35,No Offer,Yes,30.5,Yes,Yes,Fiber Optic,8,Yes,Yes,Yes,Yes,Yes,Yes,Yes,Yes,Two Year,Yes,Credit Card,113.2,3914.05,0.0,0,1067.5,4,8,111.83,5723
Female,39,No,Yes,0,9,59,No Offer,Yes,24.81,Yes,Yes,Cable,24,No,No,Yes,Yes,Yes,No,No,Yes,Two Year,Yes,Bank Withdrawal,72.1,4194.85,0.0,0,1463.79,5,4,71.09915254237289,6225
Female,42,No,No,0,0,25,Offer C,Yes,13.93,No,No,No Internet,0,No,No,No,No,No,No,No,No,Two Year,No,Credit Card,19.8,475.2,0.0,0,348.25,3,0,19.008,3875
Female,64,No,No,0,0,14,No Offer,Yes,24.04,No,Yes,Cable,12,No,Yes,No,No,No,No,No,Yes,One Year,No,Credit Card,51.45,727.85,0.0,0,336.56,3,2,51.989285714285714,4298
Female,40,No,Yes,1,5,37,No Offer,Yes,44.68,Yes,No,No Internet,0,No,No,No,No,No,No,No,No,Two Year,Yes,Bank Withdrawal,24.1,861.85,0.0,0,1653.16,4,0,23.293243243243243,3753
Male,32,No,No,0,0,42,No Offer,Yes,48.41,No,No,No Internet,0,No,No,No,No,No,No,No,No,One Year,Yes,Credit Card,19.55,839.4,12.16,0,2033.22,3,0,19.985714285714284,5293
Female,21,No,No,0,0,68,Offer A,Yes,14.86,No,Yes,Cable,59,Yes,Yes,Yes,Yes,Yes,Yes,Yes,No,Two Year,Yes,Credit Card,82.45,5646.6,0.0,90,1010.48,3,7,83.03823529411765,5308
Male,65,Yes,Yes,0,9,36,Offer C,Yes,47.16,No,Yes,DSL,28,No,No,Yes,Yes,No,No,No,Yes,One Year,No,Credit Card,54.1,1992.85,1.09,0,1697.76,3,3,55.356944444444444,4017
Female,45,No,No,1,0,1,Offer E,Yes,32.95,Yes,No,No Internet,0,No,No,No,No,No,No,No,No,Month-to-Month,No,Credit Card,24.0,24.0,0.0,0,32.95,4,0,24.0,2559
Male,74,Yes,No,0,0,5,No Offer,No,0.0,No,Yes,DSL,4,No,No,Yes,Yes,Yes,No,No,Yes,Two Year,No,Credit Card,45.4,214.75,0.0,0,0.0,5,4,42.95,2599
Female,24,No,No,0,0,21,No Offer,Yes,24.86,Yes,Yes,Fiber Optic,48,No,Yes,No,No,Yes,Yes,Yes,Yes,Month-to-Month,Yes,Credit Card,99.85,1992.55,0.0,0,522.06,3,5,94.88333333333333,2113
Male,25,No,No,0,0,4,Offer E,Yes,21.62,No,Yes,Fiber Optic,59,No,No,No,No,Yes,No,Yes,No,Month-to-Month,Yes,Bank Withdrawal,81.0,340.85,0.0,50,86.48,2,2,85.2125,3591
Female,42,No,No,0,0,13,Offer D,Yes,8.59,Yes,Yes,Fiber Optic,15,No,Yes,Yes,Yes,No,No,No,Yes,Month-to-Month,No,Bank Withdrawal,89.4,1132.35,0.0,0,111.67,1,4,87.10384615384615,2226
Male,48,No,No,0,0,17,No Offer,No,0.0,No,Yes,DSL,11,No,No,No,No,No,No,No,Yes,Month-to-Month,No,Credit Card,25.1,382.8,0.0,0,0.0,4,1,22.51764705882353,4580
Male,31,No,Yes,1,1,37,No Offer,Yes,43.68,No,No,No Internet,0,No,No,No,No,No,No,No,No,One Year,No,Credit Card,19.8,677.05,29.21,0,1616.16,4,0,18.298648648648648,5137
Female,20,No,Yes,1,1,52,Offer B,Yes,44.79,Yes,Yes,Fiber Optic,52,No,No,Yes,No,Yes,Yes,Yes,Yes,One Year,No,Bank Withdrawal,101.25,5301.1,0.0,0,2329.08,5,5,101.94423076923077,5954
Female,38,No,No,0,0,60,No Offer,Yes,16.81,No,Yes,Fiber Optic,21,No,Yes,Yes,No,Yes,Yes,Yes,Yes,Two Year,Yes,Bank Withdrawal,99.65,5941.05,0.0,0,1008.6,4,6,99.0175,4616
Female,25,No,No,2,0,50,Offer B,Yes,37.52,No,Yes,DSL,71,Yes,No,Yes,Yes,Yes,No,No,Yes,One Year,Yes,Credit Card,70.8,3478.15,0.0,0,1876.0,4,5,69.563,4798
Male,24,No,Yes,0,6,8,Offer E,Yes,2.38,No,Yes,DSL,53,No,Yes,No,No,No,No,No,Yes,Month-to-Month,Yes,Bank Withdrawal,49.55,393.45,0.0,0,19.04,5,2,49.18125,5922
Female,69,Yes,Yes,0,1,50,No Offer,Yes,4.6,No,Yes,Cable,24,No,No,No,No,No,No,No,Yes,Month-to-Month,Yes,Bank Withdrawal,71.05,3444.85,0.0,0,230.0,3,1,68.89699999999999,5746
Male,50,No,No,0,0,63,No Offer,Yes,35.35,No,No,No Internet,0,No,No,No,No,No,No,No,No,One Year,No,Credit Card,20.5,1328.15,15.62,0,2227.05,5,0,21.081746031746032,5997
Male,22,No,Yes,0,6,2,No Offer,Yes,38.41,No,No,No Internet,0,No,No,No,No,No,No,No,No,One Year,No,Credit Card,20.2,34.75,0.0,0,76.82,3,0,17.375,3866
Male,45,No,Yes,0,9,72,Offer A,Yes,17.87,Yes,Yes,Fiber Optic,3,Yes,Yes,Yes,Yes,Yes,Yes,Yes,Yes,Two Year,Yes,Credit Card,116.95,8594.4,0.0,0,1286.64,3,8,119.36666666666666,5949
Male,64,No,No,0,0,66,No Offer,Yes,20.52,Yes,Yes,Cable,10,Yes,Yes,Yes,Yes,No,No,No,Yes,Two Year,No,Bank Withdrawal,68.75,4447.55,0.0,0,1354.32,4,5,67.38712121212122,5454
Male,21,No,Yes,3,6,71,No Offer,Yes,11.3,No,No,No Internet,0,No,No,No,No,No,No,No,No,Two Year,No,Mailed Check,19.45,1378.45,0.0,0,802.3,4,0,19.414788732394367,5497
Female,30,No,Yes,0,1,1,Offer E,Yes,16.66,No,No,No Internet,0,No,No,No,No,No,No,No,No,Month-to-Month,Yes,Bank Withdrawal,21.0,21.0,0.0,0,16.66,2,0,21.0,3753
Female,25,No,Yes,1,10,23,No Offer,Yes,9.84,Yes,Yes,Fiber Optic,71,No,No,No,No,No,Yes,Yes,Yes,Month-to-Month,No,Bank Withdrawal,85.6,1868.4,0.0,0,226.32,3,3,81.23478260869565,3513
Male,73,Yes,No,0,0,25,Offer C,Yes,46.34,Yes,Yes,Fiber Optic,22,No,Yes,Yes,No,Yes,Yes,No,Yes,Month-to-Month,No,Credit Card,105.95,2655.25,0.0,0,1158.5,2,5,106.21,4283
Female,30,No,Yes,0,1,17,Offer D,Yes,41.95,No,Yes,Fiber Optic,51,Yes,No,No,Yes,Yes,No,No,Yes,Month-to-Month,No,Bank Withdrawal,91.85,1574.45,0.0,0,713.15,1,4,92.61470588235295,5643
Male,22,No,No,0,0,11,Offer D,Yes,33.48,No,No,No Internet,0,No,No,No,No,No,No,No,No,One Year,No,Mailed Check,19.5,226.8,0.0,0,368.28,4,0,20.61818181818182,5825
Male,28,No,No,0,0,21,No Offer,Yes,16.16,No,Yes,DSL,42,Yes,No,Yes,No,Yes,No,No,Yes,Month-to-Month,No,Bank Withdrawal,65.35,1424.4,0.0,0,339.36,3,4,67.82857142857144,2887
Female,24,No,Yes,0,3,9,No Offer,Yes,6.78,No,Yes,Fiber Optic,59,No,No,No,No,No,Yes,Yes,Yes,Month-to-Month,Yes,Bank Withdrawal,79.75,769.1,0.0,0,61.02,5,3,85.45555555555556,4654
Female,23,No,Yes,2,2,71,Offer A,Yes,4.32,Yes,Yes,Fiber Optic,41,Yes,Yes,Yes,Yes,Yes,Yes,Yes,Yes,Two Year,No,Credit Card,113.65,8166.8,0.0,0,306.72,4,8,115.02535211267606,6208
Female,35,No,No,0,0,7,No Offer,Yes,18.1,Yes,Yes,Fiber Optic,15,No,No,No,No,No,No,No,Yes,Month-to-Month,No,Credit Card,75.45,480.75,0.0,0,126.7,1,1,68.67857142857143,2872
Female,31,No,No,0,0,1,Offer E,Yes,4.41,No,Yes,DSL,30,No,No,No,No,No,No,No,Yes,Month-to-Month,Yes,Bank Withdrawal,44.1,44.1,0.0,0,4.41,3,1,44.1,5955
Male,65,Yes,No,0,0,24,No Offer,Yes,28.98,Yes,Yes,Fiber Optic,30,No,Yes,No,No,Yes,Yes,Yes,Yes,Month-to-Month,Yes,Bank Withdrawal,101.25,2440.15,0.0,0,695.52,3,5,101.67291666666667,4287
Male,80,Yes,Yes,0,10,7,Offer E,No,0.0,No,Yes,DSL,13,Yes,No,No,No,No,No,No,Yes,One Year,No,Bank Withdrawal,29.8,220.45,11.83,0,0.0,3,2,31.49285714285714,2587
Female,25,No,Yes,1,1,61,Offer B,No,0.0,No,Yes,DSL,59,Yes,Yes,No,Yes,No,Yes,Yes,No,One Year,Yes,Bank Withdrawal,50.7,3088.75,0.0,20,0.0,4,5,50.635245901639344,5024
Female,40,No,No,0,0,36,No Offer,Yes,25.95,Yes,Yes,DSL,21,Yes,No,No,No,No,No,No,Yes,One Year,No,Credit Card,54.45,1893.5,0.0,0,934.2,3,2,52.59722222222222,4462
Male,52,No,No,0,0,1,No Offer,Yes,3.14,No,No,No Internet,0,No,No,No,No,No,No,No,No,Month-to-Month,No,Mailed Check,19.4,19.4,0.0,0,3.14,2,0,19.4,4152
Female,68,Yes,Yes,0,8,65,Offer B,Yes,15.3,Yes,Yes,Fiber Optic,29,Yes,Yes,Yes,No,Yes,Yes,No,Yes,One Year,Yes,Credit Card,109.4,7227.45,0.0,0,994.5,3,6,111.19153846153846,4452
Male,53,No,No,0,0,1,No Offer,No,0.0,No,Yes,DSL,9,No,No,No,No,No,Yes,Yes,Yes,Month-to-Month,Yes,Bank Withdrawal,35.25,35.25,0.0,0,0.0,2,3,35.25,2548
Female,77,Yes,No,0,0,5,Offer E,No,0.0,No,Yes,DSL,26,No,Yes,No,No,No,No,No,Yes,Month-to-Month,No,Bank Withdrawal,28.45,131.05,0.0,0,0.0,2,2,26.21,4099
Female,68,Yes,Yes,0,1,66,No Offer,Yes,27.75,Yes,Yes,Fiber Optic,11,No,No,Yes,Yes,Yes,Yes,No,Yes,One Year,Yes,Credit Card,105.95,6975.25,0.0,0,1831.5,2,5,105.68560606060606,6117
Male,79,Yes,Yes,0,5,21,No Offer,Yes,42.95,No,Yes,DSL,30,Yes,Yes,No,No,No,Yes,No,Yes,One Year,Yes,Bank Withdrawal,64.95,1339.8,0.0,0,901.95,4,4,63.8,4604
Female,60,No,No,0,0,17,No Offer,Yes,22.61,No,Yes,Fiber Optic,19,No,Yes,No,No,Yes,No,No,Yes,Month-to-Month,Yes,Bank Withdrawal,83.55,1329.15,0.0,0,384.37,5,3,78.18529411764706,5564
Female,21,No,No,0,0,64,No Offer,Yes,8.52,Yes,Yes,DSL,73,Yes,Yes,Yes,Yes,Yes,Yes,Yes,Yes,Two Year,Yes,Credit Card,86.4,5442.05,0.0,0,545.28,3,8,85.03203125,6474
Female,21,No,No,0,0,5,No Offer,Yes,3.61,No,Yes,DSL,69,Yes,No,No,Yes,No,No,No,Yes,Month-to-Month,No,Bank Withdrawal,54.2,308.25,0.0,0,18.05,1,3,61.65,5476
Male,73,Yes,No,0,0,9,Offer E,Yes,24.85,No,Yes,Fiber Optic,15,No,No,No,No,No,Yes,No,No,Two Year,Yes,Bank Withdrawal,79.55,718.55,0.0,10,223.65,5,1,79.83888888888889,5811
Female,53,No,No,0,0,67,No Offer,Yes,16.72,Yes,No,No Internet,0,No,No,No,No,No,No,No,No,Two Year,Yes,Bank Withdrawal,25.6,1790.35,46.06,0,1120.24,3,0,26.721641791044775,5183
Male,47,No,No,0,0,19,Offer D,Yes,1.79,No,Yes,Fiber Optic,14,No,Yes,No,No,No,No,No,No,Month-to-Month,Yes,Credit Card,73.85,1424.5,0.0,130,34.01,3,1,74.97368421052632,2251
Female,23,No,Yes,0,8,18,Offer D,Yes,18.55,Yes,Yes,Fiber Optic,59,No,No,No,Yes,Yes,No,Yes,Yes,Month-to-Month,Yes,Bank Withdrawal,88.85,1594.75,21.58,0,333.9,5,4,88.59722222222223,3127
Female,33,No,No,0,0,1,No Offer,Yes,14.93,No,Yes,DSL,4,No,No,No,Yes,No,No,No,Yes,Month-to-Month,Yes,Bank Withdrawal,49.9,49.9,0.0,0,14.93,3,2,49.9,4667
Male,62,No,No,0,0,1,Offer E,Yes,38.53,No,Yes,Fiber Optic,20,No,No,No,No,No,No,No,Yes,Month-to-Month,No,Mailed Check,69.4,69.4,0.0,0,38.53,1,1,69.4,2847
Male,32,No,No,0,0,1,No Offer,Yes,49.19,No,Yes,DSL,17,No,No,No,Yes,No,No,No,Yes,Month-to-Month,No,Credit Card,49.0,49.0,0.0,0,49.19,3,2,49.0,5289
Male,23,No,Yes,2,7,37,Offer C,No,0.0,No,Yes,Cable,52,Yes,No,Yes,Yes,No,No,No,Yes,One Year,Yes,Bank Withdrawal,40.2,1525.35,0.0,0,0.0,4,4,41.225675675675674,2308
Male,37,No,No,0,0,53,Offer B,No,0.0,No,Yes,DSL,24,Yes,Yes,No,No,No,Yes,Yes,Yes,Month-to-Month,Yes,Bank Withdrawal,46.3,2546.85,0.0,0,0.0,3,5,48.053773584905656,6245
Male,26,No,Yes,3,0,25,Offer C,Yes,11.79,No,Yes,Fiber Optic,59,No,No,No,Yes,Yes,No,No,Yes,Month-to-Month,No,Bank Withdrawal,85.9,2199.05,0.0,0,294.75,3,3,87.962,3153
Female,54,No,No,0,0,1,Offer E,No,0.0,No,Yes,DSL,27,No,Yes,No,No,No,No,No,Yes,Month-to-Month,No,Bank Withdrawal,29.95,29.95,0.0,0,0.0,1,2,29.95,4534
Female,35,No,No,0,0,18,Offer D,Yes,34.12,No,Yes,Fiber Optic,20,No,No,No,No,No,No,No,Yes,Month-to-Month,Yes,Bank Withdrawal,69.8,1221.65,0.0,0,614.16,4,1,67.86944444444445,2421
Female,22,No,Yes,0,5,72,Offer A,Yes,22.74,Yes,Yes,Fiber Optic,48,Yes,Yes,No,No,No,Yes,Yes,Yes,Two Year,Yes,Credit Card,94.45,6921.7,0.0,0,1637.28,4,5,96.13472222222222,5274
Female,62,No,Yes,0,1,7,No Offer,Yes,22.61,Yes,Yes,Fiber Optic,11,No,No,No,No,Yes,No,No,No,Month-to-Month,Yes,Bank Withdrawal,86.5,582.5,0.0,20,158.27,1,1,83.21428571428571,3887
Female,52,No,No,0,0,66,No Offer,No,0.0,No,Yes,DSL,15,Yes,Yes,Yes,Yes,Yes,Yes,Yes,Yes,Two Year,Yes,Bank Withdrawal,62.5,4136.4,0.0,0,0.0,4,8,62.672727272727265,4165
Female,43,No,Yes,0,1,11,Offer D,Yes,31.08,Yes,Yes,Fiber Optic,26,No,No,Yes,No,Yes,Yes,Yes,Yes,Month-to-Month,Yes,Bank Withdrawal,99.5,1056.95,0.0,0,341.88,3,5,96.08636363636364,5286
Male,53,No,No,0,0,18,No Offer,No,0.0,No,Yes,DSL,30,Yes,No,Yes,No,No,No,No,Yes,Month-to-Month,No,Credit Card,33.6,550.35,0.0,0,0.0,4,3,30.575000000000003,5388
Male,63,No,No,0,0,2,No Offer,Yes,37.43,No,Yes,Fiber Optic,18,No,No,Yes,No,Yes,Yes,Yes,Yes,Month-to-Month,Yes,Bank Withdrawal,95.85,197.7,0.0,0,74.86,1,5,98.85,3790
Female,32,No,Yes,0,1,72,No Offer,Yes,25.48,Yes,Yes,Fiber Optic,3,Yes,No,Yes,Yes,Yes,No,No,Yes,Two Year,Yes,Bank Withdrawal,98.2,7015.9,0.0,0,1834.56,3,5,97.44305555555555,4332
Male,42,No,Yes,0,1,17,Offer D,Yes,17.71,Yes,Yes,Fiber Optic,13,No,No,No,No,Yes,Yes,Yes,Yes,Month-to-Month,Yes,Bank Withdrawal,92.55,1515.1,0.0,0,301.07,3,4,89.12352941176471,5775
Female,19,No,Yes,3,5,36,No Offer,No,0.0,No,Yes,Cable,71,Yes,No,Yes,Yes,No,No,No,Yes,Two Year,No,Credit Card,40.65,1547.35,0.0,0,0.0,4,4,42.981944444444444,2564
Female,48,No,Yes,0,5,49,Offer B,Yes,49.58,No,No,No Internet,0,No,No,No,No,No,No,No,No,One Year,No,Bank Withdrawal,20.45,900.9,0.0,0,2429.42,3,0,18.385714285714286,6061
Male,75,Yes,Yes,0,5,72,No Offer,Yes,28.5,Yes,Yes,Fiber Optic,5,Yes,Yes,Yes,No,No,Yes,No,Yes,Two Year,Yes,Credit Card,102.65,7550.3,0.0,0,2052.0,3,5,104.86527777777778,4680
Female,43,No,No,0,0,6,No Offer,Yes,29.09,No,No,No Internet,0,No,No,No,No,No,No,No,No,Two Year,No,Credit Card,19.65,116.85,0.0,0,174.54,5,0,19.474999999999998,3945
Female,49,No,No,0,0,1,No Offer,Yes,18.34,No,Yes,Fiber Optic,6,No,No,Yes,No,Yes,Yes,Yes,Yes,Month-to-Month,No,Bank Withdrawal,94.4,94.4,0.0,0,18.34,3,5,94.4,5764
Female,64,No,No,0,0,22,Offer D,Yes,19.72,Yes,Yes,Fiber Optic,5,No,No,No,No,No,No,No,Yes,One Year,Yes,Credit Card,76.0,1783.6,0.0,0,433.84,4,1,81.07272727272726,2031
Female,62,No,Yes,1,9,72,No Offer,Yes,46.63,Yes,Yes,Fiber Optic,14,Yes,No,Yes,Yes,Yes,Yes,Yes,Yes,Two Year,Yes,Bank Withdrawal,110.45,8058.85,0.0,0,3357.36,4,7,111.92847222222223,4754
Male,68,Yes,No,0,0,70,Offer A,No,0.0,No,Yes,Cable,13,No,Yes,Yes,No,Yes,No,No,Yes,One Year,Yes,Credit Card,44.05,3011.65,0.0,0,0.0,3,4,43.02357142857143,4022
Male,61,No,Yes,0,9,51,No Offer,No,0.0,No,Yes,DSL,6,No,Yes,No,No,No,No,No,Yes,Month-to-Month,Yes,Credit Card,30.05,1529.45,0.0,0,0.0,4,2,29.98921568627451,5045
Female,62,No,Yes,0,1,11,Offer D,Yes,15.69,Yes,Yes,DSL,12,No,No,No,Yes,No,Yes,Yes,Yes,Month-to-Month,Yes,Bank Withdrawal,66.35,740.8,0.0,0,172.59,1,4,67.34545454545454,2860
Female,68,Yes,No,0,0,1,No Offer,Yes,17.6,No,Yes,Fiber Optic,2,No,No,No,No,No,No,No,No,Two Year,Yes,Bank Withdrawal,71.25,71.25,0.0,10,17.6,4,0,71.25,5033
Female,65,Yes,Yes,0,2,15,No Offer,Yes,44.13,Yes,Yes,Fiber Optic,3,No,No,Yes,Yes,No,No,No,No,Month-to-Month,Yes,Bank Withdrawal,83.05,1258.3,0.0,110,661.95,3,2,83.88666666666667,2596
Female,73,Yes,Yes,0,3,66,No Offer,Yes,6.94,Yes,Yes,Fiber Optic,23,No,Yes,Yes,Yes,Yes,Yes,Yes,Yes,One Year,Yes,Credit Card,108.1,7181.95,0.0,0,458.04,3,7,108.81742424242424,5360
Female,63,No,No,0,0,16,No Offer,Yes,40.95,No,No,No Internet,0,No,No,No,No,No,No,No,No,One Year,No,Credit Card,19.35,295.55,0.0,0,655.2,5,0,18.471875,2017
Female,35,No,Yes,1,0,33,No Offer,Yes,12.51,No,No,No Internet,0,No,No,No,No,No,No,No,No,Two Year,No,Credit Card,19.8,641.35,0.0,0,412.83,4,0,19.434848484848487,2635
Female,60,No,No,3,0,49,No Offer,Yes,31.7,No,No,No Internet,0,No,No,No,No,No,No,No,No,Two Year,No,Credit Card,20.45,1024.65,0.0,0,1553.3,4,0,20.91122448979592,4784
Male,30,No,No,0,0,1,No Offer,Yes,46.77,No,No,No Internet,0,No,No,No,No,No,No,No,No,Month-to-Month,No,Mailed Check,20.0,20.0,0.0,0,46.77,2,0,20.0,3657
Male,48,No,Yes,0,1,35,Offer C,Yes,48.47,Yes,Yes,Fiber Optic,12,No,No,No,No,No,No,No,Yes,Month-to-Month,Yes,Bank Withdrawal,75.2,2576.2,0.0,0,1696.45,2,1,73.60571428571428,4639
Male,36,No,Yes,0,1,67,No Offer,Yes,23.13,Yes,Yes,Fiber Optic,24,Yes,Yes,Yes,No,Yes,Yes,Yes,Yes,One Year,No,Credit Card,109.9,7332.4,0.0,0,1549.71,4,7,109.43880597014925,5416
Female,57,No,Yes,2,1,30,No Offer,No,0.0,No,Yes,DSL,12,No,No,No,Yes,Yes,Yes,Yes,Yes,Month-to-Month,No,Credit Card,51.2,1561.5,0.0,0,0.0,3,5,52.05,4568
Male,27,No,No,0,0,2,Offer E,Yes,27.47,No,No,No Internet,0,No,No,No,No,No,No,No,No,Month-to-Month,No,Credit Card,19.85,51.6,0.0,0,54.94,3,0,25.8,3300
Female,30,No,Yes,1,3,7,Offer E,Yes,5.84,No,No,No Internet,0,No,No,No,No,No,No,No,No,Month-to-Month,No,Credit Card,20.45,150.75,0.0,0,40.88,4,0,21.535714285714285,4484
Male,79,Yes,Yes,0,7,38,Offer C,Yes,4.75,Yes,Yes,Fiber Optic,24,No,Yes,Yes,No,Yes,Yes,No,Yes,Two Year,Yes,Bank Withdrawal,102.6,4009.2,45.81,0,180.5,4,5,105.50526315789473,5469
Male,19,No,Yes,0,5,72,No Offer,Yes,32.36,Yes,Yes,DSL,52,No,Yes,Yes,Yes,Yes,Yes,Yes,Yes,Two Year,Yes,Bank Withdrawal,85.15,6316.2,0.0,0,2329.92,3,7,87.725,6322
Female,77,Yes,Yes,0,2,65,No Offer,Yes,38.32,No,Yes,Fiber Optic,25,Yes,Yes,Yes,No,No,Yes,Yes,Yes,One Year,No,Bank Withdrawal,94.4,6126.15,0.0,0,2490.8,4,6,94.24846153846153,5348
Male,23,No,Yes,0,0,34,No Offer,No,0.0,No,Yes,DSL,42,Yes,No,No,No,No,No,No,Yes,One Year,No,Bank Withdrawal,30.4,938.65,0.0,0,0.0,4,2,27.60735294117647,4697
Female,73,Yes,Yes,0,2,70,Offer A,Yes,15.9,No,No,No Internet,0,No,No,No,No,No,No,No,No,Two Year,Yes,Credit Card,19.55,1462.05,0.0,0,1113.0,3,0,20.88642857142857,5209
Male,73,Yes,Yes,0,8,14,No Offer,Yes,45.46,Yes,Yes,Fiber Optic,4,No,No,No,No,No,No,No,Yes,Two Year,Yes,Bank Withdrawal,75.1,1013.35,0.0,0,636.44,4,1,72.38214285714285,3771
Female,51,No,No,0,0,14,Offer D,Yes,1.69,No,Yes,Fiber Optic,21,No,Yes,No,Yes,No,No,No,Yes,Month-to-Month,Yes,Credit Card,80.05,1112.3,0.0,0,23.66,5,3,79.45,4400
Female,34,No,No,0,0,1,Offer E,Yes,9.44,No,No,No Internet,0,No,No,No,No,No,No,No,No,Month-to-Month,Yes,Bank Withdrawal,19.25,19.25,0.0,0,9.44,3,0,19.25,4745
Male,72,Yes,No,1,0,7,No Offer,Yes,41.14,No,Yes,DSL,17,No,No,No,No,No,No,No,Yes,Two Year,Yes,Credit Card,45.75,344.2,29.0,0,287.98,4,1,49.17142857142857,3779
Male,61,No,Yes,2,5,24,Offer C,Yes,40.81,No,No,No Internet,0,No,No,No,No,No,No,No,No,One Year,No,Mailed Check,20.25,439.75,0.0,0,979.44,4,0,18.322916666666668,3000
Male,53,No,Yes,0,2,44,Offer B,Yes,21.39,Yes,Yes,Fiber Optic,10,Yes,No,Yes,No,No,No,No,Yes,Month-to-Month,Yes,Credit Card,84.8,3626.35,43.96,0,941.16,4,3,82.41704545454546,2770
Female,30,No,Yes,3,9,22,Offer D,Yes,25.98,Yes,No,No Internet,0,No,No,No,No,No,No,No,No,Two Year,No,Credit Card,25.25,555.4,0.0,0,571.56,3,0,25.245454545454546,4386
Male,58,No,Yes,0,1,40,Offer B,Yes,16.33,Yes,Yes,Fiber Optic,23,No,No,No,No,Yes,Yes,Yes,Yes,Month-to-Month,Yes,Bank Withdrawal,97.1,3706.95,41.85,0,653.2,3,4,92.67375,3099
Female,40,No,Yes,3,4,26,Offer C,No,0.0,No,Yes,Cable,23,Yes,Yes,No,Yes,No,No,No,No,Month-to-Month,No,Credit Card,38.85,1025.15,0.0,30,0.0,4,3,39.42884615384616,3970
Male,61,No,No,1,0,8,No Offer,Yes,14.37,No,No,No Internet,0,No,No,No,No,No,No,No,No,Month-to-Month,No,Credit Card,20.35,178.7,0.0,0,114.96,3,0,22.3375,4577
Male,22,No,No,0,0,7,Offer E,Yes,12.05,No,Yes,Fiber Optic,69,No,Yes,No,No,Yes,Yes,Yes,Yes,Month-to-Month,Yes,Bank Withdrawal,94.25,669.0,0.0,0,84.35,3,5,95.57142857142857,5267
Female,44,No,No,0,0,57,No Offer,No,0.0,No,Yes,DSL,24,Yes,No,Yes,Yes,No,No,No,Yes,One Year,Yes,Credit Card,41.1,2258.25,0.0,0,0.0,4,4,39.61842105263158,5281
Female,63,No,No,0,0,50,No Offer,Yes,27.7,Yes,Yes,Fiber Optic,28,Yes,Yes,No,Yes,Yes,Yes,Yes,Yes,Two Year,Yes,Bank Withdrawal,109.65,5551.15,0.0,0,1385.0,1,7,111.023,5855
Female,23,No,Yes,1,1,11,No Offer,No,0.0,No,Yes,Cable,41,Yes,No,No,No,Yes,Yes,Yes,Yes,Month-to-Month,No,Bank Withdrawal,50.55,565.35,0.0,0,0.0,3,5,51.39545454545455,3443
Female,48,No,No,0,0,40,No Offer,Yes,26.03,No,No,No Internet,0,No,No,No,No,No,No,No,No,Two Year,No,Credit Card,19.65,830.25,0.0,0,1041.2,4,0,20.75625,3878
Male,71,Yes,No,0,0,22,No Offer,Yes,46.11,Yes,Yes,Fiber Optic,27,No,No,No,Yes,Yes,No,No,Yes,Month-to-Month,Yes,Bank Withdrawal,90.5,1910.6,0.0,0,1014.42,1,3,86.84545454545454,5014
Male,22,No,Yes,2,3,10,No Offer,Yes,36.37,Yes,No,No Internet,0,No,No,No,No,No,No,No,No,Two Year,No,Credit Card,25.35,253.5,0.0,0,363.7,4,0,25.35,2299
Female,33,No,Yes,0,1,3,No Offer,Yes,31.61,Yes,Yes,Fiber Optic,20,No,Yes,No,No,No,Yes,Yes,No,Month-to-Month,Yes,Credit Card,91.5,242.95,0.0,10,94.83,3,3,80.98333333333333,5646
Male,47,No,Yes,3,1,27,No Offer,Yes,15.71,No,Yes,Fiber Optic,53,Yes,Yes,No,No,No,No,No,Yes,One Year,Yes,Credit Card,80.65,2209.75,0.0,0,424.17,3,3,81.8425925925926,5856
Male,29,No,Yes,1,3,18,No Offer,Yes,10.29,No,Yes,DSL,59,Yes,No,Yes,Yes,Yes,Yes,Yes,Yes,Month-to-Month,No,Bank Withdrawal,83.25,1611.15,0.0,0,185.22,3,7,89.50833333333334,2065
Male,75,Yes,Yes,0,7,68,Offer A,Yes,34.31,Yes,Yes,Fiber Optic,15,No,No,Yes,No,No,No,No,Yes,One Year,Yes,Credit Card,80.35,5589.3,0.0,0,2333.08,4,2,82.19558823529412,5581
Female,59,No,No,0,0,65,No Offer,Yes,27.68,Yes,Yes,Fiber Optic,6,No,Yes,Yes,No,Yes,No,No,No,One Year,Yes,Bank Withdrawal,95.5,6153.85,0.0,80,1799.2,5,3,94.6746153846154,6153
Male,32,No,Yes,0,2,72,Offer A,Yes,11.57,Yes,Yes,Fiber Optic,18,No,Yes,No,No,Yes,No,No,Yes,One Year,Yes,Bank Withdrawal,89.7,6588.95,0.0,0,833.04,3,3,91.51319444444444,6016
Female,70,Yes,Yes,0,1,50,Offer B,Yes,9.18,Yes,Yes,Fiber Optic,2,Yes,Yes,Yes,No,Yes,Yes,Yes,Yes,Month-to-Month,No,Bank Withdrawal,108.75,5431.9,0.0,0,459.0,3,7,108.63799999999999,5211
Male,55,No,No,0,0,42,No Offer,Yes,38.74,No,No,No Internet,0,No,No,No,No,No,No,No,No,One Year,No,Bank Withdrawal,19.8,849.9,0.0,0,1627.08,3,0,20.235714285714284,3575
Female,56,No,Yes,2,1,7,Offer E,Yes,9.1,Yes,Yes,DSL,28,No,No,No,No,No,No,No,Yes,Month-to-Month,No,Bank Withdrawal,48.8,349.8,0.0,0,63.7,4,1,49.971428571428575,4785
Female,49,No,Yes,0,7,60,Offer B,Yes,41.4,No,Yes,Cable,21,Yes,Yes,No,Yes,No,No,No,Yes,Two Year,No,Bank Withdrawal,59.85,3483.45,0.0,0,2484.0,3,4,58.0575,4029
Female,51,No,No,0,0,66,Offer A,Yes,20.77,Yes,No,No Internet,0,No,No,No,No,No,No,No,No,Two Year,Yes,Credit Card,25.15,1683.6,0.0,0,1370.82,5,0,25.509090909090908,6141
Female,39,No,No,0,0,2,No Offer,Yes,12.68,No,No,No Internet,0,No,No,No,No,No,No,No,No,Month-to-Month,No,Credit Card,20.3,41.2,0.0,0,25.36,5,0,20.6,5074
Male,29,No,No,0,0,41,Offer B,Yes,21.64,No,Yes,Fiber Optic,59,No,Yes,No,Yes,Yes,Yes,Yes,Yes,Two Year,Yes,Credit Card,99.65,4220.35,0.0,0,887.24,5,6,102.93536585365854,2640
Female,49,No,No,3,0,19,Offer D,Yes,8.02,Yes,Yes,DSL,57,Yes,Yes,No,Yes,Yes,No,No,Yes,Month-to-Month,Yes,Credit Card,75.9,1375.6,0.0,0,152.38,4,5,72.39999999999999,4198
Female,46,No,Yes,0,2,71,Offer A,No,0.0,No,Yes,DSL,27,No,Yes,Yes,Yes,Yes,Yes,Yes,Yes,Two Year,Yes,Credit Card,61.4,4310.35,0.0,0,0.0,4,7,60.70915492957747,5119
Female,49,No,No,0,0,1,No Offer,Yes,43.06,No,Yes,Fiber Optic,9,Yes,Yes,No,Yes,No,No,No,Yes,Month-to-Month,Yes,Credit Card,83.4,83.4,0.0,0,43.06,3,4,83.4,5960
Female,69,Yes,Yes,0,8,72,Offer A,Yes,7.85,Yes,Yes,Fiber Optic,20,Yes,Yes,No,No,Yes,Yes,Yes,No,One Year,Yes,Bank Withdrawal,106.85,7677.4,0.0,100,565.2,4,5,106.63055555555555,4768
Female,46,No,Yes,3,1,14,Offer D,Yes,26.58,Yes,Yes,Fiber Optic,53,No,No,No,No,Yes,No,No,Yes,Month-to-Month,Yes,Bank Withdrawal,84.8,1203.9,0.0,0,372.12,3,2,85.99285714285715,2452
Male,35,No,Yes,0,4,63,No Offer,Yes,2.72,Yes,Yes,Fiber Optic,22,No,No,Yes,No,Yes,Yes,Yes,Yes,Two Year,No,Bank Withdrawal,102.6,6296.75,0.0,0,171.36,5,5,99.9484126984127,4004
Female,76,Yes,No,0,0,2,No Offer,Yes,32.98,No,Yes,Fiber Optic,14,No,Yes,No,No,Yes,No,No,Yes,Two Year,Yes,Bank Withdrawal,83.8,163.7,0.0,0,65.96,3,3,81.85,2885
Male,34,No,Yes,0,2,3,Offer E,Yes,4.19,No,Yes,Cable,6,No,No,Yes,Yes,No,No,No,Yes,Month-to-Month,Yes,Mailed Check,55.8,154.55,0.0,0,12.57,4,3,51.51666666666667,2662
Male,61,No,No,0,0,18,No Offer,Yes,7.56,No,Yes,Fiber Optic,20,No,Yes,Yes,No,Yes,Yes,Yes,Yes,Month-to-Month,No,Credit Card,101.3,1794.65,0.0,0,136.08,3,6,99.70277777777778,5948
Female,53,No,Yes,0,8,47,No Offer,Yes,3.2,No,Yes,Cable,18,No,Yes,No,No,Yes,No,No,Yes,Month-to-Month,Yes,Bank Withdrawal,58.6,2723.4,0.0,0,150.4,4,3,57.94468085106383,2613
Female,60,No,Yes,0,8,44,Offer B,Yes,44.87,No,Yes,Cable,20,Yes,Yes,Yes,No,No,No,No,No,One Year,Yes,Credit Card,61.5,2722.2,0.0,150,1974.28,3,3,61.86818181818182,2059
Female,36,No,Yes,0,0,1,Offer E,No,0.0,No,Yes,DSL,10,No,Yes,No,No,No,No,No,Yes,Month-to-Month,Yes,Bank Withdrawal,29.85,29.85,0.0,0,0.0,3,2,29.85,3964
Female,38,No,No,0,0,1,No Offer,Yes,45.59,No,Yes,DSL,5,No,No,No,No,No,No,No,Yes,Month-to-Month,No,Credit Card,43.95,43.95,0.0,0,45.59,5,1,43.95,5684
Male,53,No,Yes,0,1,1,No Offer,Yes,35.15,No,Yes,Fiber Optic,14,No,No,Yes,No,No,No,No,No,Month-to-Month,No,Bank Withdrawal,76.2,76.2,0.0,50,35.15,3,1,76.2,5973
Male,29,No,Yes,0,9,1,No Offer,Yes,43.57,No,No,No Internet,0,No,No,No,No,No,No,No,No,One Year,No,Mailed Check,18.8,18.8,0.0,0,43.57,3,0,18.8,5160
Male,49,No,No,0,0,15,No Offer,Yes,5.54,No,No,No Internet,0,No,No,No,No,No,No,No,No,One Year,No,Credit Card,19.8,304.6,0.0,0,83.1,4,0,20.30666666666667,5753
Female,73,Yes,Yes,0,0,66,Offer A,Yes,28.06,Yes,Yes,Fiber Optic,20,No,Yes,No,No,Yes,Yes,No,Yes,Two Year,Yes,Bank Withdrawal,100.8,6690.75,0.0,0,1851.96,4,4,101.375,5469
Female,48,No,No,0,0,51,No Offer,No,0.0,No,Yes,DSL,10,Yes,No,Yes,Yes,Yes,Yes,Yes,Yes,One Year,No,Bank Withdrawal,60.15,3077.0,0.0,0,0.0,3,7,60.333333333333336,5404
Female,63,No,No,0,0,6,No Offer,Yes,39.16,No,Yes,DSL,8,Yes,No,No,No,No,No,No,Yes,Month-to-Month,Yes,Bank Withdrawal,49.45,314.6,0.0,0,234.96,3,2,52.43333333333334,3672
Male,73,Yes,No,0,0,37,Offer C,Yes,38.06,Yes,Yes,Fiber Optic,19,No,No,Yes,No,Yes,Yes,No,Yes,Month-to-Month,Yes,Bank Withdrawal,101.1,3744.05,0.0,0,1408.22,1,4,101.19054054054054,4424
Male,22,No,No,1,0,72,No Offer,Yes,31.93,No,No,No Internet,0,No,No,No,No,No,No,No,No,Two Year,No,Credit Card,19.9,1529.65,0.0,0,2298.96,4,0,21.24513888888889,5730
Male,65,Yes,Yes,0,7,70,No Offer,Yes,12.07,Yes,Yes,DSL,17,Yes,Yes,Yes,Yes,Yes,Yes,Yes,Yes,Two Year,No,Credit Card,90.05,6333.4,0.0,0,844.9,3,8,90.47714285714285,4666
Female,52,No,Yes,2,9,5,No Offer,No,0.0,No,Yes,DSL,19,No,Yes,No,Yes,No,No,No,Yes,Month-to-Month,No,Bank Withdrawal,34.25,163.55,0.0,0,0.0,5,3,32.71,5100
Female,25,No,Yes,3,1,25,Offer C,Yes,4.57,No,No,No Internet,0,No,No,No,No,No,No,No,No,Two Year,No,Credit Card,20.1,486.05,0.0,0,114.25,3,0,19.442,5306
Female,39,No,No,0,0,16,Offer D,Yes,18.99,Yes,Yes,Fiber Optic,30,No,Yes,Yes,No,No,Yes,Yes,Yes,Month-to-Month,Yes,Credit Card,95.6,1555.65,0.0,0,303.84,1,5,97.228125,5915
Female,53,No,No,0,0,6,No Offer,Yes,1.15,Yes,Yes,Fiber Optic,3,No,Yes,No,No,Yes,No,No,Yes,Month-to-Month,Yes,Bank Withdrawal,90.1,521.3,0.0,0,6.9,1,3,86.88333333333333,5656
Female,78,Yes,Yes,0,0,32,Offer C,Yes,48.95,Yes,Yes,Fiber Optic,9,No,No,No,No,Yes,No,No,Yes,Month-to-Month,Yes,Credit Card,85.95,2628.6,0.0,0,1566.4,3,2,82.14375,2431
Female,41,No,Yes,0,0,55,No Offer,Yes,35.38,Yes,Yes,Cable,13,Yes,Yes,No,Yes,No,No,No,No,One Year,Yes,Credit Card,66.05,3462.1,44.53,150,1945.9,4,3,62.947272727272725,5501
Female,21,No,Yes,0,1,70,Offer A,Yes,16.78,Yes,Yes,Fiber Optic,48,Yes,Yes,Yes,Yes,Yes,Yes,Yes,Yes,Two Year,Yes,Bank Withdrawal,114.2,7723.9,48.54,0,1174.6,1,8,110.34142857142857,5947
Female,21,No,No,0,0,5,Offer E,Yes,29.74,Yes,Yes,Fiber Optic,42,No,No,Yes,Yes,No,No,No,Yes,Month-to-Month,Yes,Bank Withdrawal,82.75,417.75,0.0,0,148.7,4,3,83.55,5269
Female,36,No,Yes,3,10,44,Offer B,Yes,43.7,No,Yes,DSL,75,Yes,No,No,Yes,No,No,No,No,Month-to-Month,No,Bank Withdrawal,56.25,2419.55,14.78,40,1922.8,3,2,54.98977272727273,3918
Female,54,No,No,0,0,10,Offer D,Yes,37.45,No,Yes,DSL,5,No,Yes,No,Yes,No,Yes,Yes,Yes,One Year,No,Credit Card,64.9,685.55,0.0,0,374.5,3,5,68.55499999999999,4883
Female,62,No,No,2,0,12,No Offer,Yes,16.96,Yes,Yes,Fiber Optic,18,No,Yes,Yes,No,Yes,Yes,Yes,Yes,Month-to-Month,Yes,Bank Withdrawal,105.3,1275.65,0.0,0,203.52,3,6,106.30416666666667,5913
Female,27,No,No,0,0,10,No Offer,Yes,12.39,No,No,No Internet,0,No,No,No,No,No,No,No,No,Month-to-Month,Yes,Credit Card,20.9,247.0,0.0,0,123.9,5,0,24.7,4905
Female,60,No,No,0,0,1,No Offer,No,0.0,No,Yes,DSL,9,No,No,No,Yes,No,No,No,No,Month-to-Month,No,Credit Card,30.55,30.55,0.0,40,0.0,4,1,30.55,5565
Male,68,Yes,No,0,0,1,Offer E,Yes,11.08,Yes,Yes,Fiber Optic,12,No,No,No,No,No,No,No,Yes,Month-to-Month,Yes,Bank Withdrawal,74.4,74.4,0.0,0,11.08,2,1,74.4,3429
Male,47,No,Yes,0,1,52,No Offer,No,0.0,No,Yes,DSL,26,Yes,No,No,No,No,Yes,Yes,Yes,Month-to-Month,Yes,Bank Withdrawal,39.9,2020.9,0.0,0,0.0,3,4,38.86346153846154,6371
Female,31,No,Yes,0,1,10,No Offer,Yes,32.07,Yes,Yes,Fiber Optic,22,No,Yes,Yes,No,Yes,Yes,Yes,Yes,Month-to-Month,Yes,Credit Card,102.1,1068.85,0.0,0,320.7,3,6,106.88499999999999,3596
Female,19,No,Yes,0,1,3,Offer E,Yes,44.46,No,Yes,DSL,51,No,No,No,No,No,No,Yes,Yes,Month-to-Month,No,Credit Card,44.3,134.5,0.0,0,133.38,2,2,44.833333333333336,4903
Female,21,No,Yes,0,9,72,Offer A,Yes,22.41,Yes,Yes,DSL,59,Yes,Yes,Yes,Yes,Yes,No,No,No,Two Year,No,Credit Card,79.2,5401.9,0.0,20,1613.52,4,5,75.02638888888889,4288
Female,57,No,No,0,0,35,No Offer,Yes,44.81,No,Yes,DSL,20,Yes,Yes,Yes,No,No,No,No,Yes,Month-to-Month,No,Bank Withdrawal,60.55,1982.6,0.0,0,1568.35,4,4,56.645714285714284,3463
Female,48,No,Yes,0,9,46,No Offer,Yes,13.05,Yes,Yes,DSL,15,Yes,No,No,No,No,No,No,Yes,Month-to-Month,No,Bank Withdrawal,55.0,2473.95,31.39,0,600.3,3,2,53.78152173913043,5928
Female,72,Yes,Yes,0,1,71,Offer A,Yes,37.53,Yes,Yes,DSL,24,Yes,Yes,Yes,Yes,No,Yes,Yes,Yes,Two Year,Yes,Bank Withdrawal,82.7,5831.2,0.0,0,2664.63,3,7,82.12957746478872,5089
Male,44,No,No,0,0,1,No Offer,No,0.0,No,Yes,Cable,2,No,No,No,No,No,No,No,Yes,Month-to-Month,Yes,Mailed Check,24.45,24.45,0.0,0,0.0,3,1,24.45,2121
Female,56,No,Yes,0,9,56,Offer B,Yes,4.24,No,Yes,Fiber Optic,15,Yes,No,Yes,No,No,No,No,Yes,Two Year,No,Bank Withdrawal,80.3,4513.65,0.0,0,237.44,3,3,80.60089285714285,6203
Male,39,No,Yes,3,8,12,Offer D,Yes,9.58,No,Yes,Cable,57,Yes,No,No,No,No,No,No,No,Month-to-Month,Yes,Bank Withdrawal,49.2,571.15,0.0,80,114.96,3,1,47.59583333333333,3582
Female,59,No,Yes,0,7,51,No Offer,Yes,20.47,Yes,No,No Internet,0,No,No,No,No,No,No,No,No,Two Year,No,Mailed Check,25.5,1281.25,0.0,0,1043.97,5,0,25.122549019607842,5447
Male,34,No,No,0,0,57,No Offer,Yes,30.77,Yes,Yes,Fiber Optic,10,No,No,No,Yes,Yes,No,No,No,Two Year,Yes,Credit Card,90.45,5229.8,0.0,70,1753.89,5,2,91.75087719298246,5076
Female,33,No,Yes,0,2,57,Offer B,Yes,10.05,Yes,Yes,DSL,16,Yes,No,Yes,Yes,Yes,Yes,Yes,Yes,Two Year,Yes,Bank Withdrawal,84.5,4845.4,0.0,0,572.85,3,7,85.00701754385965,5928
Male,48,No,Yes,3,9,6,No Offer,Yes,38.5,No,Yes,Fiber Optic,20,No,No,No,No,No,No,No,Yes,Month-to-Month,Yes,Bank Withdrawal,69.8,377.85,0.0,0,231.0,4,1,62.975,2651
Male,23,No,Yes,2,5,63,No Offer,Yes,28.92,Yes,No,No Internet,0,No,No,No,No,No,No,No,No,Two Year,No,Credit Card,24.65,1574.5,0.0,0,1821.96,4,0,24.99206349206349,4392
Male,37,No,Yes,0,1,42,Offer B,No,0.0,No,Yes,DSL,7,Yes,No,No,No,Yes,No,No,Yes,Month-to-Month,Yes,Bank Withdrawal,40.15,1626.05,0.0,0,0.0,4,3,38.71547619047619,4348
Female,57,No,No,0,0,12,Offer D,Yes,14.38,Yes,Yes,Fiber Optic,6,No,Yes,No,No,Yes,No,No,Yes,Month-to-Month,Yes,Bank Withdrawal,89.75,1052.4,0.0,0,172.56,3,3,87.7,5671
Male,77,Yes,Yes,0,1,24,Offer C,Yes,16.1,No,Yes,Cable,12,No,No,Yes,No,Yes,Yes,Yes,Yes,Month-to-Month,Yes,Bank Withdrawal,93.15,2231.05,0.0,0,386.4,2,5,92.96041666666667,2212
Male,60,No,Yes,2,5,39,No Offer,Yes,13.8,No,Yes,DSL,13,Yes,Yes,Yes,No,No,No,No,No,One Year,No,Bank Withdrawal,59.8,2343.85,0.0,140,538.2,3,3,60.09871794871795,3093
Female,58,No,No,0,0,61,Offer B,Yes,5.55,Yes,Yes,Fiber Optic,7,Yes,Yes,Yes,Yes,Yes,Yes,Yes,Yes,One Year,Yes,Credit Card,115.1,6993.65,0.0,0,338.55,4,8,114.64999999999999,4785
Female,22,No,No,0,0,22,No Offer,Yes,1.74,No,Yes,DSL,85,No,Yes,Yes,No,Yes,No,No,Yes,One Year,No,Bank Withdrawal,65.25,1441.8,0.0,0,38.28,5,4,65.53636363636363,5146
Male,45,No,Yes,2,1,57,No Offer,Yes,41.56,No,No,No Internet,0,No,No,No,No,No,No,No,No,One Year,No,Credit Card,19.4,1061.6,0.0,0,2368.92,5,0,18.62456140350877,4194
Male,24,No,Yes,0,1,70,Offer A,Yes,1.63,No,Yes,DSL,41,Yes,Yes,Yes,Yes,No,No,No,Yes,Two Year,No,Credit Card,64.95,4523.25,42.89,0,114.1,3,5,64.61785714285715,5669
Male,68,Yes,No,0,0,20,No Offer,Yes,22.31,No,Yes,DSL,21,Yes,No,No,Yes,No,No,No,Yes,One Year,No,Credit Card,54.0,1055.9,0.0,0,446.2,4,3,52.795,5090
Male,33,No,Yes,0,10,70,No Offer,Yes,30.06,Yes,Yes,Cable,24,No,Yes,Yes,Yes,Yes,Yes,Yes,Yes,Two Year,Yes,Credit Card,85.95,5931.75,0.0,0,2104.2,5,7,84.73928571428571,6354
Female,50,No,No,0,0,17,No Offer,Yes,24.31,Yes,Yes,DSL,21,No,No,Yes,No,No,No,No,Yes,One Year,Yes,Mailed Check,55.85,937.5,0.0,0,413.27,2,2,55.14705882352941,5472
Female,50,No,Yes,2,1,68,Offer A,Yes,15.94,Yes,Yes,Fiber Optic,29,No,Yes,No,Yes,No,No,No,Yes,One Year,Yes,Bank Withdrawal,83.65,5733.4,46.99,0,1083.92,4,3,84.31470588235294,5958
Female,42,No,No,3,0,1,No Offer,Yes,2.98,No,Yes,Cable,26,Yes,No,No,No,No,No,No,Yes,Month-to-Month,No,Credit Card,51.2,51.2,0.0,0,2.98,3,2,51.2,3699
Female,32,No,Yes,1,10,46,Offer B,Yes,49.26,Yes,Yes,Fiber Optic,18,Yes,No,Yes,Yes,No,Yes,Yes,Yes,Two Year,No,Credit Card,99.65,4630.2,9.35,0,2265.96,3,6,100.65652173913043,4736
Male,29,No,No,0,0,11,Offer D,Yes,27.84,No,Yes,Cable,59,No,Yes,No,No,Yes,No,No,Yes,One Year,Yes,Bank Withdrawal,61.25,729.95,0.0,0,306.24,3,3,66.35909090909091,2738
Male,55,No,No,3,0,13,Offer D,Yes,31.93,No,Yes,Fiber Optic,22,No,No,No,No,Yes,No,No,No,Month-to-Month,Yes,Credit Card,78.3,1033.95,0.0,150,415.09,3,1,79.53461538461539,5566
Male,69,Yes,No,0,0,54,No Offer,Yes,18.58,Yes,Yes,Fiber Optic,14,No,Yes,No,No,No,Yes,No,Yes,Two Year,Yes,Bank Withdrawal,90.05,4931.8,0.0,0,1003.32,5,3,91.32962962962964,5232
Male,43,No,No,0,0,25,Offer C,Yes,17.64,No,No,No Internet,0,No,No,No,No,No,No,No,No,Month-to-Month,Yes,Mailed Check,20.15,536.35,0.0,0,441.0,5,0,21.454,3848
Female,79,Yes,Yes,0,1,2,Offer E,Yes,32.62,No,Yes,Fiber Optic,2,No,No,No,No,No,No,No,Yes,Two Year,Yes,Bank Withdrawal,69.3,153.8,0.0,0,65.24,4,1,76.9,2901
Female,64,No,No,0,0,3,No Offer,Yes,31.81,No,No,No Internet,0,No,No,No,No,No,No,No,No,Month-to-Month,No,Bank Withdrawal,20.2,65.95,0.0,0,95.43,5,0,21.983333333333334,4369
Female,38,No,Yes,2,1,53,No Offer,Yes,43.39,No,Yes,Fiber Optic,29,No,Yes,Yes,Yes,Yes,Yes,Yes,Yes,Month-to-Month,Yes,Bank Withdrawal,108.25,5935.1,0.0,0,2299.67,4,7,111.98301886792453,5989
Male,23,No,No,1,0,3,No Offer,Yes,37.85,No,No,No Internet,0,No,No,No,No,No,No,No,No,Month-to-Month,Yes,Credit Card,20.05,75.45,0.0,0,113.55,4,0,25.150000000000002,2948
Male,57,No,Yes,0,4,21,No Offer,Yes,17.19,No,Yes,DSL,11,No,No,No,No,Yes,No,No,Yes,Month-to-Month,No,Bank Withdrawal,54.6,1125.2,0.0,0,360.99,3,2,53.58095238095238,5763
Male,42,No,No,2,0,2,No Offer,Yes,49.53,No,No,No Internet,0,No,No,No,No,No,No,No,No,Month-to-Month,No,Mailed Check,20.4,42.9,0.0,0,99.06,3,0,21.45,3000
Female,24,No,Yes,2,8,55,No Offer,Yes,27.75,No,No,No Internet,0,No,No,No,No,No,No,No,No,Two Year,No,Credit Card,19.4,1083.0,0.0,0,1526.25,5,0,19.69090909090909,5366
Female,60,No,Yes,0,4,59,Offer B,Yes,16.39,Yes,Yes,Fiber Optic,14,Yes,Yes,No,No,Yes,No,No,Yes,Month-to-Month,Yes,Bank Withdrawal,94.75,5597.65,0.0,0,967.01,3,4,94.87542372881356,5238
Female,66,Yes,No,0,0,4,No Offer,Yes,8.75,Yes,Yes,Fiber Optic,4,Yes,No,No,No,No,No,No,No,One Year,Yes,Bank Withdrawal,80.25,303.7,0.0,30,35.0,4,1,75.925,3828
Male,52,No,Yes,0,5,72,Offer A,Yes,30.75,Yes,Yes,Fiber Optic,3,Yes,Yes,Yes,Yes,Yes,Yes,Yes,Yes,Two Year,Yes,Credit Card,114.05,8468.2,0.0,0,2214.0,3,8,117.6138888888889,4842
Female,50,No,No,2,0,9,No Offer,Yes,35.49,No,Yes,Cable,11,No,No,Yes,Yes,Yes,Yes,Yes,Yes,Month-to-Month,Yes,Credit Card,72.9,651.4,0.0,0,319.41,1,6,72.37777777777778,3585
Male,71,Yes,No,0,0,35,No Offer,Yes,20.83,Yes,Yes,Fiber Optic,19,No,No,Yes,No,Yes,Yes,No,No,Month-to-Month,Yes,Bank Withdrawal,99.05,3395.8,0.0,120,729.05,1,3,97.02285714285715,2074
Female,23,No,Yes,3,10,26,No Offer,Yes,42.95,No,Yes,Fiber Optic,27,Yes,Yes,No,No,No,No,No,Yes,Month-to-Month,No,Bank Withdrawal,81.95,2070.05,0.0,0,1116.7,3,3,79.6173076923077,2817
Male,33,No,Yes,0,3,45,No Offer,Yes,39.82,Yes,Yes,DSL,13,No,Yes,Yes,No,Yes,Yes,Yes,Yes,One Year,No,Credit Card,78.75,3600.65,0.0,0,1791.9,3,6,80.01444444444445,2595
Male,56,No,No,0,0,23,Offer D,Yes,46.17,No,No,No Internet,0,No,No,No,No,No,No,No,No,One Year,No,Credit Card,20.45,481.1,0.0,0,1061.91,5,0,20.917391304347827,3434
Female,31,No,Yes,1,0,55,Offer B,Yes,27.7,No,No,No Internet,0,No,No,No,No,No,No,No,No,One Year,No,Credit Card,19.15,998.1,0.0,0,1523.5,3,0,18.14727272727273,5390
Female,21,No,Yes,0,4,59,Offer B,Yes,9.23,Yes,Yes,Fiber Optic,48,No,Yes,No,No,Yes,Yes,Yes,Yes,Month-to-Month,No,Bank Withdrawal,101.1,6039.9,0.0,0,544.57,2,5,102.37118644067796,4160
Female,44,No,Yes,0,6,24,No Offer,Yes,35.86,No,No,No Internet,0,No,No,No,No,No,No,No,No,One Year,No,Credit Card,20.4,482.8,0.0,0,860.64,5,0,20.116666666666667,3071
Male,42,No,Yes,1,1,14,No Offer,Yes,45.6,No,Yes,Cable,19,Yes,Yes,No,No,Yes,No,No,Yes,Month-to-Month,Yes,Bank Withdrawal,65.45,937.6,0.0,0,638.4,1,4,66.97142857142858,2881
Male,45,No,Yes,1,4,68,No Offer,Yes,34.13,No,Yes,DSL,25,No,No,Yes,Yes,Yes,Yes,Yes,Yes,Two Year,Yes,Bank Withdrawal,72.95,4953.25,0.0,0,2320.84,4,6,72.84191176470588,4499
Male,39,No,No,0,0,49,Offer B,Yes,23.82,Yes,Yes,Fiber Optic,18,No,No,No,No,No,No,No,Yes,Month-to-Month,Yes,Bank Withdrawal,74.6,3720.35,0.0,0,1167.18,5,1,75.92551020408163,4516
Male,30,No,No,0,0,40,Offer B,Yes,32.27,No,Yes,Fiber Optic,69,No,Yes,No,Yes,No,Yes,Yes,Yes,One Year,Yes,Credit Card,89.6,3488.15,0.0,0,1290.8,4,5,87.20375,2524
Female,54,No,No,0,0,2,No Offer,Yes,15.67,No,Yes,Fiber Optic,8,No,No,No,No,No,No,No,Yes,Month-to-Month,Yes,Bank Withdrawal,69.7,135.2,0.0,0,31.34,5,1,67.6,3056
Male,64,No,No,0,0,25,Offer C,Yes,8.31,Yes,Yes,Fiber Optic,22,No,No,No,No,No,Yes,Yes,Yes,Month-to-Month,Yes,Bank Withdrawal,84.8,2043.45,0.0,0,207.75,1,3,81.738,4203
Male,45,No,No,2,0,21,Offer D,Yes,27.6,No,No,No Internet,0,No,No,No,No,No,No,No,No,Two Year,No,Credit Card,19.6,397.0,0.0,0,579.6,3,0,18.904761904761905,2447
Female,28,No,No,0,0,53,No Offer,Yes,28.46,No,No,No Internet,0,No,No,No,No,No,No,No,No,Two Year,No,Credit Card,20.25,1048.45,0.0,0,1508.38,4,0,19.782075471698114,4218
Female,29,No,No,0,0,43,No Offer,Yes,2.49,Yes,Yes,DSL,53,No,Yes,Yes,Yes,Yes,Yes,Yes,No,One Year,No,Credit Card,85.1,3662.25,0.0,30,107.07,3,6,85.1686046511628,2319
Female,50,No,No,0,0,40,Offer B,Yes,33.66,Yes,Yes,Fiber Optic,20,No,No,No,No,No,Yes,Yes,Yes,Month-to-Month,No,Bank Withdrawal,83.85,3532.25,0.0,0,1346.4,4,3,88.30625,4294
Male,27,No,Yes,0,1,1,No Offer,No,0.0,No,Yes,DSL,58,No,Yes,No,No,No,No,No,Yes,Month-to-Month,No,Bank Withdrawal,30.2,30.2,0.0,0,0.0,1,2,30.2,2915
Male,61,No,Yes,2,2,72,No Offer,Yes,33.92,Yes,No,No Internet,0,No,No,No,No,No,No,No,No,Two Year,No,Credit Card,26.1,1851.45,0.0,0,2442.24,3,0,25.714583333333334,5475
Male,65,Yes,Yes,0,1,30,No Offer,Yes,2.86,Yes,Yes,Fiber Optic,19,No,No,No,No,No,No,No,Yes,Month-to-Month,No,Mailed Check,77.9,2351.45,0.0,0,85.8,3,1,78.38166666666666,2009
Female,70,Yes,Yes,0,6,71,No Offer,Yes,22.0,No,Yes,Fiber Optic,27,No,Yes,Yes,No,Yes,Yes,Yes,Yes,Two Year,Yes,Bank Withdrawal,99.2,7213.75,0.0,0,1562.0,4,6,101.60211267605634,4951
Male,77,Yes,Yes,0,3,32,No Offer,Yes,7.92,Yes,Yes,Fiber Optic,3,No,Yes,Yes,No,Yes,Yes,No,Yes,Month-to-Month,No,Bank Withdrawal,106.35,3520.75,0.0,0,253.44,2,5,110.0234375,4113
Female,20,No,Yes,0,1,19,Offer D,Yes,21.71,Yes,Yes,Fiber Optic,47,No,No,Yes,No,No,Yes,Yes,No,Month-to-Month,No,Credit Card,89.65,1761.05,0.0,80,412.49,3,3,92.68684210526315,3046
Female,26,No,Yes,3,7,38,Offer C,Yes,49.9,No,No,No Internet,0,No,No,No,No,No,No,No,No,Two Year,Yes,Credit Card,19.95,756.4,0.0,0,1896.2,4,0,19.905263157894737,3614
Male,26,No,No,0,0,5,No Offer,Yes,22.16,No,No,No Internet,0,No,No,No,No,No,No,No,No,Month-to-Month,No,Credit Card,20.05,95.55,0.0,0,110.8,4,0,19.11,2483
Male,40,No,Yes,3,9,71,No Offer,Yes,33.67,Yes,Yes,Fiber Optic,75,No,Yes,No,Yes,No,No,No,Yes,Two Year,Yes,Bank Withdrawal,84.8,6152.4,0.0,0,2390.57,3,3,86.65352112676055,5952
Male,31,No,No,1,0,64,Offer B,Yes,22.41,No,Yes,Fiber Optic,24,No,Yes,No,Yes,Yes,Yes,Yes,Yes,Month-to-Month,Yes,Credit Card,99.15,6171.2,0.0,0,1434.24,5,6,96.425,4590
Male,19,No,No,0,0,18,Offer D,Yes,2.26,Yes,Yes,Fiber Optic,73,No,No,No,No,Yes,No,No,Yes,Month-to-Month,No,Bank Withdrawal,84.3,1537.9,0.0,0,40.68,3,2,85.4388888888889,4612
Female,40,No,Yes,2,9,56,No Offer,Yes,29.06,Yes,No,No Internet,0,No,No,No,No,No,No,No,No,Two Year,Yes,Credit Card,24.95,1468.9,0.0,0,1627.36,5,0,26.230357142857144,5243
Male,40,No,No,0,0,41,No Offer,Yes,6.6,Yes,Yes,Cable,3,No,No,Yes,No,No,No,No,Yes,Month-to-Month,Yes,Bank Withdrawal,55.7,2237.55,0.0,0,270.6,4,2,54.57439024390244,5590
Female,32,No,No,0,0,72,Offer A,Yes,2.25,Yes,Yes,Fiber Optic,16,Yes,Yes,Yes,No,Yes,No,No,Yes,Two Year,Yes,Bank Withdrawal,101.3,7261.25,0.0,0,162.0,3,5,100.85069444444444,5513
Male,46,No,Yes,0,9,61,Offer B,Yes,26.94,Yes,Yes,Fiber Optic,11,No,Yes,No,Yes,Yes,No,No,Yes,Two Year,Yes,Bank Withdrawal,94.1,5638.3,0.0,0,1643.34,3,4,92.43114754098362,6295
Male,50,No,Yes,2,10,68,No Offer,Yes,19.09,Yes,No,No Internet,0,No,No,No,No,No,No,No,No,Two Year,No,Bank Withdrawal,25.4,1620.2,9.34,0,1298.12,4,0,23.826470588235296,5668
Female,69,Yes,Yes,0,1,32,No Offer,Yes,33.74,Yes,Yes,Fiber Optic,6,No,No,No,No,Yes,Yes,No,Yes,Month-to-Month,Yes,Bank Withdrawal,93.2,2931.0,17.88,0,1079.68,3,3,91.59375,5247
Male,58,No,No,0,0,51,Offer B,Yes,34.36,Yes,No,No Internet,0,No,No,No,No,No,No,No,No,One Year,Yes,Bank Withdrawal,24.6,1266.4,47.91,0,1752.36,5,0,24.83137254901961,4886
Male,38,No,No,0,0,20,Offer D,Yes,25.41,Yes,Yes,Fiber Optic,27,No,No,Yes,No,Yes,No,No,Yes,Month-to-Month,Yes,Credit Card,90.7,1781.35,0.0,0,508.2,4,3,89.0675,2927
Male,36,No,No,0,0,72,Offer A,No,0.0,No,Yes,Cable,14,Yes,Yes,Yes,Yes,Yes,Yes,Yes,Yes,Two Year,Yes,Bank Withdrawal,63.7,4464.8,0.0,0,0.0,3,8,62.01111111111111,4921
Male,24,No,No,0,0,67,Offer A,Yes,47.31,No,No,No Internet,0,No,No,No,No,No,No,No,No,Two Year,No,Bank Withdrawal,20.5,1430.95,0.0,0,3169.77,5,0,21.357462686567164,4416
Male,55,No,Yes,0,7,72,No Offer,Yes,4.32,Yes,Yes,Fiber Optic,18,No,Yes,Yes,Yes,Yes,Yes,Yes,Yes,Two Year,Yes,Credit Card,110.6,7962.2,0.0,0,311.04,3,7,110.58611111111111,5444
Male,19,No,Yes,0,1,56,Offer B,Yes,13.2,Yes,No,No Internet,0,No,No,No,No,No,No,No,No,Two Year,Yes,Credit Card,25.15,1327.15,0.0,0,739.2,3,0,23.699107142857144,6484
Male,35,No,No,0,0,16,Offer D,Yes,5.74,No,No,No Internet,0,No,No,No,No,No,No,No,No,Month-to-Month,Yes,Credit Card,19.7,342.4,0.0,0,91.84,1,0,21.4,3438
Male,32,No,Yes,0,1,72,No Offer,Yes,47.83,Yes,Yes,Fiber Optic,27,Yes,No,Yes,Yes,Yes,Yes,Yes,Yes,Two Year,Yes,Credit Card,111.9,8071.05,0.0,0,3443.76,3,7,112.09791666666666,6437
Female,75,Yes,No,0,0,50,Offer B,Yes,17.65,Yes,Yes,Fiber Optic,29,No,No,Yes,Yes,Yes,Yes,No,Yes,Month-to-Month,Yes,Bank Withdrawal,104.95,5222.35,0.0,0,882.5,5,5,104.447,5570
Female,73,Yes,Yes,0,1,72,Offer A,Yes,4.59,Yes,Yes,Fiber Optic,27,Yes,Yes,Yes,Yes,Yes,Yes,No,Yes,Two Year,Yes,Bank Withdrawal,114.65,8333.95,0.0,0,330.48,3,7,115.74930555555557,5408
Female,51,No,Yes,0,1,14,Offer D,Yes,20.4,Yes,Yes,DSL,30,Yes,No,No,No,Yes,No,No,Yes,Month-to-Month,Yes,Bank Withdrawal,64.7,941.0,0.0,0,285.6,1,3,67.21428571428571,4049
Female,70,Yes,Yes,0,1,20,No Offer,Yes,8.98,No,Yes,DSL,16,No,Yes,No,No,No,Yes,No,Yes,One Year,Yes,Bank Withdrawal,60.0,1259.35,0.0,0,179.6,5,3,62.967499999999994,2399
Female,39,No,No,0,0,2,No Offer,Yes,14.07,Yes,Yes,Fiber Optic,6,No,No,No,No,No,Yes,Yes,Yes,Month-to-Month,Yes,Bank Withdrawal,85.7,169.8,0.0,0,28.14,2,3,84.9,2187
Female,41,No,Yes,0,10,45,No Offer,Yes,26.01,No,Yes,Cable,29,Yes,No,Yes,Yes,Yes,Yes,Yes,Yes,Two Year,Yes,Credit Card,81.0,3533.6,0.0,0,1170.45,3,7,78.52444444444444,2934
Male,21,No,Yes,1,1,45,No Offer,Yes,45.21,No,Yes,Cable,59,Yes,No,No,Yes,No,No,No,Yes,Two Year,No,Bank Withdrawal,54.65,2553.7,0.0,0,2034.45,3,3,56.748888888888885,5083
Male,58,No,Yes,0,1,17,Offer D,Yes,44.97,No,Yes,Fiber Optic,11,No,No,No,No,No,No,No,Yes,Month-to-Month,Yes,Bank Withdrawal,69.0,1149.65,0.0,0,764.49,2,1,67.62647058823529,3368
Female,27,No,Yes,0,1,22,No Offer,Yes,13.11,Yes,Yes,DSL,51,Yes,No,No,Yes,Yes,Yes,Yes,Yes,Month-to-Month,Yes,Bank Withdrawal,79.2,1742.75,0.0,0,288.42,1,6,79.2159090909091,3410
Male,27,No,No,0,0,1,No Offer,Yes,46.21,No,Yes,Fiber Optic,58,No,No,No,No,No,No,Yes,Yes,Month-to-Month,Yes,Bank Withdrawal,69.6,69.6,0.0,0,46.21,1,2,69.6,2072
Male,51,No,Yes,1,0,72,Offer A,Yes,24.95,Yes,Yes,Fiber Optic,13,Yes,Yes,Yes,Yes,Yes,Yes,Yes,Yes,Two Year,No,Bank Withdrawal,114.45,8100.55,0.0,0,1796.4,3,8,112.50763888888889,4700
Female,40,No,No,0,0,15,Offer D,Yes,4.67,No,Yes,Fiber Optic,28,No,No,No,No,No,No,No,Yes,Month-to-Month,No,Bank Withdrawal,69.0,994.8,0.0,0,70.05,1,1,66.32,5671
Male,33,No,Yes,0,0,40,Offer B,Yes,23.74,Yes,Yes,DSL,22,No,Yes,No,Yes,Yes,No,No,Yes,One Year,No,Credit Card,70.75,2921.75,0.0,0,949.6,5,4,73.04375,5507
Female,69,Yes,Yes,0,1,1,No Offer,Yes,7.74,No,Yes,DSL,19,No,No,No,No,No,No,No,Yes,Month-to-Month,No,Bank Withdrawal,46.0,46.0,0.0,0,7.74,1,1,46.0,4531
Male,65,Yes,No,0,0,9,No Offer,Yes,48.71,Yes,Yes,Fiber Optic,15,No,No,Yes,No,Yes,Yes,Yes,Yes,Month-to-Month,Yes,Bank Withdrawal,100.5,918.6,0.0,0,438.39,1,5,102.06666666666666,4038
Male,77,Yes,No,0,0,46,No Offer,Yes,36.78,No,Yes,Fiber Optic,29,Yes,No,No,No,No,Yes,Yes,Yes,Month-to-Month,No,Bank Withdrawal,85.0,3969.4,0.0,0,1691.88,1,4,86.29130434782608,2097
Female,45,No,No,0,0,29,No Offer,Yes,1.02,No,Yes,DSL,19,Yes,Yes,Yes,No,No,Yes,Yes,Yes,Month-to-Month,Yes,Bank Withdrawal,68.85,1970.5,0.0,0,29.58,1,6,67.94827586206897,5449
Female,31,No,Yes,2,6,2,Offer E,No,0.0,No,Yes,DSL,20,No,Yes,No,No,No,No,No,Yes,Month-to-Month,Yes,Mailed Check,30.25,63.75,0.0,0,0.0,3,2,31.875,4387
Female,67,Yes,Yes,0,6,69,No Offer,Yes,34.55,No,Yes,Fiber Optic,19,Yes,Yes,No,No,No,Yes,No,Yes,One Year,No,Credit Card,87.3,6055.55,0.0,0,2383.95,3,4,87.76159420289855,4148
Female,37,No,No,0,0,30,Offer C,Yes,22.64,Yes,Yes,DSL,18,No,Yes,Yes,No,Yes,No,No,Yes,One Year,Yes,Credit Card,68.95,2038.7,0.0,0,679.2,5,4,67.95666666666666,4403
Male,33,No,Yes,2,2,58,No Offer,Yes,33.82,Yes,Yes,Fiber Optic,10,No,No,Yes,Yes,Yes,Yes,Yes,Yes,One Year,Yes,Bank Withdrawal,105.05,6004.85,0.0,0,1961.56,5,6,103.53189655172415,5870
Male,69,Yes,No,0,0,6,Offer E,Yes,19.74,No,Yes,DSL,7,No,No,No,No,No,No,No,Yes,Month-to-Month,No,Credit Card,44.7,276.5,0.0,0,118.44,3,1,46.083333333333336,4270
Male,75,Yes,Yes,0,3,49,Offer B,Yes,22.92,Yes,Yes,Fiber Optic,14,No,Yes,No,No,No,Yes,No,Yes,Month-to-Month,No,Credit Card,90.05,4547.25,0.0,0,1123.08,2,3,92.80102040816327,5059
Female,46,No,No,0,0,23,Offer D,Yes,18.12,Yes,Yes,Fiber Optic,23,No,No,No,No,Yes,Yes,Yes,Yes,Month-to-Month,Yes,Bank Withdrawal,93.5,2341.55,0.0,0,416.76,3,4,101.80652173913045,4861
Male,26,No,Yes,0,4,4,No Offer,No,0.0,No,Yes,DSL,76,No,Yes,No,No,Yes,Yes,Yes,Yes,Month-to-Month,Yes,Bank Withdrawal,48.55,201.0,0.0,0,0.0,2,5,50.25,3955
Female,25,No,No,0,0,70,Offer A,Yes,8.39,Yes,Yes,Fiber Optic,59,No,Yes,No,No,Yes,Yes,Yes,Yes,One Year,No,Bank Withdrawal,98.9,6838.6,0.0,0,587.3,5,5,97.69428571428573,5980
Female,25,No,Yes,0,4,42,No Offer,Yes,9.84,Yes,Yes,DSL,52,Yes,No,Yes,Yes,Yes,Yes,Yes,Yes,Two Year,No,Credit Card,84.35,3571.6,0.0,0,413.28,4,7,85.03809523809524,3363
Male,20,No,No,0,0,20,Offer D,Yes,5.54,Yes,Yes,Fiber Optic,59,No,No,Yes,No,Yes,No,No,Yes,Month-to-Month,Yes,Bank Withdrawal,88.7,1761.45,0.0,0,110.8,1,3,88.0725,4115
Male,35,No,No,0,0,11,No Offer,Yes,16.14,No,Yes,DSL,8,No,No,Yes,No,Yes,Yes,Yes,Yes,Month-to-Month,Yes,Bank Withdrawal,69.35,712.25,0.0,0,177.54,3,5,64.75,2288
Female,73,Yes,No,0,0,3,No Offer,Yes,18.38,No,Yes,Fiber Optic,20,No,No,Yes,No,Yes,No,No,Yes,Month-to-Month,Yes,Bank Withdrawal,86.85,220.95,0.0,0,55.14,2,3,73.64999999999999,3561
Female,62,No,Yes,2,1,10,No Offer,Yes,24.48,Yes,Yes,Fiber Optic,30,Yes,No,No,No,Yes,Yes,Yes,Yes,Month-to-Month,Yes,Bank Withdrawal,100.25,1064.65,0.0,0,244.8,2,5,106.465,5998
Male,27,No,No,0,0,1,No Offer,Yes,38.44,No,No,No Internet,0,No,No,No,No,No,No,No,No,Month-to-Month,No,Mailed Check,19.55,19.55,0.0,0,38.44,2,0,19.55,3556
Female,20,No,No,0,0,3,No Offer,Yes,10.6,No,Yes,Fiber Optic,73,No,No,No,Yes,No,Yes,Yes,Yes,Month-to-Month,No,Bank Withdrawal,85.8,272.2,0.0,0,31.8,1,4,90.73333333333333,5641
Male,70,Yes,Yes,0,0,59,No Offer,Yes,10.78,Yes,Yes,Fiber Optic,15,No,No,No,No,Yes,Yes,No,Yes,Month-to-Month,Yes,Bank Withdrawal,93.85,5574.75,8.13,0,636.02,2,3,94.48728813559322,5390
Male,43,No,No,0,0,11,Offer D,Yes,47.88,No,No,No Internet,0,No,No,No,No,No,No,No,No,Month-to-Month,No,Credit Card,20.35,215.25,0.0,0,526.68,5,0,19.568181818181817,5597
Male,29,No,Yes,3,6,32,No Offer,Yes,36.65,No,Yes,Fiber Optic,69,Yes,Yes,No,No,No,Yes,Yes,Yes,One Year,Yes,Bank Withdrawal,90.8,3023.85,0.0,0,1172.8,3,5,94.4953125,2722
Female,19,No,Yes,0,0,70,No Offer,Yes,19.88,Yes,Yes,Fiber Optic,26,No,No,Yes,No,Yes,Yes,Yes,Yes,One Year,Yes,Bank Withdrawal,101.75,7069.3,0.0,0,1391.6,3,5,100.99000000000001,5596
Female,67,Yes,Yes,0,1,71,Offer A,Yes,9.96,No,Yes,Fiber Optic,14,Yes,Yes,Yes,Yes,Yes,Yes,Yes,Yes,Two Year,Yes,Bank Withdrawal,109.7,7904.25,0.0,0,707.16,3,8,111.3274647887324,5011
Female,27,No,No,0,0,3,No Offer,Yes,26.33,Yes,No,No Internet,0,No,No,No,No,No,No,No,No,Month-to-Month,No,Credit Card,24.6,86.35,0.0,0,78.99,4,0,28.78333333333333,5756
Male,55,No,No,3,0,25,No Offer,Yes,3.07,No,No,No Internet,0,No,No,No,No,No,No,No,No,Month-to-Month,No,Credit Card,20.8,460.2,21.81,0,76.75,5,0,18.408,3274
Female,50,No,Yes,0,2,72,Offer A,Yes,38.44,Yes,Yes,Fiber Optic,16,No,Yes,Yes,Yes,Yes,Yes,Yes,Yes,One Year,Yes,Bank Withdrawal,108.5,8003.8,0.0,0,2767.68,4,7,111.16388888888889,6288
Female,21,No,No,1,0,1,Offer E,Yes,32.73,Yes,No,No Internet,0,No,No,No,No,No,No,No,No,Month-to-Month,No,Mailed Check,25.4,25.4,0.0,0,32.73,3,0,25.4,4556
Male,33,No,Yes,0,4,6,No Offer,Yes,21.23,Yes,Yes,Fiber Optic,13,No,No,No,No,No,No,No,Yes,Month-to-Month,Yes,Bank Withdrawal,75.5,438.0,0.0,0,127.38,1,1,73.0,5838
Female,59,No,No,1,0,21,No Offer,No,0.0,No,Yes,DSL,11,Yes,Yes,Yes,Yes,Yes,No,No,Yes,Two Year,No,Credit Card,53.15,1183.2,19.13,0,0.0,4,6,56.34285714285714,3461
Female,30,No,No,0,0,3,Offer E,Yes,47.51,Yes,Yes,Fiber Optic,85,No,No,No,No,No,No,No,Yes,Month-to-Month,Yes,Bank Withdrawal,75.5,220.6,0.0,0,142.53,2,1,73.53333333333333,5948
Male,31,No,Yes,1,9,7,No Offer,Yes,39.98,No,No,No Internet,0,No,No,No,No,No,No,No,No,Month-to-Month,No,Credit Card,20.25,144.35,0.0,0,279.86,3,0,20.62142857142857,4954
Male,31,No,No,0,0,2,No Offer,Yes,11.19,No,Yes,Fiber Optic,14,No,No,No,No,No,No,No,No,Month-to-Month,Yes,Bank Withdrawal,69.8,146.65,0.0,10,22.38,3,0,73.325,3527
Male,62,No,No,0,0,19,Offer D,Yes,46.49,No,Yes,Cable,8,No,No,No,Yes,Yes,No,No,Yes,Month-to-Month,Yes,Credit Card,61.55,1093.2,0.0,0,883.31,3,3,57.53684210526316,5831
Male,28,No,No,1,0,60,Offer B,Yes,49.96,Yes,Yes,DSL,85,Yes,No,Yes,Yes,Yes,Yes,Yes,Yes,Two Year,Yes,Bank Withdrawal,84.95,4984.85,0.0,0,2997.6,3,7,83.08083333333335,4104
Female,53,No,Yes,0,3,41,No Offer,Yes,13.23,No,Yes,Fiber Optic,16,No,Yes,Yes,Yes,No,No,No,Yes,One Year,Yes,Bank Withdrawal,86.2,3339.05,0.0,0,542.43,3,4,81.44024390243902,5325
Female,74,Yes,No,0,0,2,Offer E,Yes,15.32,No,Yes,Fiber Optic,21,No,No,No,No,No,No,No,Yes,Month-to-Month,Yes,Bank Withdrawal,69.6,131.65,0.0,0,30.64,3,1,65.825,4596
Male,56,No,No,0,0,2,Offer E,Yes,3.82,No,No,No Internet,0,No,No,No,No,No,No,No,No,Month-to-Month,Yes,Credit Card,19.9,33.7,0.0,0,7.64,5,0,16.85,5824
Female,62,No,Yes,1,1,1,Offer E,Yes,28.28,No,No,No Internet,0,No,No,No,No,No,No,No,No,Month-to-Month,Yes,Credit Card,19.0,19.0,0.0,0,28.28,4,0,19.0,2400
Male,39,No,No,0,0,3,No Offer,Yes,6.97,Yes,Yes,Fiber Optic,14,No,No,No,No,No,No,No,Yes,Month-to-Month,No,Bank Withdrawal,74.5,217.45,0.0,0,20.91,3,1,72.48333333333333,5203
Male,33,No,Yes,0,3,33,Offer C,Yes,33.32,No,Yes,DSL,4,No,No,Yes,Yes,Yes,Yes,Yes,Yes,One Year,Yes,Mailed Check,73.9,2405.05,0.0,0,1099.56,1,6,72.88030303030304,5374
Male,76,Yes,Yes,0,7,11,Offer D,Yes,24.42,No,Yes,Fiber Optic,29,No,No,No,No,No,No,No,Yes,Two Year,Yes,Bank Withdrawal,70.2,834.7,0.0,0,268.62,3,1,75.88181818181819,2848
Female,61,No,No,0,0,38,No Offer,Yes,21.19,Yes,Yes,DSL,24,No,Yes,No,Yes,No,Yes,Yes,Yes,Month-to-Month,No,Credit Card,68.15,2656.3,0.0,0,805.22,3,5,69.90263157894738,3371
Male,31,No,No,0,0,1,No Offer,No,0.0,No,Yes,DSL,13,No,No,No,No,No,No,No,Yes,Month-to-Month,No,Credit Card,25.35,25.35,0.0,0,0.0,4,1,25.35,4193
Male,21,No,No,0,0,16,No Offer,Yes,38.32,No,Yes,Fiber Optic,82,No,No,No,Yes,No,No,No,Yes,Month-to-Month,Yes,Credit Card,74.55,1170.5,0.0,0,613.12,3,2,73.15625,2893
Female,60,No,No,0,0,62,No Offer,Yes,6.05,Yes,Yes,DSL,22,No,Yes,Yes,Yes,Yes,Yes,Yes,Yes,Two Year,No,Bank Withdrawal,84.5,5193.2,0.0,0,375.1,4,7,83.76129032258065,5466
Male,44,No,Yes,1,9,11,Offer D,Yes,38.48,No,Yes,Fiber Optic,19,No,No,No,No,Yes,Yes,Yes,Yes,Month-to-Month,No,Bank Withdrawal,90.6,1020.2,0.0,0,423.28,5,4,92.74545454545455,2004
Female,74,Yes,No,0,0,30,No Offer,No,0.0,No,Yes,Cable,7,No,No,Yes,No,Yes,No,No,No,Month-to-Month,Yes,Bank Withdrawal,40.3,1172.95,0.0,100,0.0,2,2,39.098333333333336,3016
Male,48,No,Yes,3,2,32,Offer C,No,0.0,No,Yes,DSL,53,No,No,Yes,Yes,No,No,No,Yes,One Year,Yes,Mailed Check,36.25,1151.05,0.0,0,0.0,5,3,35.9703125,2609
Female,61,No,No,0,0,12,Offer D,Yes,14.42,Yes,Yes,Fiber Optic,14,Yes,No,No,No,No,No,No,Yes,Month-to-Month,Yes,Bank Withdrawal,79.8,1001.2,21.53,0,173.04,3,2,83.43333333333334,5906
Female,33,No,No,0,0,29,No Offer,Yes,10.67,Yes,Yes,Fiber Optic,12,No,No,Yes,No,Yes,Yes,Yes,Yes,Month-to-Month,No,Bank Withdrawal,100.55,2878.75,0.0,0,309.43,4,5,99.26724137931035,4847
Male,69,Yes,Yes,0,1,32,No Offer,Yes,5.99,Yes,Yes,Fiber Optic,23,No,No,No,No,No,Yes,Yes,Yes,Month-to-Month,Yes,Bank Withdrawal,85.0,2642.05,49.57,0,191.68,1,3,82.5640625,4584
Male,32,No,No,0,0,5,No Offer,Yes,32.91,No,Yes,Fiber Optic,24,No,No,No,No,No,Yes,Yes,No,Month-to-Month,No,Credit Card,78.75,426.35,0.0,10,164.55,5,2,85.27000000000001,2610
Male,64,No,Yes,1,10,42,Offer B,Yes,16.67,Yes,Yes,Cable,17,Yes,Yes,No,No,Yes,No,No,Yes,Month-to-Month,Yes,Bank Withdrawal,69.4,3058.3,0.0,0,700.14,3,4,72.81666666666668,4701
Female,23,No,Yes,2,0,65,Offer B,Yes,4.75,Yes,Yes,DSL,69,Yes,Yes,No,Yes,Yes,Yes,Yes,No,Two Year,Yes,Bank Withdrawal,82.5,5215.1,0.0,40,308.75,3,6,80.2323076923077,5314
Female,34,No,No,0,0,53,No Offer,No,0.0,No,Yes,DSL,25,Yes,Yes,Yes,Yes,Yes,No,No,Yes,One Year,Yes,Bank Withdrawal,53.6,2879.2,0.0,0,0.0,3,6,54.32452830188679,5183
Male,50,No,Yes,4,9,60,Offer B,Yes,38.44,Yes,Yes,Fiber Optic,57,No,No,No,No,No,No,No,Yes,Month-to-Month,No,Bank Withdrawal,74.35,4453.3,0.0,0,2306.4,5,1,74.22166666666666,5100
Female,53,No,No,0,0,2,No Offer,No,0.0,No,Yes,Cable,21,No,Yes,No,No,Yes,Yes,Yes,Yes,Month-to-Month,No,Bank Withdrawal,51.4,96.8,0.0,0,0.0,5,5,48.4,2580
Female,28,No,No,3,0,37,No Offer,Yes,10.23,No,No,No Internet,0,No,No,No,No,No,No,No,No,One Year,No,Bank Withdrawal,20.3,755.4,0.0,0,378.51,3,0,20.416216216216217,4186
Female,43,No,No,2,0,3,Offer E,Yes,26.04,No,Yes,Cable,16,Yes,No,No,Yes,No,No,No,Yes,Month-to-Month,Yes,Mailed Check,55.1,154.65,0.0,0,78.12,1,3,51.550000000000004,4412
Male,77,Yes,Yes,1,5,71,No Offer,Yes,32.12,No,No,No Internet,0,No,No,No,No,No,No,No,No,Two Year,No,Credit Card,19.8,1388.45,0.0,0,2280.52,4,0,19.555633802816903,5819
Male,64,No,No,0,0,35,No Offer,Yes,20.39,Yes,Yes,DSL,21,Yes,No,No,No,No,No,No,Yes,Two Year,No,Credit Card,55.25,1924.1,0.0,0,713.65,3,2,54.97428571428571,5498
Male,53,No,No,1,0,1,No Offer,Yes,10.14,No,No,No Internet,0,No,No,No,No,No,No,No,No,Month-to-Month,Yes,Mailed Check,21.05,21.05,0.0,0,10.14,3,0,21.05,3389
Male,36,No,No,0,0,10,Offer D,Yes,1.48,No,Yes,DSL,25,No,Yes,No,No,Yes,No,No,No,Month-to-Month,Yes,Credit Card,59.65,638.95,0.0,90,14.8,3,2,63.895,2385
Female,23,No,No,0,0,23,No Offer,Yes,19.96,No,Yes,Fiber Optic,76,No,Yes,Yes,Yes,No,No,No,Yes,Month-to-Month,No,Bank Withdrawal,83.2,2032.3,23.79,0,459.08,3,4,88.36086956521739,2061
Female,44,No,No,1,0,35,No Offer,Yes,25.52,No,No,No Internet,0,No,No,No,No,No,No,No,No,One Year,Yes,Credit Card,20.1,644.5,0.0,0,893.2,4,0,18.414285714285715,3726
Female,34,No,Yes,5,1,7,No Offer,Yes,8.69,No,Yes,Fiber Optic,53,No,No,Yes,No,No,No,No,Yes,Month-to-Month,Yes,Bank Withdrawal,75.15,496.9,0.0,0,60.83,1,2,70.98571428571428,3457
Male,60,No,No,0,0,1,No Offer,Yes,17.54,No,Yes,Fiber Optic,16,No,No,No,No,No,No,No,Yes,Month-to-Month,Yes,Bank Withdrawal,71.65,71.65,0.0,0,17.54,1,1,71.65,2377
Male,25,No,No,3,0,23,Offer D,Yes,1.58,No,Yes,DSL,47,No,Yes,No,Yes,No,No,Yes,Yes,Month-to-Month,Yes,Bank Withdrawal,55.3,1284.2,0.0,0,36.34,4,4,55.834782608695654,4028
Female,46,No,Yes,3,9,46,No Offer,Yes,12.68,No,No,No Internet,0,No,No,No,No,No,No,No,No,Two Year,No,Credit Card,19.4,958.15,0.0,0,583.28,4,0,20.829347826086956,4630
Female,19,No,No,0,0,8,No Offer,Yes,45.04,No,Yes,DSL,73,No,No,Yes,Yes,No,Yes,Yes,No,Month-to-Month,No,Mailed Check,64.1,504.05,0.0,10,360.32,5,4,63.00625,2804
Male,67,Yes,No,0,0,14,Offer D,Yes,16.32,Yes,Yes,Fiber Optic,11,No,No,No,No,No,No,No,Yes,Month-to-Month,Yes,Bank Withdrawal,74.95,1036.75,39.29,0,228.48,3,1,74.05357142857143,2075
Female,74,Yes,No,0,0,8,No Offer,Yes,13.8,Yes,Yes,Fiber Optic,6,No,No,No,No,No,No,No,Yes,Month-to-Month,Yes,Bank Withdrawal,75.75,606.25,0.0,0,110.4,3,1,75.78125,4174
Male,56,No,No,0,0,9,No Offer,Yes,40.74,No,No,No Internet,0,No,No,No,No,No,No,No,No,Month-to-Month,No,Credit Card,19.85,178.8,0.0,0,366.66,3,0,19.866666666666667,2788
Female,66,Yes,No,0,0,7,Offer E,Yes,26.29,No,Yes,Fiber Optic,20,No,No,Yes,No,Yes,No,No,No,One Year,Yes,Bank Withdrawal,84.35,609.65,29.17,10,184.03,3,2,87.09285714285714,2107
Male,31,No,No,0,0,1,No Offer,Yes,36.12,No,Yes,Fiber Optic,14,No,No,No,No,No,No,No,Yes,Month-to-Month,Yes,Credit Card,70.6,70.6,0.0,0,36.12,3,1,70.6,3530
Male,25,No,No,0,0,1,No Offer,Yes,4.11,No,No,No Internet,0,No,No,No,No,No,No,No,No,Month-to-Month,Yes,Mailed Check,20.1,20.1,0.0,0,4.11,1,0,20.1,4389
Male,24,No,Yes,1,4,35,Offer C,Yes,41.02,No,No,No Internet,0,No,No,No,No,No,No,No,No,One Year,No,Bank Withdrawal,20.05,746.75,0.0,0,1435.7,3,0,21.335714285714285,3942
Female,40,No,No,0,0,21,Offer D,Yes,22.29,No,No,No Internet,0,No,No,No,No,No,No,No,No,Two Year,Yes,Credit Card,20.85,435.25,1.31,0,468.09,3,0,20.726190476190474,5422
Female,20,No,No,0,0,25,Offer C,No,0.0,No,Yes,Cable,59,No,No,Yes,No,Yes,Yes,Yes,Yes,Month-to-Month,Yes,Bank Withdrawal,48.25,1293.8,0.0,0,0.0,5,5,51.751999999999995,4284
Male,27,No,Yes,3,1,61,No Offer,Yes,32.96,Yes,Yes,DSL,41,No,No,Yes,Yes,Yes,Yes,Yes,Yes,Two Year,Yes,Bank Withdrawal,81.0,4976.15,0.0,0,2010.56,4,6,81.57622950819672,4151
Female,33,No,Yes,0,1,72,No Offer,Yes,46.23,Yes,Yes,Fiber Optic,18,No,Yes,Yes,Yes,Yes,Yes,Yes,Yes,Two Year,Yes,Bank Withdrawal,110.45,7982.5,0.0,0,3328.56,4,7,110.86805555555556,6030
Female,32,No,No,0,0,12,Offer D,Yes,42.55,No,Yes,Fiber Optic,18,No,No,No,No,No,Yes,Yes,Yes,Month-to-Month,No,Bank Withdrawal,78.1,947.3,0.0,0,510.6,3,3,78.94166666666666,4741
Male,57,No,No,0,0,69,No Offer,Yes,22.24,Yes,No,No Internet,0,No,No,No,No,No,No,No,No,Two Year,No,Bank Withdrawal,23.95,1713.1,0.0,0,1534.56,3,0,24.827536231884057,6059
Male,19,No,Yes,3,2,15,No Offer,Yes,46.47,No,No,No Internet,0,No,No,No,No,No,No,No,No,Two Year,No,Credit Card,19.35,278.85,0.0,0,697.05,3,0,18.59,2742
Male,78,Yes,No,0,0,20,Offer D,Yes,5.71,No,Yes,Fiber Optic,22,No,No,No,No,No,No,No,Yes,Month-to-Month,No,Credit Card,71.3,1389.2,0.0,0,114.2,2,1,69.46000000000001,3684
Male,74,Yes,Yes,0,1,7,No Offer,Yes,21.91,Yes,Yes,Cable,11,No,No,No,No,Yes,Yes,No,Yes,Month-to-Month,Yes,Bank Withdrawal,95.6,644.35,0.0,0,153.37,3,3,92.05,3265
Female,29,No,No,0,0,31,Offer C,Yes,31.14,Yes,Yes,Cable,52,Yes,No,Yes,Yes,No,No,No,No,Month-to-Month,No,Credit Card,65.25,1994.3,0.0,120,965.34,1,3,64.33225806451613,4403
Female,20,No,No,0,0,12,Offer D,Yes,17.14,No,Yes,DSL,48,No,Yes,No,No,No,No,No,No,Month-to-Month,Yes,Bank Withdrawal,49.4,611.65,0.0,90,205.68,3,1,50.97083333333333,5007
Female,51,No,No,0,0,47,Offer B,Yes,14.54,Yes,Yes,Fiber Optic,10,No,Yes,Yes,No,Yes,Yes,Yes,Yes,Month-to-Month,Yes,Bank Withdrawal,106.35,4849.1,0.0,0,683.38,4,6,103.17234042553193,3723
Female,79,Yes,Yes,3,6,48,No Offer,Yes,13.4,No,Yes,Fiber Optic,75,Yes,No,Yes,Yes,Yes,Yes,Yes,Yes,Two Year,Yes,Bank Withdrawal,104.5,5068.05,0.0,0,643.2,3,7,105.58437500000001,3847
Male,26,No,Yes,1,7,72,No Offer,Yes,21.29,Yes,Yes,Fiber Optic,52,Yes,Yes,Yes,Yes,Yes,Yes,Yes,Yes,Two Year,Yes,Bank Withdrawal,116.6,8337.45,26.7,0,1532.88,3,8,115.79791666666668,5227
Female,73,Yes,No,0,0,43,No Offer,No,0.0,No,Yes,DSL,18,Yes,Yes,No,No,No,No,No,No,Two Year,Yes,Credit Card,33.45,1500.25,0.0,40,0.0,3,2,34.88953488372093,4757
Male,47,No,No,3,0,1,No Offer,No,0.0,No,Yes,Cable,21,No,No,No,No,No,No,No,No,Month-to-Month,Yes,Bank Withdrawal,24.7,24.7,0.0,0,0.0,4,0,24.7,3518
Female,53,No,Yes,0,1,32,No Offer,Yes,37.48,No,Yes,Fiber Optic,13,No,Yes,No,No,No,Yes,Yes,Yes,Month-to-Month,No,Bank Withdrawal,84.15,2585.95,0.0,0,1199.36,2,4,80.8109375,4017
Female,44,No,No,0,0,16,No Offer,Yes,38.02,No,Yes,Fiber Optic,25,No,Yes,No,No,No,No,No,Yes,Month-to-Month,No,Bank Withdrawal,75.1,1212.85,0.0,0,608.32,5,2,75.803125,5176
Male,20,No,Yes,0,10,56,No Offer,No,0.0,No,Yes,DSL,30,No,No,Yes,Yes,Yes,Yes,Yes,No,One Year,Yes,Bank Withdrawal,54.05,2959.8,0.0,40,0.0,4,5,52.853571428571435,6445
Male,69,Yes,Yes,1,1,29,Offer C,Yes,49.36,Yes,Yes,Fiber Optic,19,No,No,Yes,No,Yes,Yes,No,Yes,Month-to-Month,Yes,Bank Withdrawal,103.95,2964.8,0.0,0,1431.44,4,4,102.2344827586207,3733
Female,27,No,No,0,0,2,No Offer,Yes,24.83,Yes,Yes,Cable,52,No,No,No,No,No,No,Yes,Yes,Month-to-Month,Yes,Bank Withdrawal,49.4,106.55,0.0,0,49.66,1,2,53.275,5115
Male,77,Yes,Yes,0,7,69,No Offer,Yes,14.76,Yes,Yes,Fiber Optic,14,Yes,Yes,No,No,No,No,No,Yes,Month-to-Month,Yes,Credit Card,84.9,5785.65,0.0,0,1018.44,3,3,83.85,4503
Male,76,Yes,Yes,0,6,65,No Offer,Yes,28.68,No,Yes,Fiber Optic,20,No,No,No,No,No,No,No,Yes,One Year,Yes,Bank Withdrawal,70.95,4555.2,7.43,0,1864.2,3,1,70.08,4871
Female,25,No,Yes,0,1,27,No Offer,Yes,18.74,Yes,Yes,Fiber Optic,59,No,No,Yes,No,No,Yes,Yes,Yes,Month-to-Month,No,Bank Withdrawal,90.15,2423.4,0.0,0,505.98,4,4,89.75555555555556,5750
Male,44,No,No,0,0,22,Offer D,Yes,10.33,Yes,Yes,Fiber Optic,19,Yes,No,No,No,Yes,Yes,Yes,Yes,Month-to-Month,Yes,Bank Withdrawal,101.35,2317.1,0.0,0,227.26,1,5,105.32272727272726,4694
Female,48,No,Yes,0,1,25,Offer C,Yes,8.91,Yes,Yes,Fiber Optic,10,No,No,Yes,Yes,Yes,Yes,Yes,Yes,Month-to-Month,Yes,Bank Withdrawal,104.95,2566.5,0.0,0,222.75,3,6,102.66,3642
Female,25,No,Yes,2,6,72,No Offer,Yes,22.05,No,No,No Internet,0,No,No,No,No,No,No,No,No,Two Year,Yes,Credit Card,20.1,1326.25,0.0,0,1587.6,4,0,18.42013888888889,4603
Female,52,No,Yes,0,1,13,No Offer,Yes,17.83,No,Yes,Fiber Optic,10,No,No,No,No,Yes,Yes,Yes,Yes,Month-to-Month,No,Bank Withdrawal,88.35,1222.8,0.0,0,231.79,2,4,94.06153846153846,3740
Male,40,No,No,3,0,9,Offer E,Yes,41.02,No,Yes,DSL,27,No,No,No,No,Yes,No,No,Yes,Month-to-Month,No,Bank Withdrawal,55.35,449.75,0.0,0,369.18,1,2,49.97222222222222,2688
Male,43,No,Yes,0,1,5,No Offer,Yes,39.36,No,Yes,Fiber Optic,24,No,No,Yes,No,Yes,Yes,Yes,Yes,Month-to-Month,Yes,Bank Withdrawal,94.45,498.1,0.0,0,196.8,1,5,99.62,4580
Male,46,No,No,0,0,71,No Offer,No,0.0,No,Yes,DSL,20,Yes,Yes,Yes,Yes,Yes,No,No,Yes,Two Year,No,Bank Withdrawal,53.95,3888.65,0.0,0,0.0,3,6,54.76971830985916,4094
Female,73,Yes,No,0,0,5,Offer E,Yes,14.22,No,Yes,Fiber Optic,4,No,Yes,No,No,Yes,No,No,Yes,One Year,Yes,Bank Withdrawal,84.7,392.5,41.2,0,71.1,4,3,78.5,2660
Female,33,No,No,0,0,18,No Offer,Yes,34.21,Yes,Yes,Fiber Optic,19,No,No,No,Yes,No,Yes,Yes,Yes,Month-to-Month,Yes,Bank Withdrawal,90.1,1612.75,48.26,0,615.78,1,4,89.59722222222223,4260
Female,55,No,Yes,0,4,71,No Offer,Yes,21.19,Yes,No,No Internet,0,No,No,No,No,No,No,No,No,Two Year,No,Credit Card,23.85,1672.1,0.0,0,1504.49,5,0,23.55070422535211,6166
Male,57,No,Yes,0,0,66,Offer A,Yes,6.22,Yes,Yes,DSL,26,Yes,No,Yes,Yes,Yes,Yes,Yes,Yes,Two Year,Yes,Credit Card,84.0,5714.25,0.0,0,410.52,4,7,86.57954545454545,5825
Male,30,No,Yes,0,2,71,Offer A,Yes,28.58,Yes,Yes,Cable,30,Yes,Yes,Yes,Yes,Yes,Yes,Yes,Yes,Two Year,No,Bank Withdrawal,90.55,6404.0,0.0,0,2029.18,4,8,90.19718309859155,5007
Male,22,No,Yes,2,3,72,Offer A,Yes,19.04,Yes,No,No Internet,0,No,No,No,No,No,No,No,No,Two Year,No,Bank Withdrawal,25.0,1738.9,0.0,0,1370.88,4,0,24.15138888888889,4275
Female,55,No,No,0,0,9,Offer E,Yes,16.48,Yes,Yes,Fiber Optic,12,No,No,No,No,No,No,No,Yes,Month-to-Month,Yes,Bank Withdrawal,74.75,706.6,0.0,0,148.32,2,1,78.51111111111112,5003
Male,51,No,No,0,0,46,No Offer,Yes,13.42,No,No,No Internet,0,No,No,No,No,No,No,No,No,Two Year,No,Bank Withdrawal,19.95,907.05,0.0,0,617.32,5,0,19.718478260869563,4006
Male,23,No,No,0,0,1,No Offer,Yes,48.03,No,Yes,Cable,73,No,No,No,No,No,No,Yes,Yes,Month-to-Month,No,Credit Card,45.05,45.05,0.0,0,48.03,1,2,45.05,4094
Female,31,No,No,0,0,34,Offer C,Yes,43.17,No,Yes,DSL,8,Yes,Yes,No,No,No,No,No,Yes,One Year,No,Credit Card,55.0,1885.15,0.0,0,1467.78,4,3,55.44558823529412,4027
Female,72,Yes,No,0,0,15,No Offer,Yes,1.67,Yes,Yes,Fiber Optic,21,No,Yes,No,No,Yes,No,No,Yes,One Year,No,Credit Card,89.0,1288.3,45.69,0,25.05,4,3,85.88666666666667,4452
Female,53,No,No,0,0,3,Offer E,Yes,34.76,No,Yes,Fiber Optic,21,No,No,No,No,No,No,No,Yes,Month-to-Month,Yes,Bank Withdrawal,69.85,199.85,0.0,0,104.28,5,1,66.61666666666666,4764
Male,32,No,Yes,0,2,17,Offer D,Yes,45.35,No,Yes,DSL,11,Yes,Yes,No,No,No,Yes,Yes,Yes,One Year,No,Credit Card,64.8,1175.6,0.0,0,770.95,4,5,69.15294117647058,3546
Male,33,No,No,0,0,30,No Offer,Yes,30.06,No,Yes,Fiber Optic,19,No,No,No,No,Yes,Yes,Yes,Yes,Month-to-Month,Yes,Bank Withdrawal,90.25,2755.35,0.0,0,901.8,2,4,91.845,5654
Male,64,No,No,0,0,50,Offer B,Yes,47.16,Yes,No,No Internet,0,No,No,No,No,No,No,No,No,Two Year,No,Bank Withdrawal,24.9,1195.25,0.0,0,2358.0,4,0,23.905,4297
Female,60,No,No,0,0,45,Offer B,Yes,44.29,Yes,Yes,DSL,15,Yes,No,No,Yes,No,Yes,Yes,Yes,Two Year,No,Credit Card,73.55,3349.1,0.0,0,1993.05,3,5,74.42444444444445,2280
Female,69,Yes,No,0,0,1,Offer E,No,0.0,No,Yes,DSL,21,No,No,No,No,No,No,No,Yes,Month-to-Month,No,Credit Card,25.05,25.05,0.0,0,0.0,1,1,25.05,4842
Female,65,Yes,Yes,2,2,70,No Offer,Yes,9.4,Yes,Yes,Fiber Optic,17,No,Yes,Yes,Yes,Yes,Yes,Yes,No,One Year,Yes,Bank Withdrawal,107.9,7475.85,0.0,20,658.0,3,6,106.79785714285715,5899
Female,57,No,No,0,0,47,Offer B,No,0.0,No,Yes,DSL,3,Yes,Yes,No,Yes,No,No,No,Yes,One Year,No,Credit Card,39.65,1798.65,0.0,0,0.0,4,4,38.26914893617022,4670
Male,59,No,Yes,0,1,60,No Offer,Yes,35.22,Yes,Yes,Fiber Optic,16,No,Yes,Yes,No,Yes,No,No,Yes,Month-to-Month,Yes,Bank Withdrawal,95.75,5742.9,0.0,0,2113.2,2,4,95.71499999999999,4129
Female,33,No,Yes,1,1,8,No Offer,Yes,29.94,No,Yes,Cable,17,No,No,No,Yes,Yes,Yes,Yes,Yes,Month-to-Month,Yes,Bank Withdrawal,68.55,564.35,0.0,0,239.52,3,5,70.54375,3123
Male,44,No,Yes,0,1,67,No Offer,Yes,37.6,Yes,Yes,Fiber Optic,23,No,Yes,No,No,Yes,No,No,Yes,One Year,Yes,Bank Withdrawal,88.4,5798.3,0.0,0,2519.2,5,3,86.54179104477612,6251
Male,47,No,Yes,0,4,29,Offer C,No,0.0,No,Yes,DSL,22,No,No,No,No,Yes,No,No,Yes,Month-to-Month,No,Credit Card,33.75,1009.25,0.0,0,0.0,3,2,34.80172413793103,3664
Male,31,No,No,0,0,32,Offer C,Yes,1.49,Yes,Yes,Fiber Optic,21,No,Yes,No,No,No,No,No,Yes,Month-to-Month,Yes,Bank Withdrawal,80.35,2596.15,0.0,0,47.68,1,2,81.1296875,5974
Male,36,No,Yes,0,9,72,No Offer,Yes,10.92,Yes,Yes,DSL,28,Yes,Yes,Yes,Yes,Yes,Yes,Yes,Yes,Two Year,Yes,Credit Card,90.25,6369.45,0.0,0,786.24,3,8,88.46458333333334,5974
Male,53,No,No,0,0,2,Offer E,Yes,6.74,No,Yes,Fiber Optic,3,No,No,No,No,No,No,No,Yes,Month-to-Month,Yes,Credit Card,71.3,157.75,0.0,0,13.48,3,1,78.875,2274
Female,19,No,Yes,0,1,49,No Offer,No,0.0,No,Yes,Cable,82,Yes,No,No,Yes,No,No,No,Yes,One Year,Yes,Credit Card,35.8,1782.0,0.0,0,0.0,4,3,36.36734693877551,4865
Male,58,No,No,0,0,69,Offer A,Yes,26.88,Yes,Yes,Fiber Optic,11,No,No,Yes,Yes,Yes,Yes,Yes,Yes,Two Year,Yes,Bank Withdrawal,106.5,7348.8,0.0,0,1854.72,3,6,106.50434782608696,4859
Male,73,Yes,Yes,0,2,44,No Offer,No,0.0,No,Yes,Cable,28,No,Yes,No,No,No,No,No,Yes,Month-to-Month,Yes,Bank Withdrawal,30.35,1359.7,0.0,0,0.0,1,2,30.902272727272727,4829
Male,79,Yes,Yes,0,1,72,No Offer,Yes,17.3,Yes,Yes,DSL,23,Yes,Yes,Yes,No,Yes,Yes,No,Yes,Two Year,Yes,Credit Card,84.1,5981.65,0.0,0,1245.6,3,6,83.07847222222222,4671
Male,32,No,Yes,0,1,16,No Offer,Yes,17.96,Yes,Yes,Fiber Optic,30,No,No,No,No,No,No,No,Yes,Month-to-Month,Yes,Bank Withdrawal,73.85,1284.2,0.0,0,287.36,1,1,80.2625,3226
Male,29,No,Yes,0,5,39,Offer C,Yes,40.25,No,Yes,Fiber Optic,19,No,Yes,No,No,Yes,No,No,Yes,Month-to-Month,Yes,Credit Card,86.3,3266.0,0.0,0,1569.75,1,3,83.74358974358974,3364
Male,75,Yes,Yes,0,0,1,No Offer,Yes,36.92,Yes,Yes,Fiber Optic,6,No,No,No,No,No,No,No,Yes,Month-to-Month,Yes,Bank Withdrawal,73.55,73.55,0.0,0,36.92,2,1,73.55,4369
Male,55,No,No,0,0,1,No Offer,Yes,13.27,No,No,No Internet,0,No,No,No,No,No,No,No,No,Month-to-Month,Yes,Mailed Check,20.2,20.2,0.0,0,13.27,1,0,20.2,4325
Female,49,No,No,0,0,5,No Offer,Yes,24.53,No,No,No Internet,0,No,No,No,No,No,No,No,No,Month-to-Month,No,Credit Card,20.55,96.1,0.0,0,122.65,3,0,19.22,5967
Female,27,No,No,0,0,46,Offer B,Yes,30.6,No,Yes,Fiber Optic,59,Yes,Yes,Yes,No,Yes,No,No,Yes,One Year,Yes,Credit Card,95.65,4664.2,0.0,0,1407.6,3,5,101.39565217391304,4727
Male,62,No,Yes,0,1,17,Offer D,Yes,12.06,Yes,Yes,Fiber Optic,9,Yes,Yes,Yes,No,No,No,No,Yes,Month-to-Month,No,Credit Card,90.2,1454.15,0.0,0,205.02,1,4,85.53823529411765,2026
Male,45,No,No,0,0,32,No Offer,Yes,25.21,No,Yes,Fiber Optic,26,No,No,No,Yes,Yes,Yes,Yes,Yes,Month-to-Month,Yes,Bank Withdrawal,96.2,3183.4,0.0,0,806.72,3,5,99.48125,3606
Male,70,Yes,Yes,0,9,2,Offer E,Yes,34.99,No,Yes,Fiber Optic,24,No,No,No,No,No,No,No,Yes,Month-to-Month,No,Bank Withdrawal,70.1,141.65,0.0,0,69.98,4,1,70.825,5592
Male,66,Yes,Yes,0,1,16,No Offer,Yes,15.44,No,Yes,Fiber Optic,20,No,No,Yes,Yes,No,Yes,Yes,Yes,Month-to-Month,Yes,Bank Withdrawal,91.55,1540.05,0.0,0,247.04,5,5,96.253125,4045
Male,19,No,Yes,0,9,67,Offer A,Yes,3.28,Yes,No,No Internet,0,No,No,No,No,No,No,No,No,Two Year,No,Credit Card,24.85,1583.5,0.0,0,219.76,4,0,23.634328358208954,4833
Male,51,No,Yes,0,3,3,No Offer,Yes,31.06,No,No,No Internet,0,No,No,No,No,No,No,No,No,Month-to-Month,No,Bank Withdrawal,20.0,49.65,0.0,0,93.18,3,0,16.55,3985
Male,35,No,Yes,0,8,72,Offer A,Yes,35.06,No,Yes,DSL,26,Yes,Yes,Yes,Yes,Yes,Yes,Yes,Yes,Two Year,No,Credit Card,84.45,6033.1,0.0,0,2524.32,3,8,83.79305555555555,6297
Female,31,No,No,0,0,1,Offer E,Yes,22.12,No,No,No Internet,0,No,No,No,No,No,No,No,No,Month-to-Month,No,Mailed Check,20.4,20.4,0.0,0,22.12,3,0,20.4,3663
Female,36,No,No,0,0,59,No Offer,Yes,30.44,No,Yes,Fiber Optic,30,No,No,Yes,No,Yes,Yes,Yes,Yes,Two Year,No,Bank Withdrawal,95.8,5655.45,0.0,0,1795.96,3,5,95.85508474576271,5470
Female,76,Yes,No,0,0,52,No Offer,Yes,11.01,Yes,Yes,Fiber Optic,18,Yes,Yes,Yes,No,Yes,Yes,No,Yes,Two Year,No,Credit Card,108.1,5839.3,0.0,0,572.52,4,6,112.29423076923078,4251
Female,25,No,No,0,0,24,No Offer,Yes,5.98,No,No,No Internet,0,No,No,No,No,No,No,No,No,One Year,No,Credit Card,20.45,527.35,0.0,0,143.52,4,0,21.972916666666666,4690
Male,57,No,Yes,3,6,71,Offer A,Yes,31.33,Yes,Yes,Cable,27,Yes,Yes,Yes,Yes,Yes,Yes,Yes,Yes,Two Year,No,Credit Card,89.9,6457.15,0.0,0,2224.43,3,8,90.94577464788732,4444
Male,32,No,Yes,0,1,9,Offer E,No,0.0,No,Yes,DSL,9,No,Yes,No,No,No,No,No,No,Month-to-Month,Yes,Bank Withdrawal,29.95,248.95,0.0,10,0.0,2,1,27.66111111111111,2573
Male,39,No,Yes,1,9,71,Offer A,Yes,18.99,Yes,No,No Internet,0,No,No,No,No,No,No,No,No,Two Year,No,Credit Card,23.9,1626.4,0.0,0,1348.29,4,0,22.907042253521126,5574
Male,64,No,No,0,0,20,Offer D,Yes,12.6,No,Yes,DSL,29,Yes,No,Yes,No,No,Yes,Yes,Yes,Month-to-Month,No,Credit Card,64.4,1398.6,0.0,0,252.0,3,5,69.92999999999999,2120
Male,32,No,Yes,0,6,42,No Offer,No,0.0,No,Yes,DSL,26,No,Yes,Yes,No,No,Yes,Yes,Yes,One Year,Yes,Credit Card,45.1,2049.05,0.0,0,0.0,4,5,48.786904761904765,3844
Female,34,No,No,0,0,11,Offer D,Yes,33.79,Yes,Yes,Fiber Optic,23,No,No,No,No,No,No,No,Yes,Month-to-Month,No,Bank Withdrawal,75.25,888.65,0.0,0,371.69,3,1,80.78636363636363,5902
Female,59,No,No,0,0,1,No Offer,Yes,41.28,No,No,No Internet,0,No,No,No,No,No,No,No,No,Month-to-Month,No,Credit Card,19.75,19.75,0.0,0,41.28,5,0,19.75,4099
Female,55,No,No,0,0,1,Offer E,Yes,34.48,No,Yes,Cable,9,No,No,No,No,No,No,No,Yes,Month-to-Month,No,Credit Card,43.95,43.95,0.0,0,34.48,3,1,43.95,3238
Male,32,No,No,0,0,12,No Offer,Yes,11.04,No,Yes,Fiber Optic,16,No,No,No,No,Yes,No,No,Yes,Month-to-Month,Yes,Bank Withdrawal,81.45,912.0,0.0,0,132.48,3,2,76.0,2916
Male,42,No,No,0,0,1,Offer E,Yes,48.96,No,No,No Internet,0,No,No,No,No,No,No,No,No,Month-to-Month,Yes,Credit Card,19.45,19.45,0.0,0,48.96,2,0,19.45,5687
Male,52,No,Yes,1,1,37,No Offer,No,0.0,No,Yes,DSL,23,Yes,Yes,Yes,No,No,No,No,Yes,Month-to-Month,No,Bank Withdrawal,40.2,1448.8,0.0,0,0.0,2,4,39.15675675675676,3627
Male,35,No,No,0,0,3,No Offer,Yes,28.19,No,Yes,Cable,21,No,No,No,Yes,No,No,No,Yes,Month-to-Month,Yes,Credit Card,50.25,152.3,0.0,0,84.57,3,2,50.76666666666667,2166
Female,59,No,Yes,1,9,43,Offer B,Yes,28.03,Yes,No,No Internet,0,No,No,No,No,No,No,No,No,One Year,Yes,Bank Withdrawal,24.45,993.15,41.33,0,1205.29,4,0,23.096511627906978,5119
Male,50,No,No,0,0,28,Offer C,Yes,13.69,No,Yes,Fiber Optic,12,No,Yes,No,Yes,Yes,No,No,Yes,One Year,Yes,Bank Withdrawal,91.25,2483.65,0.0,0,383.32,5,4,88.70178571428572,2886
Male,38,No,Yes,0,6,11,No Offer,Yes,44.2,No,Yes,DSL,15,No,No,No,No,Yes,No,No,Yes,Month-to-Month,Yes,Bank Withdrawal,55.05,608.15,0.0,0,486.2,3,2,55.28636363636363,2762
Female,26,No,Yes,0,2,31,No Offer,Yes,39.34,No,Yes,DSL,41,Yes,No,Yes,Yes,Yes,Yes,Yes,Yes,One Year,Yes,Mailed Check,81.15,2545.75,0.0,0,1219.54,4,7,82.12096774193549,5643
Female,67,Yes,No,0,0,2,No Offer,Yes,12.52,No,Yes,Fiber Optic,25,No,No,No,No,No,No,No,Yes,Month-to-Month,Yes,Bank Withdrawal,70.65,142.35,0.0,0,25.04,1,1,71.175,2189
Male,26,No,No,0,0,3,No Offer,Yes,36.48,No,Yes,DSL,59,No,No,No,No,No,No,No,Yes,Month-to-Month,Yes,Bank Withdrawal,45.35,141.5,0.0,0,109.44,3,1,47.166666666666664,2450
Female,22,No,Yes,0,1,21,Offer D,Yes,38.52,Yes,Yes,Fiber Optic,59,Yes,No,Yes,No,Yes,Yes,Yes,Yes,Month-to-Month,Yes,Bank Withdrawal,104.4,2200.25,0.0,0,808.92,1,6,104.77380952380952,5570
Male,22,No,No,1,0,10,No Offer,Yes,7.86,No,No,No Internet,0,No,No,No,No,No,No,No,No,One Year,Yes,Bank Withdrawal,19.95,219.5,0.0,0,78.6,5,0,21.95,3044
Female,25,No,Yes,0,7,1,Offer E,Yes,40.63,No,Yes,DSL,52,No,No,No,No,No,No,No,No,Month-to-Month,Yes,Bank Withdrawal,45.0,45.0,0.0,10,40.63,5,0,45.0,5669
Male,67,Yes,No,0,0,18,No Offer,Yes,38.79,Yes,Yes,Fiber Optic,14,No,Yes,No,No,No,No,No,Yes,Month-to-Month,Yes,Credit Card,80.55,1411.65,0.0,0,698.22,5,2,78.42500000000001,5137
Male,55,No,No,1,0,28,Offer C,Yes,34.43,No,Yes,DSL,22,No,Yes,No,Yes,No,No,No,Yes,One Year,Yes,Credit Card,54.4,1516.6,0.0,0,964.04,3,3,54.16428571428571,4711
Male,29,No,No,0,0,10,No Offer,Yes,33.98,Yes,Yes,DSL,59,Yes,No,No,No,No,No,No,Yes,Month-to-Month,Yes,Credit Card,54.5,568.2,0.0,0,339.8,4,2,56.82000000000001,4163
Male,44,No,Yes,1,1,34,Offer C,Yes,44.54,No,No,No Internet,0,No,No,No,No,No,No,No,No,Month-to-Month,No,Credit Card,20.8,635.9,46.07,0,1514.36,3,0,18.70294117647059,4985
Female,24,No,Yes,3,7,15,Offer D,Yes,24.27,No,Yes,Cable,27,No,No,No,No,No,No,No,Yes,Month-to-Month,No,Bank Withdrawal,46.3,639.45,0.0,0,364.05,5,1,42.63,3103
Male,45,No,No,0,0,10,Offer D,Yes,13.51,No,Yes,DSL,14,No,No,No,No,No,No,No,Yes,Month-to-Month,No,Credit Card,46.0,492.1,0.0,0,135.1,4,1,49.21,3903
Male,41,No,No,0,0,15,No Offer,Yes,27.3,No,Yes,Fiber Optic,18,No,No,Yes,No,Yes,No,No,Yes,Month-to-Month,No,Bank Withdrawal,85.3,1219.85,0.0,0,409.5,3,3,81.32333333333332,5559
Female,23,No,No,0,0,11,No Offer,No,0.0,No,Yes,DSL,59,No,Yes,Yes,Yes,No,No,No,Yes,One Year,Yes,Credit Card,40.4,422.6,0.0,0,0.0,5,4,38.41818181818182,2133
Male,65,Yes,No,0,0,8,Offer E,No,0.0,No,Yes,DSL,4,No,No,Yes,No,No,No,No,Yes,Month-to-Month,Yes,Bank Withdrawal,29.4,221.9,0.0,0,0.0,1,2,27.7375,5971
Male,32,No,Yes,0,4,50,No Offer,Yes,46.91,No,No,No Internet,0,No,No,No,No,No,No,No,No,Two Year,No,Credit Card,20.55,1067.65,0.0,0,2345.5,3,0,21.353,4745
Female,20,No,Yes,0,6,52,No Offer,Yes,10.59,Yes,Yes,Fiber Optic,48,No,Yes,Yes,No,Yes,Yes,Yes,Yes,Month-to-Month,Yes,Bank Withdrawal,105.05,5624.85,27.6,0,550.68,2,6,108.17019230769232,4839
Female,55,No,Yes,0,4,3,Offer E,Yes,41.36,No,No,No Internet,0,No,No,No,No,No,No,No,No,Month-to-Month,Yes,Credit Card,19.9,45.75,0.0,0,124.08,5,0,15.25,3716
Female,62,No,No,0,0,12,No Offer,No,0.0,No,Yes,Cable,24,No,Yes,Yes,Yes,Yes,Yes,Yes,Yes,One Year,No,Bank Withdrawal,60.65,743.3,40.41,0,0.0,3,7,61.94166666666666,3740
Female,67,Yes,No,0,0,56,No Offer,Yes,27.64,Yes,Yes,Fiber Optic,7,No,Yes,Yes,No,Yes,Yes,No,Yes,Two Year,No,Bank Withdrawal,104.75,5841.35,36.52,0,1547.84,3,5,104.30982142857144,5128
Male,63,No,Yes,2,1,24,Offer C,Yes,17.27,Yes,Yes,DSL,18,Yes,No,No,No,No,No,No,Yes,Month-to-Month,No,Bank Withdrawal,54.75,1338.15,0.0,0,414.48,1,2,55.75625,5699
Female,79,Yes,No,0,0,13,No Offer,Yes,4.45,Yes,Yes,Fiber Optic,25,No,No,No,No,No,Yes,No,Yes,Month-to-Month,Yes,Bank Withdrawal,82.0,1127.2,0.0,0,57.85,2,2,86.70769230769231,3363
Male,63,No,No,0,0,38,No Offer,Yes,35.04,No,Yes,Fiber Optic,2,No,No,No,No,No,No,No,Yes,Month-to-Month,Yes,Credit Card,69.5,2625.25,20.19,0,1331.52,3,1,69.08552631578948,4591
Female,23,No,No,0,0,25,Offer C,Yes,9.57,Yes,Yes,Fiber Optic,59,No,No,No,No,Yes,No,No,Yes,Month-to-Month,Yes,Credit Card,84.6,2088.05,0.0,0,239.25,3,2,83.522,4874
Female,23,No,No,0,0,6,No Offer,Yes,34.42,Yes,Yes,Fiber Optic,42,No,Yes,No,No,Yes,No,No,No,Month-to-Month,Yes,Bank Withdrawal,89.75,552.65,0.0,60,206.52,5,2,92.10833333333333,2370
Male,31,No,Yes,1,9,72,Offer A,Yes,7.16,Yes,Yes,Fiber Optic,24,Yes,Yes,Yes,Yes,Yes,No,No,Yes,Two Year,Yes,Credit Card,106.1,7548.6,23.39,0,515.52,3,6,104.84166666666667,4890
Male,27,No,No,0,0,17,No Offer,Yes,47.79,No,No,No Internet,0,No,No,No,No,No,No,No,No,One Year,Yes,Bank Withdrawal,19.65,351.55,0.0,0,812.43,5,0,20.679411764705883,4774
Female,74,Yes,No,0,0,20,Offer D,Yes,23.18,No,Yes,Fiber Optic,21,No,No,No,No,No,Yes,Yes,Yes,One Year,Yes,Bank Withdrawal,81.45,1671.6,0.0,0,463.6,5,3,83.58,2416
Female,34,No,Yes,0,3,47,Offer B,Yes,38.15,Yes,Yes,Fiber Optic,14,No,No,Yes,No,Yes,Yes,Yes,Yes,Month-to-Month,Yes,Bank Withdrawal,100.5,4707.1,0.0,0,1793.05,3,5,100.15106382978725,4488
Female,40,No,No,0,0,1,No Offer,No,0.0,No,Yes,Cable,2,No,No,No,No,No,No,No,Yes,Month-to-Month,No,Bank Withdrawal,25.25,25.25,0.0,0,0.0,4,1,25.25,5858
Male,28,No,No,0,0,26,Offer C,Yes,29.07,No,Yes,Cable,42,No,No,No,No,No,No,No,Yes,Month-to-Month,No,Bank Withdrawal,45.45,1233.15,0.0,0,755.82,3,1,47.42884615384616,5451
Male,25,No,No,0,0,9,No Offer,Yes,46.34,No,Yes,Fiber Optic,59,No,No,No,Yes,Yes,No,No,Yes,Month-to-Month,No,Bank Withdrawal,86.25,770.5,0.0,0,417.06,5,3,85.61111111111111,4754
Female,52,No,Yes,0,7,59,Offer B,Yes,40.47,Yes,Yes,Fiber Optic,4,Yes,Yes,Yes,No,Yes,Yes,Yes,Yes,One Year,Yes,Credit Card,109.15,6557.75,0.0,0,2387.73,4,7,111.14830508474576,5186
Female,58,No,No,0,0,60,Offer B,No,0.0,No,Yes,Cable,5,No,Yes,No,No,Yes,Yes,Yes,Yes,Month-to-Month,Yes,Bank Withdrawal,50.8,3027.4,0.0,0,0.0,2,5,50.45666666666667,4941
Male,53,No,Yes,0,1,9,Offer E,No,0.0,No,Yes,DSL,15,No,No,No,No,No,No,No,Yes,One Year,No,Bank Withdrawal,24.1,259.8,0.0,0,0.0,2,1,28.866666666666667,3195
Female,26,No,Yes,2,8,36,Offer C,Yes,42.51,No,No,No Internet,0,No,No,No,No,No,No,No,No,Two Year,No,Bank Withdrawal,20.25,717.95,0.0,0,1530.36,5,0,19.943055555555556,5272
Male,19,No,Yes,3,6,62,Offer B,Yes,15.76,Yes,Yes,Fiber Optic,59,Yes,Yes,No,No,Yes,No,Yes,Yes,One Year,Yes,Credit Card,94.95,5791.85,0.0,0,977.12,4,5,93.41693548387097,4262
Male,42,No,No,0,0,40,No Offer,Yes,32.78,Yes,Yes,Fiber Optic,29,No,Yes,Yes,No,Yes,Yes,Yes,Yes,Month-to-Month,Yes,Credit Card,102.65,4108.15,0.0,0,1311.2,4,6,102.70374999999999,3655
Female,55,No,Yes,0,8,15,No Offer,Yes,24.12,No,Yes,Fiber Optic,13,Yes,No,Yes,No,Yes,Yes,Yes,Yes,Month-to-Month,No,Bank Withdrawal,101.75,1669.4,0.0,0,361.8,3,6,111.29333333333334,2919
Male,32,No,Yes,2,10,1,No Offer,Yes,26.26,No,Yes,DSL,22,Yes,No,No,No,No,No,No,Yes,Month-to-Month,Yes,Credit Card,48.75,48.75,0.0,0,26.26,4,2,48.75,5068
Male,29,No,No,0,0,6,Offer E,Yes,45.67,No,Yes,DSL,71,No,No,Yes,No,Yes,No,No,Yes,Month-to-Month,No,Credit Card,60.9,414.1,0.0,0,274.02,5,3,69.01666666666667,2191
Male,25,No,No,0,0,19,Offer D,Yes,34.68,No,No,No Internet,0,No,No,No,No,No,No,No,No,Two Year,No,Credit Card,19.65,358.15,0.0,0,658.92,5,0,18.849999999999998,5596
Female,23,No,Yes,0,7,15,No Offer,Yes,34.63,No,No,No Internet,0,No,No,No,No,No,No,No,No,One Year,No,Credit Card,20.55,295.95,0.0,0,519.45,5,0,19.73,3009
Female,42,No,Yes,2,1,52,No Offer,Yes,19.21,Yes,No,No Internet,0,No,No,No,No,No,No,No,No,Two Year,No,Credit Card,23.05,1255.1,0.0,0,998.92,3,0,24.13653846153846,4922
Female,28,No,Yes,0,3,48,No Offer,No,0.0,No,Yes,Cable,58,Yes,No,Yes,No,No,Yes,Yes,No,Month-to-Month,Yes,Bank Withdrawal,45.3,2145.0,0.0,140,0.0,1,4,44.6875,4926
Female,44,No,Yes,1,7,28,Offer C,Yes,26.28,Yes,Yes,Fiber Optic,19,No,No,No,Yes,No,Yes,Yes,Yes,One Year,Yes,Bank Withdrawal,90.45,2509.25,0.0,0,735.84,3,4,89.61607142857143,5823
Female,20,No,Yes,0,5,35,No Offer,Yes,42.18,No,Yes,Cable,59,Yes,No,No,Yes,No,No,No,Yes,One Year,Yes,Bank Withdrawal,54.95,1916.0,0.0,0,1476.3,4,3,54.74285714285714,4858
Female,56,No,No,0,0,3,No Offer,No,0.0,No,Yes,Cable,25,No,Yes,No,No,Yes,Yes,Yes,Yes,Month-to-Month,Yes,Bank Withdrawal,50.6,155.35,0.0,0,0.0,1,5,51.78333333333333,4800
Female,60,No,No,0,0,70,Offer A,Yes,44.57,Yes,Yes,Fiber Optic,26,Yes,Yes,Yes,Yes,Yes,Yes,Yes,Yes,Two Year,Yes,Credit Card,111.95,7795.95,0.0,0,3119.9,4,8,111.37071428571429,4182
Male,73,Yes,No,0,0,2,No Offer,Yes,15.19,Yes,Yes,Fiber Optic,30,No,No,No,No,No,No,No,Yes,Month-to-Month,Yes,Mailed Check,72.6,154.3,0.0,0,30.38,3,1,77.15,5098
Male,36,No,Yes,3,5,17,No Offer,Yes,33.24,Yes,Yes,DSL,76,Yes,No,Yes,No,Yes,No,No,Yes,One Year,Yes,Bank Withdrawal,70.35,1201.65,0.0,0,565.08,3,4,70.68529411764706,2704
Male,61,No,No,0,0,27,No Offer,Yes,2.69,Yes,Yes,Cable,15,No,No,No,No,No,No,No,Yes,Month-to-Month,No,Mailed Check,49.0,1291.35,0.0,0,72.63,3,1,47.827777777777776,5428
Female,21,No,Yes,1,8,61,No Offer,Yes,42.11,No,No,No Internet,0,No,No,No,No,No,No,No,No,One Year,No,Credit Card,19.1,1143.8,0.0,0,2568.71,4,0,18.750819672131147,4376
Female,74,Yes,Yes,0,2,34,No Offer,Yes,12.33,No,Yes,Cable,23,No,No,Yes,Yes,Yes,No,No,Yes,One Year,No,Bank Withdrawal,64.2,2106.3,0.0,0,419.22,4,4,61.95,2225
Male,40,No,Yes,0,8,67,Offer A,Yes,31.41,No,Yes,Fiber Optic,23,Yes,Yes,No,No,Yes,Yes,Yes,Yes,One Year,Yes,Credit Card,100.9,6733.15,0.0,0,2104.47,3,6,100.49477611940299,4078
Female,70,Yes,No,0,0,1,No Offer,Yes,31.13,No,Yes,Fiber Optic,5,No,No,No,No,No,No,No,Yes,Month-to-Month,Yes,Bank Withdrawal,69.65,69.65,0.0,0,31.13,3,1,69.65,4741
Female,63,No,No,0,0,3,Offer E,Yes,5.2,Yes,Yes,Fiber Optic,23,No,No,No,No,No,No,No,No,Month-to-Month,Yes,Bank Withdrawal,75.8,246.3,0.0,10,15.6,1,0,82.10000000000001,5475
Female,20,No,Yes,2,1,37,No Offer,Yes,2.68,No,No,No Internet,0,No,No,No,No,No,No,No,No,Month-to-Month,No,Bank Withdrawal,19.35,683.75,0.0,0,99.16,5,0,18.47972972972973,2360
Female,54,No,Yes,0,3,49,Offer B,Yes,13.13,No,No,No Internet,0,No,No,No,No,No,No,No,No,One Year,No,Credit Card,19.0,918.7,0.0,0,643.37,3,0,18.748979591836736,4066
Female,31,No,Yes,3,4,42,No Offer,Yes,34.66,No,No,No Internet,0,No,No,No,No,No,No,No,No,One Year,Yes,Bank Withdrawal,19.05,761.85,0.0,0,1455.72,4,0,18.139285714285716,5091
Female,37,No,No,0,0,72,No Offer,Yes,8.29,Yes,Yes,Cable,13,No,Yes,Yes,Yes,Yes,Yes,Yes,Yes,Two Year,No,Bank Withdrawal,86.6,6350.5,0.0,0,596.88,3,7,88.20138888888889,4530
Male,58,No,No,0,0,27,No Offer,Yes,49.25,No,Yes,DSL,4,Yes,No,Yes,Yes,Yes,Yes,Yes,Yes,One Year,No,Bank Withdrawal,81.7,2212.55,0.0,0,1329.75,4,7,81.9462962962963,2445
Male,56,No,No,2,0,25,No Offer,No,0.0,No,Yes,DSL,18,Yes,No,No,No,Yes,No,No,Yes,One Year,Yes,Credit Card,40.65,970.55,0.0,0,0.0,3,3,38.821999999999996,5079
Female,49,No,No,0,0,6,Offer E,Yes,48.89,No,Yes,DSL,22,No,No,No,Yes,No,No,No,Yes,Month-to-Month,Yes,Bank Withdrawal,49.65,267.35,0.0,0,293.34,2,2,44.55833333333334,4248
Female,59,No,Yes,0,3,14,No Offer,Yes,5.63,No,Yes,Fiber Optic,23,Yes,Yes,No,Yes,Yes,Yes,Yes,Yes,One Year,No,Credit Card,105.95,1348.9,0.0,0,78.82,1,7,96.35000000000001,5887
Female,35,No,No,0,0,44,Offer B,Yes,32.83,No,Yes,Fiber Optic,24,No,Yes,Yes,No,Yes,No,No,Yes,Month-to-Month,Yes,Credit Card,88.15,3973.2,0.0,0,1444.52,4,4,90.3,4112
Male,58,No,No,0,0,1,Offer E,Yes,44.75,No,Yes,Cable,12,No,No,No,No,No,No,No,Yes,Month-to-Month,Yes,Credit Card,45.85,45.85,0.0,0,44.75,2,1,45.85,5930
Female,62,No,No,0,0,1,Offer E,Yes,48.25,No,No,No Internet,0,No,No,No,No,No,No,No,No,Month-to-Month,Yes,Credit Card,20.2,20.2,0.0,0,48.25,1,0,20.2,4197
Female,29,No,No,0,0,27,No Offer,Yes,1.31,No,Yes,Cable,53,No,Yes,No,Yes,No,No,No,Yes,Month-to-Month,Yes,Mailed Check,56.15,1439.35,0.0,0,35.37,3,3,53.30925925925926,3056
Male,31,No,Yes,2,8,13,No Offer,Yes,48.7,Yes,No,No Internet,0,No,No,No,No,No,No,No,No,One Year,No,Bank Withdrawal,24.5,343.6,0.0,0,633.1,5,0,26.430769230769233,5077
Female,48,No,No,1,0,7,Offer E,Yes,28.5,No,Yes,Fiber Optic,13,No,No,No,No,No,No,No,No,Month-to-Month,Yes,Bank Withdrawal,71.05,472.65,0.0,10,199.5,5,0,67.52142857142857,4668
Male,23,No,Yes,3,2,44,No Offer,Yes,36.86,No,No,No Internet,0,No,No,No,No,No,No,No,No,One Year,No,Bank Withdrawal,20.0,860.85,0.0,0,1621.84,3,0,19.56477272727273,3743
Female,42,No,No,0,0,36,No Offer,Yes,27.72,No,Yes,Fiber Optic,24,No,No,Yes,Yes,No,Yes,Yes,Yes,Month-to-Month,Yes,Bank Withdrawal,87.55,3078.1,0.0,0,997.92,1,5,85.50277777777778,2558
Female,57,No,No,0,0,61,Offer B,Yes,4.51,Yes,Yes,Cable,24,Yes,No,Yes,Yes,Yes,Yes,Yes,Yes,Two Year,No,Credit Card,86.45,5175.3,0.0,0,275.11,4,7,84.84098360655739,4471
Female,44,No,No,0,0,54,Offer B,Yes,10.83,No,No,No Internet,0,No,No,No,No,No,No,No,No,Two Year,Yes,Credit Card,20.5,1035.7,0.0,0,584.82,5,0,19.17962962962963,5946
Female,64,No,Yes,3,1,72,Offer A,Yes,39.3,Yes,No,No Internet,0,No,No,No,No,No,No,No,No,Two Year,No,Bank Withdrawal,25.2,1787.35,0.0,0,2829.6,3,0,24.824305555555554,4382
Male,20,No,Yes,0,8,41,No Offer,Yes,2.43,No,Yes,DSL,69,Yes,Yes,Yes,No,No,No,Yes,Yes,One Year,Yes,Bank Withdrawal,60.3,2511.3,0.0,0,99.63,3,5,61.25121951219513,4565
Male,38,No,Yes,1,3,5,No Offer,Yes,18.97,Yes,Yes,Cable,12,No,No,No,Yes,No,No,No,Yes,Month-to-Month,Yes,Credit Card,55.7,259.4,0.0,0,94.85,3,2,51.879999999999995,3598
Female,27,No,No,0,0,13,Offer D,Yes,35.96,Yes,Yes,Fiber Optic,42,No,No,No,No,No,Yes,Yes,Yes,Month-to-Month,Yes,Bank Withdrawal,84.6,1115.2,0.0,0,467.48,1,3,85.78461538461539,2659
Female,42,No,No,0,0,2,Offer E,Yes,36.96,No,Yes,DSL,24,Yes,No,No,No,No,No,No,Yes,Month-to-Month,No,Credit Card,50.95,123.05,0.0,0,73.92,3,2,61.525,5968
Female,29,No,Yes,0,8,25,No Offer,Yes,12.12,Yes,Yes,Cable,59,No,Yes,No,No,No,No,No,No,Month-to-Month,No,Bank Withdrawal,54.1,1373.0,0.0,110,303.0,3,1,54.92,5701
Female,33,No,No,0,0,4,No Offer,Yes,32.46,Yes,Yes,Fiber Optic,3,No,No,Yes,Yes,No,No,No,Yes,Month-to-Month,Yes,Mailed Check,87.1,341.45,0.0,0,129.84,2,3,85.3625,5587
Male,46,No,Yes,1,2,44,No Offer,Yes,26.25,No,Yes,Fiber Optic,25,No,No,Yes,No,Yes,Yes,Yes,Yes,Month-to-Month,Yes,Bank Withdrawal,92.95,4122.9,0.0,0,1155.0,5,5,93.70227272727271,5635
Female,66,Yes,No,0,0,5,No Offer,Yes,27.35,No,Yes,Fiber Optic,27,No,No,Yes,No,Yes,No,No,No,Month-to-Month,Yes,Credit Card,84.85,415.55,0.0,20,136.75,1,2,83.11,3305
Female,22,No,No,1,0,5,No Offer,Yes,40.03,No,Yes,DSL,52,No,No,No,Yes,No,No,No,No,Month-to-Month,Yes,Credit Card,51.0,286.8,0.0,0,200.15,4,1,57.36,2789
Male,64,No,Yes,0,4,69,Offer A,Yes,44.33,No,Yes,Cable,18,Yes,Yes,Yes,Yes,Yes,No,No,Yes,Two Year,Yes,Bank Withdrawal,75.75,5388.15,0.0,0,3058.77,4,6,78.0891304347826,5839
Female,26,No,Yes,0,9,70,No Offer,Yes,23.52,No,No,No Internet,0,No,No,No,No,No,No,No,No,Two Year,No,Bank Withdrawal,19.45,1303.5,14.49,0,1646.4,4,0,18.62142857142857,5540
Male,40,No,Yes,0,6,61,No Offer,Yes,27.66,Yes,Yes,Fiber Optic,29,Yes,Yes,No,No,Yes,Yes,Yes,Yes,Month-to-Month,Yes,Bank Withdrawal,106.2,6375.2,0.0,0,1687.26,4,6,104.51147540983607,6298
Male,29,No,Yes,0,10,71,Offer A,Yes,31.97,Yes,Yes,Fiber Optic,73,Yes,No,Yes,Yes,Yes,Yes,Yes,Yes,Two Year,Yes,Credit Card,108.55,7616.0,0.0,0,2269.87,3,7,107.26760563380282,4111
Female,38,No,Yes,0,5,55,No Offer,Yes,19.41,Yes,Yes,Fiber Optic,4,No,No,Yes,No,No,No,No,Yes,Month-to-Month,Yes,Bank Withdrawal,77.75,4458.15,0.0,0,1067.55,2,2,81.05727272727272,4398
Male,43,No,Yes,0,3,29,No Offer,No,0.0,No,Yes,DSL,15,No,No,No,No,Yes,Yes,Yes,No,Month-to-Month,Yes,Bank Withdrawal,45.9,1332.4,0.0,20,0.0,4,3,45.9448275862069,5074
Male,25,No,Yes,0,1,72,Offer A,Yes,32.67,Yes,Yes,Cable,48,Yes,Yes,Yes,No,No,No,No,Yes,Two Year,No,Credit Card,64.45,4720.0,0.0,0,2352.24,3,4,65.55555555555556,6330
Female,62,No,Yes,0,3,56,Offer B,Yes,7.0,No,Yes,Fiber Optic,18,No,No,Yes,Yes,Yes,Yes,Yes,Yes,Month-to-Month,Yes,Bank Withdrawal,98.7,5669.5,0.0,0,392.0,4,6,101.24107142857143,5141
Female,33,No,No,0,0,42,No Offer,Yes,34.76,No,Yes,Cable,20,No,No,Yes,Yes,No,Yes,Yes,Yes,Two Year,No,Credit Card,66.5,2762.75,0.0,0,1459.92,5,5,65.7797619047619,4668
Female,51,No,Yes,2,1,72,No Offer,Yes,41.55,No,Yes,Fiber Optic,25,Yes,Yes,Yes,Yes,Yes,Yes,Yes,No,Two Year,Yes,Bank Withdrawal,108.3,7679.65,36.13,50,2991.6,4,7,106.66180555555555,4183
Female,67,Yes,No,0,0,10,Offer D,No,0.0,No,Yes,DSL,4,No,No,No,No,No,Yes,No,Yes,Month-to-Month,Yes,Bank Withdrawal,34.7,329.8,0.0,0,0.0,1,2,32.980000000000004,3244
Female,19,No,No,0,0,3,No Offer,Yes,1.24,No,Yes,DSL,52,Yes,Yes,No,No,No,No,Yes,Yes,Month-to-Month,No,Bank Withdrawal,55.35,165.2,0.0,0,3.72,2,4,55.06666666666666,5787
Female,59,No,No,0,0,1,Offer E,Yes,36.63,No,No,No Internet,0,No,No,No,No,No,No,No,No,Month-to-Month,Yes,Credit Card,19.9,19.9,0.0,0,36.63,3,0,19.9,3351
Male,28,No,Yes,0,1,23,No Offer,Yes,18.05,Yes,Yes,Fiber Optic,51,No,Yes,Yes,No,No,No,No,Yes,Month-to-Month,No,Bank Withdrawal,84.25,1968.1,8.3,0,415.15,4,3,85.5695652173913,2781
Female,27,No,Yes,0,1,64,Offer B,Yes,40.28,Yes,Yes,DSL,52,No,No,Yes,Yes,No,No,No,Yes,One Year,No,Bank Withdrawal,58.35,3756.45,0.0,0,2577.92,3,3,58.69453125,5331
Male,28,No,Yes,0,9,66,No Offer,Yes,43.77,Yes,Yes,Fiber Optic,41,Yes,Yes,Yes,Yes,Yes,Yes,Yes,Yes,One Year,No,Bank Withdrawal,115.8,7942.15,0.0,0,2888.82,3,8,120.33560606060605,5845
Female,63,No,No,0,0,68,No Offer,Yes,21.82,Yes,Yes,DSL,2,Yes,Yes,Yes,Yes,Yes,Yes,Yes,Yes,Two Year,Yes,Bank Withdrawal,88.15,6148.45,36.29,0,1483.76,3,8,90.41838235294118,5531
Female,70,Yes,No,0,0,18,No Offer,Yes,25.7,No,Yes,Fiber Optic,23,No,No,Yes,No,No,Yes,No,No,Two Year,Yes,Bank Withdrawal,84.95,1443.65,4.76,70,462.6,4,2,80.20277777777778,3878
Male,78,Yes,No,0,0,23,No Offer,No,0.0,No,Yes,Cable,2,No,No,No,No,No,Yes,Yes,Yes,Month-to-Month,Yes,Bank Withdrawal,34.65,768.45,0.0,0,0.0,4,3,33.410869565217396,2307
Male,50,No,Yes,3,5,35,Offer C,Yes,1.53,No,Yes,Fiber Optic,57,No,Yes,No,Yes,Yes,No,No,Yes,One Year,Yes,Bank Withdrawal,89.7,3165.6,0.0,0,53.55,4,4,90.44571428571429,2775
Male,79,Yes,Yes,0,7,72,Offer A,Yes,11.26,Yes,Yes,Cable,3,No,No,Yes,No,Yes,Yes,Yes,Yes,Two Year,Yes,Credit Card,73.45,5329.0,0.0,0,810.72,3,5,74.01388888888889,5540
Female,73,Yes,No,0,0,15,Offer D,Yes,17.19,Yes,Yes,DSL,19,No,No,No,Yes,No,No,No,Yes,Month-to-Month,No,Credit Card,55.0,757.1,0.0,0,257.85,1,2,50.473333333333336,3167
Male,41,No,Yes,0,5,72,No Offer,Yes,26.96,Yes,Yes,DSL,9,Yes,Yes,Yes,Yes,Yes,Yes,Yes,Yes,Two Year,No,Credit Card,89.85,6562.9,12.55,0,1941.12,4,8,91.15138888888889,6046
Female,35,No,Yes,2,1,72,No Offer,Yes,17.89,Yes,Yes,Fiber Optic,19,Yes,Yes,Yes,Yes,No,Yes,Yes,Yes,Two Year,No,Credit Card,107.45,7658.3,0.0,0,1288.08,4,7,106.36527777777778,4505
Male,29,No,No,0,0,17,No Offer,Yes,38.78,Yes,Yes,Fiber Optic,59,Yes,Yes,Yes,Yes,Yes,No,No,Yes,Month-to-Month,Yes,Bank Withdrawal,106.65,1672.1,0.0,0,659.26,3,6,98.35882352941177,2754
Male,34,No,No,1,0,1,No Offer,Yes,39.6,No,Yes,DSL,17,No,No,No,Yes,No,No,No,Yes,Month-to-Month,Yes,Mailed Check,49.9,49.9,0.0,0,39.6,2,2,49.9,3113
Male,54,No,Yes,0,7,24,No Offer,Yes,46.91,Yes,Yes,Fiber Optic,20,No,No,No,No,Yes,Yes,Yes,No,Month-to-Month,Yes,Bank Withdrawal,93.0,2248.05,0.0,40,1125.84,5,3,93.66875,5886
Female,60,No,No,0,0,15,Offer D,Yes,40.66,Yes,Yes,DSL,8,Yes,No,No,No,No,No,No,Yes,Month-to-Month,Yes,Mailed Check,55.7,899.8,0.0,0,609.9,2,2,59.986666666666665,4519
Female,38,No,No,0,0,43,No Offer,Yes,1.6,No,Yes,DSL,19,No,Yes,No,Yes,No,No,No,No,One Year,No,Bank Withdrawal,55.45,2444.25,0.0,130,68.8,4,2,56.843023255813954,3350
Female,54,No,Yes,2,10,45,Offer B,No,0.0,No,Yes,DSL,18,Yes,No,No,No,Yes,Yes,Yes,Yes,Month-to-Month,Yes,Bank Withdrawal,50.9,2333.85,0.0,0,0.0,3,5,51.86333333333333,3937
Female,79,Yes,Yes,0,0,50,No Offer,Yes,31.43,Yes,No,No Internet,0,No,No,No,No,No,No,No,No,One Year,No,Bank Withdrawal,25.2,1306.3,0.0,0,1571.5,3,0,26.125999999999998,4015
Male,22,No,No,0,0,35,Offer C,Yes,42.02,No,No,No Internet,0,No,No,No,No,No,No,No,No,One Year,No,Bank Withdrawal,20.6,754.0,0.0,0,1470.7,4,0,21.542857142857144,2858
Female,25,No,No,0,0,30,No Offer,Yes,19.41,No,Yes,Cable,27,Yes,Yes,No,No,No,No,No,Yes,Month-to-Month,Yes,Bank Withdrawal,55.3,1530.6,0.0,0,582.3,4,3,51.019999999999996,2725
Female,20,No,No,0,0,46,Offer B,Yes,5.86,No,Yes,Fiber Optic,82,No,Yes,Yes,Yes,Yes,Yes,Yes,Yes,Two Year,Yes,Bank Withdrawal,104.4,4904.2,0.0,0,269.56,4,7,106.61304347826086,4190
Male,24,No,No,0,0,16,Offer D,Yes,21.04,No,No,No Internet,0,No,No,No,No,No,No,No,No,Month-to-Month,No,Bank Withdrawal,20.25,327.45,0.0,0,336.64,1,0,20.465625,4327
Female,61,No,Yes,2,6,72,Offer A,Yes,35.21,Yes,Yes,Fiber Optic,10,No,Yes,Yes,Yes,No,Yes,Yes,Yes,Two Year,Yes,Bank Withdrawal,98.65,7129.45,0.0,0,2535.12,4,6,99.02013888888888,4616
Female,38,No,No,0,0,62,Offer B,No,0.0,No,Yes,Cable,30,No,Yes,Yes,No,No,Yes,Yes,Yes,Two Year,Yes,Credit Card,43.6,2748.7,0.0,0,0.0,4,5,44.33387096774193,4507
Male,58,No,No,0,0,18,No Offer,Yes,38.87,Yes,Yes,Fiber Optic,7,No,Yes,No,No,No,No,No,No,Month-to-Month,Yes,Bank Withdrawal,80.65,1451.9,0.0,30,699.66,2,1,80.66111111111111,3788
Male,32,No,Yes,3,3,19,No Offer,Yes,31.7,No,No,No Internet,0,No,No,No,No,No,No,No,No,Two Year,No,Credit Card,20.2,387.4,0.0,0,602.3,3,0,20.389473684210525,4821
Female,40,No,Yes,3,6,39,Offer C,Yes,15.91,No,No,No Internet,0,No,No,No,No,No,No,No,No,Two Year,No,Credit Card,19.75,757.95,0.0,0,620.49,3,0,19.434615384615388,3944
Female,48,No,No,0,0,11,No Offer,Yes,15.6,Yes,Yes,Fiber Optic,4,No,No,No,No,No,No,No,Yes,Month-to-Month,Yes,Bank Withdrawal,76.5,837.95,0.0,0,171.6,3,1,76.17727272727274,2291
Male,21,No,Yes,0,1,59,Offer B,No,0.0,No,Yes,DSL,53,No,No,No,No,Yes,Yes,Yes,No,Month-to-Month,Yes,Bank Withdrawal,44.3,2666.75,0.0,20,0.0,4,3,45.19915254237288,5905
Male,72,Yes,Yes,1,1,52,No Offer,Yes,7.04,Yes,Yes,DSL,22,No,Yes,Yes,No,Yes,Yes,Yes,Yes,One Year,Yes,Bank Withdrawal,80.85,4079.55,0.0,0,366.08,3,6,78.45288461538462,6090
Male,35,No,No,3,0,49,No Offer,Yes,4.76,Yes,Yes,Fiber Optic,58,Yes,Yes,Yes,No,Yes,Yes,Yes,Yes,One Year,Yes,Credit Card,109.2,5290.45,0.0,0,233.24,3,7,107.96836734693878,6005
Female,19,No,No,0,0,46,No Offer,Yes,40.32,No,Yes,Cable,51,No,No,No,No,No,No,No,Yes,Month-to-Month,No,Bank Withdrawal,44.95,2168.9,0.0,0,1854.72,5,1,47.15,2626
Male,27,No,No,0,0,5,Offer E,Yes,30.92,No,Yes,Cable,41,Yes,No,No,Yes,No,No,Yes,Yes,Month-to-Month,Yes,Credit Card,55.75,266.95,0.0,0,154.6,4,4,53.39,4545
Male,20,No,No,3,0,72,No Offer,No,0.0,No,Yes,Cable,71,Yes,Yes,Yes,Yes,Yes,Yes,Yes,Yes,Two Year,No,Credit Card,67.2,4671.7,0.0,0,0.0,3,8,64.88472222222222,5592
Female,63,No,Yes,0,3,72,No Offer,No,0.0,No,Yes,DSL,16,No,Yes,Yes,Yes,Yes,Yes,Yes,Yes,Two Year,Yes,Bank Withdrawal,60.0,4264.0,25.67,0,0.0,4,7,59.22222222222222,5471
Female,43,No,No,0,0,41,Offer B,Yes,29.19,Yes,Yes,Fiber Optic,4,No,No,Yes,No,Yes,Yes,Yes,Yes,Month-to-Month,No,Bank Withdrawal,98.05,3990.6,0.0,0,1196.79,4,5,97.33170731707317,5614
Female,36,No,No,0,0,50,No Offer,Yes,15.1,No,Yes,Fiber Optic,9,No,Yes,No,Yes,Yes,Yes,Yes,Yes,Two Year,Yes,Credit Card,100.2,5038.45,0.0,0,755.0,4,6,100.76899999999999,5419
Male,47,No,Yes,2,4,64,No Offer,Yes,49.49,No,Yes,Fiber Optic,12,Yes,Yes,No,No,No,No,No,Yes,Month-to-Month,No,Bank Withdrawal,81.05,5135.35,0.0,0,3167.36,3,3,80.23984375,5168
Male,56,No,Yes,3,2,69,Offer A,Yes,20.32,No,Yes,Fiber Optic,56,No,Yes,No,Yes,Yes,No,No,Yes,Two Year,Yes,Mailed Check,92.15,6480.9,0.0,0,1402.08,3,4,93.92608695652173,5817
Female,67,Yes,Yes,0,0,5,Offer E,Yes,9.56,No,Yes,Fiber Optic,13,No,No,No,No,No,No,No,Yes,One Year,Yes,Bank Withdrawal,69.35,341.6,0.0,0,47.8,4,1,68.32000000000001,5437
Male,36,No,Yes,1,10,68,No Offer,Yes,26.83,Yes,No,No Internet,0,No,No,No,No,No,No,No,No,Two Year,No,Mailed Check,25.75,1686.15,0.0,0,1824.44,4,0,24.796323529411765,5434
Male,33,No,Yes,0,1,48,Offer B,Yes,6.1,Yes,Yes,Fiber Optic,18,Yes,Yes,Yes,No,Yes,No,No,Yes,Two Year,Yes,Bank Withdrawal,96.9,4473.45,0.0,0,292.8,4,5,93.19687499999999,2613
Female,32,No,Yes,1,10,16,No Offer,Yes,20.12,No,Yes,Cable,30,Yes,Yes,No,Yes,No,Yes,Yes,Yes,Two Year,No,Bank Withdrawal,68.25,1114.85,0.0,0,321.92,3,6,69.678125,3559
Female,56,No,Yes,0,3,16,Offer D,Yes,10.5,No,Yes,Fiber Optic,2,No,Yes,No,No,Yes,Yes,Yes,Yes,Month-to-Month,Yes,Bank Withdrawal,94.65,1461.15,0.0,0,168.0,5,5,91.321875,3050
Female,56,No,Yes,2,4,70,Offer A,Yes,33.25,Yes,Yes,Fiber Optic,15,Yes,Yes,Yes,Yes,Yes,Yes,Yes,Yes,Two Year,Yes,Credit Card,113.05,7869.05,0.0,0,2327.5,5,8,112.415,4203
Male,52,No,Yes,0,8,71,Offer A,Yes,29.11,Yes,Yes,Fiber Optic,28,No,Yes,Yes,No,Yes,Yes,Yes,Yes,One Year,Yes,Bank Withdrawal,105.7,7472.15,0.0,0,2066.81,4,6,105.24154929577465,4420
Female,41,No,No,0,0,3,Offer E,Yes,24.63,No,No,No Internet,0,No,No,No,No,No,No,No,No,Month-to-Month,No,Bank Withdrawal,19.75,58.85,0.0,0,73.89,3,0,19.616666666666667,2647
Female,32,No,Yes,2,4,49,No Offer,Yes,33.07,No,Yes,DSL,23,Yes,Yes,Yes,Yes,Yes,Yes,Yes,Yes,One Year,Yes,Credit Card,87.2,4345.0,0.0,0,1620.43,3,8,88.6734693877551,4567
Female,22,No,Yes,1,10,52,No Offer,Yes,2.44,No,No,No Internet,0,No,No,No,No,No,No,No,No,Two Year,No,Bank Withdrawal,20.1,1078.75,17.05,0,126.88,4,0,20.745192307692307,4529
Male,39,No,Yes,0,7,60,No Offer,Yes,30.14,No,No,No Internet,0,No,No,No,No,No,No,No,No,Two Year,No,Credit Card,19.95,1258.15,0.0,0,1808.4,4,0,20.96916666666667,5971
Female,19,No,No,0,0,1,No Offer,Yes,44.36,No,Yes,DSL,58,Yes,Yes,No,No,No,No,Yes,Yes,Month-to-Month,Yes,Bank Withdrawal,54.9,54.9,0.0,0,44.36,1,4,54.9,2833
Female,61,No,No,0,0,40,No Offer,Yes,23.28,No,Yes,Cable,6,No,No,Yes,No,No,No,No,Yes,One Year,Yes,Credit Card,50.25,2023.55,0.0,0,931.2,5,2,50.58875,2449
Female,37,No,Yes,0,2,9,No Offer,Yes,42.39,No,Yes,Cable,16,No,Yes,No,Yes,Yes,No,No,Yes,One Year,Yes,Credit Card,65.6,593.3,0.0,0,381.51,3,4,65.92222222222222,2205
Female,32,No,No,0,0,3,No Offer,Yes,23.82,Yes,Yes,Fiber Optic,24,No,No,No,No,No,No,No,Yes,Month-to-Month,No,Bank Withdrawal,74.4,215.8,0.0,0,71.46,3,1,71.93333333333334,2054
Male,59,No,Yes,3,6,40,Offer B,Yes,11.5,Yes,Yes,Fiber Optic,22,Yes,Yes,No,Yes,Yes,Yes,Yes,Yes,Month-to-Month,Yes,Credit Card,110.1,4469.1,0.0,0,460.0,3,7,111.7275,2283
Male,79,Yes,No,0,0,1,No Offer,Yes,27.65,No,Yes,Fiber Optic,2,No,No,No,Yes,No,No,No,Yes,One Year,No,Bank Withdrawal,74.7,74.7,0.0,0,27.65,5,2,74.7,4182
Male,61,No,No,0,0,12,Offer D,Yes,25.57,Yes,No,No Internet,0,No,No,No,No,No,No,No,No,One Year,No,Credit Card,24.95,280.4,0.0,0,306.84,5,0,23.366666666666664,4443
Female,54,No,No,0,0,70,Offer A,No,0.0,No,Yes,DSL,13,Yes,No,Yes,Yes,Yes,Yes,Yes,Yes,Two Year,Yes,Bank Withdrawal,58.35,4214.25,0.0,0,0.0,3,7,60.20357142857143,4093
Female,49,No,Yes,0,4,68,Offer A,Yes,41.46,Yes,Yes,DSL,30,Yes,No,No,Yes,No,No,No,No,One Year,No,Bank Withdrawal,58.25,3975.7,0.0,140,2819.28,3,2,58.46617647058823,4620
Female,66,Yes,Yes,0,5,38,No Offer,Yes,15.78,Yes,Yes,Fiber Optic,30,No,No,No,No,No,No,No,Yes,Month-to-Month,Yes,Bank Withdrawal,74.95,2869.85,0.0,0,599.64,1,1,75.52236842105263,5165
Male,79,Yes,No,0,0,54,Offer B,Yes,5.14,No,Yes,DSL,6,No,No,Yes,Yes,No,Yes,No,Yes,One Year,No,Bank Withdrawal,65.25,3529.95,33.07,0,277.56,4,4,65.36944444444444,6161
Male,62,No,No,3,0,1,No Offer,Yes,23.2,No,Yes,Fiber Optic,21,No,No,No,No,No,Yes,Yes,Yes,Month-to-Month,No,Bank Withdrawal,79.9,79.9,0.0,0,23.2,2,3,79.9,3394
Male,54,No,No,0,0,7,No Offer,Yes,21.12,No,Yes,Fiber Optic,7,No,No,No,No,No,No,No,Yes,Month-to-Month,No,Bank Withdrawal,69.15,488.65,0.0,0,147.84,3,1,69.80714285714285,4320
Male,22,No,No,0,0,22,Offer D,Yes,15.77,No,Yes,Fiber Optic,42,No,No,No,No,No,No,No,Yes,Month-to-Month,Yes,Credit Card,69.7,1490.4,0.0,0,346.94,3,1,67.74545454545455,4838
Male,55,No,Yes,2,1,4,Offer E,Yes,16.68,Yes,No,No Internet,0,No,No,No,No,No,No,No,No,One Year,No,Credit Card,24.1,73.1,0.0,0,66.72,3,0,18.275,4463
Male,54,No,Yes,1,7,47,No Offer,Yes,1.09,Yes,Yes,Fiber Optic,13,No,Yes,No,No,Yes,No,No,Yes,Month-to-Month,No,Bank Withdrawal,87.2,4017.45,0.0,0,51.23,3,3,85.47765957446808,3760
Male,31,No,No,3,0,39,No Offer,No,0.0,No,Yes,DSL,29,No,No,Yes,Yes,Yes,Yes,Yes,Yes,One Year,No,Bank Withdrawal,54.85,2191.7,0.0,0,0.0,4,6,56.197435897435895,3884
Female,52,No,Yes,2,1,46,Offer B,Yes,24.33,No,No,No Internet,0,No,No,No,No,No,No,No,No,Two Year,Yes,Credit Card,19.25,864.2,0.0,0,1119.18,5,0,18.786956521739132,5596
Male,55,No,No,0,0,4,No Offer,Yes,31.92,No,Yes,Fiber Optic,4,No,No,Yes,Yes,No,Yes,Yes,Yes,Month-to-Month,Yes,Bank Withdrawal,90.4,356.65,0.0,0,127.68,3,5,89.1625,3314
Female,68,Yes,Yes,0,1,5,Offer E,Yes,47.28,Yes,Yes,Fiber Optic,11,No,Yes,No,No,No,No,No,No,Month-to-Month,Yes,Bank Withdrawal,81.0,371.65,40.64,10,236.4,1,1,74.33,4287
Male,22,No,No,0,0,1,No Offer,Yes,26.37,No,No,No Internet,0,No,No,No,No,No,No,No,No,Month-to-Month,No,Bank Withdrawal,19.2,19.2,0.0,0,26.37,4,0,19.2,2716
Male,60,No,No,0,0,28,Offer C,Yes,44.28,No,Yes,Fiber Optic,5,Yes,No,No,No,No,No,No,Yes,Month-to-Month,Yes,Bank Withdrawal,74.9,2068.55,0.0,0,1239.84,1,2,73.87678571428572,5392
Male,61,No,No,0,0,45,No Offer,Yes,10.36,No,Yes,DSL,6,Yes,No,Yes,No,Yes,Yes,Yes,Yes,Month-to-Month,Yes,Bank Withdrawal,75.95,3273.8,0.0,0,466.2,4,6,72.75111111111111,2185
Male,44,No,No,0,0,1,No Offer,Yes,16.06,No,Yes,Fiber Optic,3,No,No,No,No,Yes,Yes,Yes,Yes,Month-to-Month,Yes,Bank Withdrawal,89.1,89.1,0.0,0,16.06,2,4,89.1,2905
Female,61,No,No,0,0,18,No Offer,Yes,19.93,No,Yes,Fiber Optic,26,No,Yes,Yes,No,No,No,No,Yes,Month-to-Month,No,Bank Withdrawal,77.8,1358.6,29.76,0,358.74,5,3,75.47777777777777,4228
Female,47,No,No,0,0,1,No Offer,Yes,32.74,No,Yes,DSL,26,No,No,No,No,Yes,No,No,Yes,Month-to-Month,Yes,Credit Card,55.0,55.0,0.0,0,32.74,1,2,55.0,3809
Male,78,Yes,No,0,0,33,No Offer,Yes,38.53,Yes,Yes,Fiber Optic,2,No,Yes,Yes,No,No,No,No,Yes,Month-to-Month,Yes,Credit Card,83.85,2716.3,0.0,0,1271.49,2,3,82.31212121212121,2583
Female,27,No,No,0,0,4,Offer E,Yes,6.5,Yes,Yes,Fiber Optic,73,Yes,No,No,No,No,No,No,Yes,Month-to-Month,Yes,Bank Withdrawal,80.15,319.85,0.0,0,26.0,3,2,79.9625,2841
Male,21,No,Yes,3,9,58,No Offer,No,0.0,No,Yes,Cable,52,Yes,Yes,Yes,No,Yes,No,No,Yes,One Year,No,Mailed Check,50.0,2919.85,0.0,0,0.0,4,5,50.342241379310344,4704
Female,36,No,No,0,0,1,No Offer,Yes,30.96,No,Yes,DSL,5,No,Yes,No,No,No,No,No,Yes,Month-to-Month,No,Bank Withdrawal,50.55,50.55,0.0,0,30.96,1,2,50.55,3420
Male,47,No,Yes,3,2,52,Offer B,Yes,39.48,No,No,No Internet,0,No,No,No,No,No,No,No,No,One Year,Yes,Credit Card,20.85,1071.6,0.0,0,2052.96,4,0,20.607692307692307,4886
Male,79,Yes,No,0,0,1,No Offer,Yes,8.35,Yes,Yes,Fiber Optic,23,No,No,No,No,No,No,No,Yes,Month-to-Month,Yes,Bank Withdrawal,75.75,75.75,0.0,0,8.35,1,1,75.75,5571
Male,46,No,Yes,0,5,25,No Offer,Yes,6.45,No,Yes,Cable,19,Yes,Yes,Yes,No,No,No,No,Yes,One Year,Yes,Bank Withdrawal,61.6,1611.0,44.9,0,161.25,3,4,64.44,3807
Male,35,No,No,0,0,1,Offer E,Yes,27.97,No,Yes,Fiber Optic,18,No,No,No,No,No,No,No,Yes,Month-to-Month,No,Bank Withdrawal,69.75,69.75,0.0,0,27.97,2,1,69.75,2901
Male,37,No,Yes,0,3,56,No Offer,Yes,46.18,No,Yes,Fiber Optic,24,No,No,No,No,No,Yes,Yes,Yes,One Year,Yes,Bank Withdrawal,80.9,4557.5,0.0,0,2586.08,5,3,81.38392857142857,5344
Female,68,Yes,Yes,3,1,4,Offer E,Yes,42.13,No,Yes,Cable,52,No,No,No,No,No,No,No,Yes,Month-to-Month,No,Bank Withdrawal,46.0,181.6,0.0,0,168.52,1,1,45.4,4797
Male,77,Yes,Yes,0,1,30,Offer C,Yes,6.23,No,Yes,Fiber Optic,4,No,Yes,Yes,No,No,No,No,Yes,Month-to-Month,Yes,Credit Card,79.65,2365.15,0.0,0,186.9,3,3,78.83833333333334,2174
Female,50,No,No,0,0,3,No Offer,Yes,41.38,No,Yes,DSL,5,No,No,No,No,Yes,No,No,Yes,Month-to-Month,Yes,Bank Withdrawal,54.2,140.4,0.0,0,124.14,4,2,46.800000000000004,3167
Female,19,No,Yes,0,5,60,No Offer,No,0.0,No,Yes,DSL,69,No,Yes,Yes,Yes,Yes,Yes,Yes,Yes,Two Year,No,Credit Card,60.8,3603.45,0.0,0,0.0,5,7,60.0575,5784
Male,79,Yes,Yes,0,5,16,No Offer,Yes,35.53,No,Yes,DSL,23,Yes,Yes,No,No,No,No,No,Yes,Two Year,Yes,Bank Withdrawal,54.55,825.1,0.0,0,568.48,3,3,51.56875,3324
Male,79,Yes,No,0,0,39,Offer C,Yes,41.93,Yes,Yes,Fiber Optic,23,No,No,No,No,Yes,Yes,No,No,Month-to-Month,Yes,Bank Withdrawal,95.65,3759.05,0.0,150,1635.27,1,2,96.38589743589743,4892
Male,70,Yes,Yes,0,2,70,Offer A,Yes,14.48,No,Yes,Fiber Optic,7,Yes,Yes,Yes,No,Yes,Yes,Yes,Yes,Two Year,No,Credit Card,105.35,7511.9,0.0,0,1013.6,4,7,107.31285714285714,5866
Female,71,Yes,No,0,0,1,No Offer,Yes,42.5,No,Yes,Fiber Optic,8,No,No,Yes,No,No,Yes,No,Yes,Month-to-Month,Yes,Bank Withdrawal,85.0,85.0,0.0,0,42.5,2,3,85.0,2650
Female,75,Yes,Yes,0,1,56,No Offer,Yes,26.82,Yes,Yes,Cable,18,Yes,Yes,Yes,Yes,No,No,No,Yes,One Year,Yes,Credit Card,68.45,4014.0,0.0,0,1501.92,4,5,71.67857142857143,4368
Male,24,No,No,0,0,5,No Offer,Yes,41.29,No,Yes,DSL,51,Yes,No,Yes,No,No,No,No,Yes,Month-to-Month,Yes,Credit Card,55.8,274.35,0.0,0,206.45,3,3,54.870000000000005,2612
Male,54,No,Yes,2,7,13,No Offer,Yes,4.26,No,No,No Internet,0,No,No,No,No,No,No,No,No,One Year,No,Credit Card,20.0,218.55,0.0,0,55.38,3,0,16.81153846153846,5651
Male,20,No,No,0,0,42,No Offer,Yes,27.64,Yes,No,No Internet,0,No,No,No,No,No,No,No,No,One Year,No,Bank Withdrawal,25.05,949.85,0.0,0,1160.88,5,0,22.61547619047619,3756
Female,77,Yes,No,0,0,6,Offer E,Yes,8.06,No,Yes,Fiber Optic,19,No,No,No,No,Yes,Yes,No,Yes,One Year,Yes,Bank Withdrawal,89.35,567.8,0.0,0,48.36,3,3,94.63333333333333,2578
Female,25,No,Yes,0,4,64,No Offer,Yes,14.78,No,No,No Internet,0,No,No,No,No,No,No,No,No,Two Year,No,Credit Card,19.45,1225.65,0.0,0,945.92,3,0,19.15078125,5113
Male,37,No,No,0,0,31,No Offer,Yes,6.71,Yes,Yes,DSL,3,No,Yes,No,Yes,Yes,Yes,Yes,Yes,One Year,Yes,Mailed Check,79.45,2587.7,0.0,0,208.01,1,6,83.47419354838709,2872
Female,42,No,Yes,2,1,37,No Offer,Yes,31.83,Yes,No,No Internet,0,No,No,No,No,No,No,No,No,Month-to-Month,No,Credit Card,26.45,911.6,0.0,0,1177.71,4,0,24.63783783783784,5359
Female,78,Yes,Yes,1,8,56,Offer B,Yes,5.93,No,Yes,DSL,19,Yes,No,No,Yes,Yes,Yes,No,No,Two Year,Yes,Credit Card,72.6,4084.35,0.0,140,332.08,4,4,72.93482142857142,6357
Female,57,No,No,0,0,17,Offer D,Yes,21.82,Yes,Yes,Fiber Optic,23,Yes,Yes,No,No,Yes,No,No,Yes,Month-to-Month,Yes,Bank Withdrawal,94.4,1617.5,0.0,0,370.94,1,4,95.1470588235294,2825
Male,46,No,Yes,0,1,72,No Offer,Yes,15.52,Yes,Yes,Cable,6,Yes,Yes,Yes,Yes,No,No,No,Yes,Two Year,Yes,Bank Withdrawal,67.8,4804.65,0.0,0,1117.44,3,5,66.73124999999999,5242
Female,42,No,No,0,0,15,Offer D,Yes,42.83,Yes,Yes,Fiber Optic,21,No,Yes,No,No,No,No,No,Yes,Month-to-Month,Yes,Bank Withdrawal,79.75,1111.85,0.0,0,642.45,3,2,74.12333333333332,2813
Female,22,No,No,0,0,38,Offer C,Yes,23.95,Yes,Yes,Fiber Optic,27,No,No,Yes,Yes,Yes,Yes,Yes,No,Month-to-Month,Yes,Bank Withdrawal,103.65,3988.5,0.0,140,910.1,5,5,104.96052631578948,2511
Male,51,No,Yes,3,1,68,No Offer,Yes,18.47,Yes,Yes,Fiber Optic,75,Yes,Yes,Yes,No,Yes,Yes,Yes,Yes,Two Year,Yes,Bank Withdrawal,110.2,7467.5,0.0,0,1255.96,3,7,109.81617647058823,4108
Male,43,No,No,0,0,9,Offer E,Yes,34.34,Yes,Yes,Fiber Optic,6,Yes,No,No,No,No,No,No,No,Month-to-Month,Yes,Bank Withdrawal,81.15,784.45,0.0,50,309.06,4,1,87.16111111111111,4544
Male,63,No,Yes,2,1,59,No Offer,Yes,15.94,No,Yes,DSL,19,No,Yes,Yes,Yes,Yes,Yes,Yes,Yes,One Year,No,Credit Card,76.75,4541.9,0.0,0,940.46,4,7,76.98135593220339,5918
Male,63,No,No,0,0,23,Offer D,Yes,26.37,No,No,No Internet,0,No,No,No,No,No,No,No,No,One Year,No,Bank Withdrawal,20.15,405.6,0.0,0,606.51,4,0,17.63478260869565,4402
Female,35,No,Yes,3,3,72,No Offer,Yes,12.96,No,Yes,DSL,56,Yes,No,Yes,Yes,Yes,Yes,Yes,Yes,Two Year,Yes,Bank Withdrawal,80.45,5886.85,0.0,0,933.12,3,7,81.76180555555555,4480
Male,57,No,No,0,0,43,No Offer,Yes,3.18,No,No,No Internet,0,No,No,No,No,No,No,No,No,Two Year,No,Credit Card,19.55,876.15,15.17,0,136.74,5,0,20.375581395348835,4871
Female,58,No,Yes,1,9,72,No Offer,Yes,33.37,Yes,Yes,Fiber Optic,16,Yes,Yes,Yes,Yes,Yes,Yes,Yes,Yes,Two Year,No,Credit Card,117.5,8670.1,47.55,0,2402.64,4,8,120.41805555555555,6009
Female,48,No,Yes,3,1,16,Offer D,No,0.0,No,Yes,Cable,53,No,No,No,No,No,Yes,Yes,No,Month-to-Month,Yes,Credit Card,35.5,552.7,0.0,80,0.0,5,2,34.54375,2069
Male,29,No,No,0,0,10,Offer D,Yes,1.98,No,No,No Internet,0,No,No,No,No,No,No,No,No,Month-to-Month,Yes,Credit Card,19.85,193.05,0.0,0,19.8,4,0,19.305,3768
Male,38,No,No,0,0,10,No Offer,Yes,49.04,No,Yes,Cable,23,Yes,No,No,No,No,No,No,Yes,Month-to-Month,Yes,Credit Card,51.65,524.5,0.0,0,490.4,4,2,52.45,4292
Female,55,No,Yes,0,5,67,No Offer,No,0.0,No,Yes,Cable,30,Yes,No,No,Yes,No,No,No,Yes,Two Year,No,Credit Card,35.7,2545.7,0.0,0,0.0,3,3,37.9955223880597,5655
Male,53,No,No,0,0,7,No Offer,Yes,9.14,No,No,No Internet,0,No,No,No,No,No,No,No,No,Month-to-Month,No,Bank Withdrawal,19.25,112.3,0.0,0,63.98,3,0,16.04285714285714,4489
Female,35,No,No,0,0,52,No Offer,Yes,33.84,No,Yes,DSL,5,Yes,No,Yes,Yes,No,No,No,Yes,One Year,No,Credit Card,57.95,3042.25,0.0,0,1759.68,3,4,58.50480769230769,6078
Female,36,No,No,0,0,16,Offer D,Yes,6.86,No,Yes,DSL,8,No,Yes,No,Yes,No,No,No,No,Month-to-Month,Yes,Credit Card,53.9,834.15,0.0,40,109.76,3,2,52.134375,5091
Male,33,No,No,0,0,6,Offer E,Yes,32.34,No,No,No Internet,0,No,No,No,No,No,No,No,No,Month-to-Month,No,Credit Card,20.65,109.3,0.0,0,194.04,5,0,18.216666666666665,3266
Male,53,No,Yes,3,0,4,Offer E,Yes,29.09,No,No,No Internet,0,No,No,No,No,No,No,No,No,Two Year,No,Credit Card,19.55,68.8,0.0,0,116.36,4,0,17.2,5573
Male,41,No,No,0,0,17,No Offer,Yes,42.66,No,No,No Internet,0,No,No,No,No,No,No,No,No,One Year,Yes,Mailed Check,20.5,365.8,0.0,0,725.22,3,0,21.51764705882353,2259
Female,38,No,No,0,0,12,No Offer,Yes,18.12,No,No,No Internet,0,No,No,No,No,No,No,No,No,Month-to-Month,No,Credit Card,19.45,246.25,0.0,0,217.44,4,0,20.520833333333332,4788
Female,42,No,Yes,0,1,68,No Offer,Yes,44.24,Yes,Yes,Fiber Optic,5,No,No,No,No,Yes,No,No,Yes,One Year,Yes,Bank Withdrawal,83.0,5685.8,0.0,0,3008.32,1,2,83.61470588235295,4714
Female,30,No,No,0,0,1,Offer E,Yes,43.84,Yes,No,No Internet,0,No,No,No,No,No,No,No,No,Month-to-Month,Yes,Bank Withdrawal,25.7,25.7,0.0,0,43.84,3,0,25.7,5249
Male,33,No,No,0,0,2,No Offer,Yes,48.66,No,Yes,Fiber Optic,21,No,No,No,No,Yes,No,No,Yes,Month-to-Month,No,Bank Withdrawal,79.0,143.65,0.0,0,97.32,3,2,71.825,5239
Female,41,No,No,0,0,1,Offer E,Yes,22.11,No,Yes,DSL,18,No,No,No,No,No,No,No,No,Month-to-Month,No,Bank Withdrawal,45.8,45.8,0.0,10,22.11,1,0,45.8,5973
Female,71,Yes,Yes,0,1,14,No Offer,Yes,47.01,Yes,Yes,Fiber Optic,19,No,Yes,No,No,Yes,Yes,No,Yes,Month-to-Month,Yes,Bank Withdrawal,100.2,1369.8,0.0,0,658.14,1,4,97.84285714285714,3369
Female,46,No,Yes,0,1,1,Offer E,Yes,16.55,No,Yes,Fiber Optic,19,No,No,No,No,No,No,No,Yes,Month-to-Month,Yes,Credit Card,69.1,69.1,0.0,0,16.55,1,1,69.1,4779
Female,30,No,Yes,0,5,68,Offer A,Yes,28.36,Yes,Yes,Fiber Optic,82,No,No,Yes,No,Yes,No,No,Yes,Two Year,Yes,Bank Withdrawal,89.95,5974.3,0.0,0,1928.48,4,3,87.85735294117647,5672
Male,20,No,Yes,2,1,69,Offer A,Yes,49.16,Yes,Yes,DSL,48,No,Yes,Yes,Yes,Yes,Yes,Yes,Yes,Two Year,Yes,Bank Withdrawal,81.95,5601.4,0.0,0,3392.04,5,7,81.17971014492753,6182
Male,47,No,No,0,0,39,No Offer,Yes,35.13,No,Yes,Fiber Optic,29,No,No,Yes,Yes,No,No,No,Yes,One Year,No,Bank Withdrawal,81.9,3219.75,0.0,0,1370.07,4,3,82.5576923076923,3446
Female,65,Yes,No,0,0,14,Offer D,Yes,16.36,Yes,Yes,Fiber Optic,6,No,Yes,No,No,No,No,No,Yes,Month-to-Month,Yes,Bank Withdrawal,78.95,1101.85,0.0,0,229.04,1,2,78.70357142857142,5203
Female,46,No,No,0,0,5,Offer E,No,0.0,No,Yes,Cable,26,No,Yes,No,No,Yes,Yes,Yes,Yes,Month-to-Month,Yes,Credit Card,50.95,229.4,0.0,0,0.0,5,5,45.88,3573
Female,64,No,Yes,0,8,63,No Offer,Yes,10.67,Yes,Yes,Fiber Optic,23,No,Yes,Yes,Yes,Yes,Yes,Yes,Yes,Two Year,Yes,Bank Withdrawal,109.25,6841.4,0.0,0,672.21,4,7,108.59365079365078,5700
Male,35,No,No,0,0,1,Offer E,Yes,17.94,No,No,No Internet,0,No,No,No,No,No,No,No,No,Month-to-Month,No,Credit Card,19.55,19.55,0.0,0,17.94,4,0,19.55,3718
Male,69,Yes,Yes,0,0,6,Offer E,Yes,47.9,No,Yes,Fiber Optic,6,No,No,Yes,No,Yes,Yes,No,Yes,Month-to-Month,Yes,Bank Withdrawal,95.75,573.75,0.0,0,287.4,3,4,95.625,5750
Male,33,No,Yes,1,1,27,Offer C,Yes,48.17,Yes,Yes,Fiber Optic,15,No,Yes,No,Yes,No,No,No,No,Month-to-Month,Yes,Credit Card,85.2,2151.6,0.0,30,1300.59,3,2,79.68888888888888,3796
Male,24,No,Yes,0,1,21,No Offer,Yes,36.26,Yes,Yes,Fiber Optic,59,No,Yes,Yes,Yes,Yes,Yes,Yes,No,Month-to-Month,Yes,Bank Withdrawal,111.2,2317.1,0.0,120,761.46,3,6,110.33809523809524,4123
Female,32,No,No,0,0,2,No Offer,Yes,44.77,No,Yes,Fiber Optic,9,No,No,No,No,No,No,No,Yes,Month-to-Month,No,Bank Withdrawal,70.35,139.25,0.0,0,89.54,5,1,69.625,3430
Male,76,Yes,No,0,0,39,No Offer,Yes,20.06,Yes,Yes,Fiber Optic,3,No,Yes,No,No,No,Yes,Yes,Yes,Two Year,No,Bank Withdrawal,90.7,3413.25,0.0,0,782.34,4,4,87.51923076923077,5028
Female,32,No,Yes,0,1,8,No Offer,Yes,32.32,No,Yes,Cable,25,No,Yes,No,No,Yes,No,No,Yes,Month-to-Month,Yes,Bank Withdrawal,83.55,680.05,0.0,0,258.56,1,3,85.00625,2879
Female,45,No,No,0,0,54,Offer B,Yes,26.25,No,No,No Internet,0,No,No,No,No,No,No,No,No,Two Year,No,Credit Card,20.1,1079.45,0.0,0,1417.5,5,0,19.989814814814817,5755
Male,65,Yes,Yes,0,8,22,No Offer,Yes,22.38,No,Yes,Fiber Optic,14,No,No,No,No,Yes,Yes,Yes,Yes,Month-to-Month,Yes,Bank Withdrawal,89.75,1938.9,0.0,0,492.36,3,4,88.13181818181819,4180
Male,79,Yes,Yes,0,7,67,Offer A,Yes,42.07,No,Yes,Cable,12,Yes,Yes,No,Yes,No,No,No,Yes,One Year,Yes,Bank Withdrawal,60.95,4119.4,17.19,0,2818.69,3,4,61.483582089552236,5792
Female,19,No,No,0,0,19,No Offer,No,0.0,No,Yes,DSL,59,No,Yes,No,No,No,Yes,Yes,No,Month-to-Month,Yes,Bank Withdrawal,39.7,710.05,0.0,110,0.0,5,3,37.37105263157895,4034
Female,54,No,No,0,0,47,Offer B,No,0.0,No,Yes,Cable,23,Yes,No,Yes,Yes,No,No,No,Yes,Two Year,No,Credit Card,41.9,1875.25,0.0,0,0.0,3,4,39.898936170212764,2540
Male,73,Yes,No,0,0,53,No Offer,No,0.0,No,Yes,DSL,25,No,Yes,Yes,No,Yes,Yes,No,Yes,Month-to-Month,Yes,Bank Withdrawal,54.45,2854.55,20.16,0,0.0,2,5,53.859433962264156,6280
Male,57,No,No,0,0,52,No Offer,No,0.0,No,Yes,DSL,18,Yes,Yes,Yes,Yes,Yes,Yes,Yes,Yes,Two Year,No,Credit Card,63.9,3334.95,0.0,0,0.0,4,8,64.13365384615385,5380
Female,36,No,Yes,0,1,2,Offer E,No,0.0,No,Yes,DSL,12,No,No,No,No,No,Yes,Yes,No,Month-to-Month,Yes,Bank Withdrawal,35.1,68.75,0.0,10,0.0,2,2,34.375,2643
Female,60,No,No,0,0,3,No Offer,Yes,1.47,No,No,No Internet,0,No,No,No,No,No,No,No,No,One Year,No,Mailed Check,20.25,71.2,0.0,0,4.41,3,0,23.733333333333334,4331
Female,74,Yes,Yes,0,10,71,Offer A,Yes,16.26,No,Yes,Fiber Optic,27,No,Yes,Yes,No,No,Yes,No,Yes,Two Year,No,Credit Card,89.45,6435.25,0.0,0,1154.46,4,4,90.63732394366197,6004
Female,23,No,No,0,0,6,Offer E,No,0.0,No,Yes,DSL,71,No,No,Yes,No,Yes,Yes,Yes,Yes,Month-to-Month,Yes,Bank Withdrawal,47.95,305.1,0.0,0,0.0,1,5,50.85,2240
Female,51,No,Yes,0,6,58,No Offer,Yes,37.15,Yes,Yes,Fiber Optic,7,Yes,Yes,No,Yes,Yes,Yes,Yes,Yes,Two Year,Yes,Credit Card,109.1,6393.65,0.0,0,2154.7,3,7,110.2353448275862,4935
Female,23,No,No,0,0,46,No Offer,Yes,43.04,No,Yes,Fiber Optic,71,Yes,Yes,No,Yes,Yes,Yes,Yes,Yes,One Year,Yes,Bank Withdrawal,105.2,4822.85,0.0,0,1979.84,2,7,104.8445652173913,3322
Male,74,Yes,No,0,0,33,Offer C,No,0.0,No,Yes,Cable,11,No,No,Yes,Yes,Yes,Yes,No,Yes,One Year,Yes,Bank Withdrawal,54.6,1803.7,0.0,0,0.0,4,5,54.657575757575756,5322
Female,44,No,No,0,0,32,No Offer,Yes,14.21,Yes,Yes,Fiber Optic,28,No,Yes,Yes,No,Yes,Yes,Yes,Yes,One Year,Yes,Credit Card,104.05,3416.85,0.0,0,454.72,4,6,106.7765625,2335
Female,39,No,Yes,3,1,7,No Offer,Yes,18.91,No,Yes,DSL,29,Yes,Yes,Yes,No,Yes,No,No,Yes,One Year,No,Bank Withdrawal,69.45,477.05,0.0,0,132.37,3,5,68.15,3334
Female,64,No,Yes,0,1,30,No Offer,Yes,39.74,Yes,Yes,Fiber Optic,22,No,No,Yes,No,Yes,Yes,Yes,Yes,Month-to-Month,Yes,Bank Withdrawal,100.05,3046.15,0.0,0,1192.2,1,5,101.53833333333334,4664
Female,41,No,Yes,0,1,11,Offer D,Yes,24.83,No,Yes,DSL,30,No,No,No,No,No,No,No,Yes,Month-to-Month,Yes,Bank Withdrawal,44.05,483.7,0.0,0,273.13,1,1,43.97272727272727,3200
Female,45,No,No,0,0,9,Offer E,Yes,31.28,No,No,No Internet,0,No,No,No,No,No,No,No,No,Month-to-Month,No,Credit Card,19.05,157.65,0.0,0,281.52,4,0,17.516666666666666,3248
Female,79,Yes,Yes,0,1,50,No Offer,Yes,36.58,Yes,Yes,Fiber Optic,23,No,No,No,Yes,Yes,Yes,Yes,Yes,One Year,Yes,Bank Withdrawal,100.65,5189.75,0.0,0,1829.0,3,5,103.795,5791
Male,48,No,Yes,0,3,14,Offer D,Yes,5.17,No,Yes,Cable,25,No,Yes,Yes,Yes,Yes,Yes,Yes,Yes,Two Year,No,Credit Card,81.95,1181.75,0.0,0,72.38,3,7,84.41071428571429,2564
Female,61,No,Yes,0,1,3,Offer E,Yes,44.34,Yes,Yes,Fiber Optic,29,No,No,No,No,No,No,No,Yes,Month-to-Month,Yes,Bank Withdrawal,75.85,256.6,0.0,0,133.02,2,1,85.53333333333335,4062
Female,38,No,No,0,0,3,Offer E,Yes,13.28,No,No,No Internet,0,No,No,No,No,No,No,No,No,Month-to-Month,Yes,Credit Card,19.6,59.75,0.0,0,39.84,3,0,19.916666666666668,5000
Male,31,No,No,0,0,46,No Offer,Yes,22.13,Yes,Yes,Fiber Optic,22,No,Yes,Yes,No,Yes,No,No,Yes,One Year,Yes,Credit Card,94.9,4422.95,24.08,0,1017.98,4,4,96.15108695652174,5316
Female,30,No,No,0,0,1,Offer E,Yes,34.47,Yes,Yes,Fiber Optic,59,No,No,No,No,No,Yes,Yes,Yes,Month-to-Month,No,Credit Card,85.8,85.8,0.0,0,34.47,3,3,85.8,2850
Female,70,Yes,No,0,0,16,Offer D,Yes,9.72,Yes,Yes,DSL,29,Yes,No,No,No,No,No,No,Yes,One Year,Yes,Bank Withdrawal,54.1,889.0,0.0,0,155.52,3,2,55.5625,2276
Female,53,No,No,0,0,64,Offer B,Yes,4.03,Yes,No,No Internet,0,No,No,No,No,No,No,No,No,One Year,No,Mailed Check,24.7,1642.75,0.0,0,257.92,5,0,25.66796875,5655
Female,20,No,No,0,0,27,Offer C,Yes,48.91,No,Yes,DSL,59,No,Yes,Yes,Yes,Yes,Yes,Yes,Yes,One Year,No,Credit Card,78.2,2078.95,0.0,0,1320.57,3,7,76.99814814814815,2297
Female,21,No,Yes,3,1,22,Offer D,Yes,42.98,No,Yes,DSL,30,Yes,Yes,Yes,No,No,No,No,No,Month-to-Month,No,Credit Card,61.15,1422.05,0.0,80,945.56,1,3,64.63863636363637,4626
Female,22,No,Yes,0,3,52,No Offer,No,0.0,No,Yes,DSL,52,Yes,Yes,Yes,Yes,Yes,Yes,Yes,Yes,Two Year,No,Credit Card,66.25,3330.1,0.0,0,0.0,4,8,64.04038461538461,4275
Female,34,No,No,0,0,35,Offer C,Yes,35.5,No,No,No Internet,0,No,No,No,No,No,No,No,No,One Year,No,Credit Card,20.75,700.45,0.0,0,1242.5,4,0,20.012857142857143,4261
Male,44,No,Yes,0,4,48,No Offer,Yes,33.06,No,No,No Internet,0,No,No,No,No,No,No,No,No,Two Year,Yes,Credit Card,20.05,1036.0,0.0,0,1586.88,3,0,21.583333333333332,2964
Female,19,No,No,0,0,4,No Offer,Yes,41.12,No,Yes,Fiber Optic,42,No,No,No,No,No,No,Yes,No,Month-to-Month,No,Bank Withdrawal,70.4,281.0,0.0,70,164.48,1,1,70.25,4494
Female,24,No,No,0,0,61,Offer B,Yes,25.91,No,No,No Internet,0,No,No,No,No,No,No,No,No,One Year,No,Bank Withdrawal,19.45,1336.35,0.0,0,1580.51,4,0,21.907377049180326,4559
Female,59,No,Yes,0,9,69,Offer A,Yes,24.17,No,Yes,Fiber Optic,5,Yes,Yes,No,Yes,Yes,Yes,Yes,Yes,One Year,Yes,Credit Card,106.4,7251.9,3.59,0,1667.73,4,7,105.1,4328
Male,22,No,No,0,0,7,Offer E,Yes,30.61,Yes,Yes,Fiber Optic,59,No,No,No,No,No,Yes,Yes,Yes,Month-to-Month,Yes,Bank Withdrawal,86.8,620.35,0.0,0,214.27,2,3,88.62142857142858,3780
Female,34,No,No,0,0,16,No Offer,No,0.0,No,Yes,DSL,30,Yes,No,No,No,Yes,No,No,Yes,Month-to-Month,Yes,Bank Withdrawal,38.9,664.4,0.0,0,0.0,3,3,41.525,3300
Female,30,No,No,0,0,4,No Offer,Yes,48.32,Yes,Yes,Fiber Optic,51,No,Yes,No,No,No,Yes,Yes,No,Month-to-Month,Yes,Bank Withdrawal,88.95,355.2,0.0,40,193.28,1,3,88.8,5948
Female,37,No,Yes,0,5,62,Offer B,Yes,44.95,No,Yes,Fiber Optic,5,Yes,No,Yes,Yes,Yes,Yes,Yes,Yes,One Year,Yes,Bank Withdrawal,104.3,6613.65,0.0,0,2786.9,4,7,106.67177419354839,5905
Female,28,No,Yes,2,3,41,No Offer,Yes,20.41,Yes,Yes,Fiber Optic,59,No,Yes,Yes,Yes,Yes,Yes,Yes,Yes,One Year,Yes,Bank Withdrawal,109.1,4454.25,0.0,0,836.81,5,7,108.64024390243902,4854
Male,65,Yes,Yes,0,2,7,No Offer,Yes,34.66,Yes,Yes,Fiber Optic,3,No,No,Yes,No,Yes,Yes,Yes,Yes,Month-to-Month,Yes,Bank Withdrawal,101.95,700.85,0.0,0,242.62,1,5,100.12142857142858,2016
Female,43,No,No,1,0,12,Offer D,Yes,26.13,Yes,Yes,Fiber Optic,23,No,No,No,No,No,No,No,Yes,Month-to-Month,Yes,Bank Withdrawal,76.6,893.0,0.0,0,313.56,3,1,74.41666666666667,3280
Male,52,No,Yes,0,2,63,No Offer,Yes,48.14,Yes,Yes,Cable,28,No,Yes,No,Yes,No,Yes,Yes,No,Two Year,No,Credit Card,67.25,4234.15,0.0,150,3032.82,4,4,67.20873015873015,6438
Female,48,No,Yes,0,5,33,No Offer,Yes,20.02,No,Yes,Fiber Optic,27,No,No,Yes,No,Yes,Yes,Yes,Yes,One Year,Yes,Bank Withdrawal,93.8,3124.5,0.0,0,660.66,3,5,94.68181818181819,5080
Male,35,No,Yes,2,4,46,No Offer,Yes,14.91,No,No,No Internet,0,No,No,No,No,No,No,No,No,Two Year,Yes,Mailed Check,20.1,936.85,0.0,0,685.86,5,0,20.366304347826087,3392
Male,75,Yes,Yes,0,4,6,No Offer,Yes,16.87,Yes,Yes,Fiber Optic,17,No,No,Yes,No,No,No,No,No,Two Year,Yes,Bank Withdrawal,80.8,457.1,0.0,30,101.22,5,1,76.18333333333334,5611
Female,53,No,No,0,0,12,Offer D,Yes,16.72,No,No,No Internet,0,No,No,No,No,No,No,No,No,One Year,Yes,Bank Withdrawal,19.35,219.35,0.0,0,200.64,5,0,18.279166666666665,4451
Female,24,No,No,2,0,8,Offer E,Yes,15.66,No,No,No Internet,0,No,No,No,No,No,No,No,No,Month-to-Month,No,Credit Card,20.05,163.6,0.0,0,125.28,4,0,20.45,2675
Male,45,No,No,0,0,12,Offer D,No,0.0,No,Yes,DSL,9,Yes,Yes,No,Yes,Yes,No,No,Yes,Month-to-Month,Yes,Bank Withdrawal,50.95,605.75,0.0,0,0.0,3,5,50.479166666666664,2716
Female,39,No,No,0,0,50,Offer B,Yes,48.45,Yes,Yes,DSL,14,No,Yes,No,Yes,Yes,Yes,Yes,Yes,Two Year,Yes,Mailed Check,79.6,4024.2,0.0,0,2422.5,4,6,80.484,5592
Female,40,No,Yes,0,7,21,No Offer,Yes,14.81,No,Yes,Fiber Optic,25,No,No,No,Yes,Yes,No,No,Yes,Month-to-Month,Yes,Bank Withdrawal,86.05,1818.9,0.0,0,311.01,3,3,86.61428571428571,2937
Male,46,No,No,0,0,34,No Offer,Yes,17.09,No,Yes,DSL,16,Yes,No,Yes,No,No,No,No,Yes,One Year,No,Mailed Check,56.95,1889.5,0.0,0,581.06,3,3,55.5735294117647,3441
Male,63,No,Yes,0,7,12,No Offer,Yes,49.39,No,Yes,DSL,5,No,No,Yes,Yes,Yes,Yes,Yes,Yes,Month-to-Month,Yes,Bank Withdrawal,74.15,741.4,0.0,0,592.68,4,6,61.78333333333333,5426
Male,76,Yes,No,2,0,38,No Offer,Yes,45.13,Yes,Yes,Fiber Optic,27,Yes,No,No,No,No,No,No,Yes,Two Year,Yes,Credit Card,80.45,3162.65,0.0,0,1714.94,3,2,83.22763157894737,2926
Male,39,No,No,0,0,1,No Offer,Yes,25.77,No,Yes,Cable,5,No,No,No,Yes,No,No,No,Yes,Month-to-Month,No,Credit Card,49.05,49.05,0.0,0,25.77,3,2,49.05,3178
Male,71,Yes,Yes,0,0,21,No Offer,Yes,22.3,No,Yes,Fiber Optic,9,No,No,Yes,No,Yes,No,No,Yes,Month-to-Month,No,Bank Withdrawal,86.55,1857.25,0.0,0,468.3,5,3,88.44047619047619,5318
Male,51,No,Yes,0,2,23,Offer D,Yes,16.63,No,Yes,Fiber Optic,22,No,Yes,Yes,Yes,No,No,No,No,One Year,No,Credit Card,86.8,1940.8,0.0,90,382.49,4,3,84.38260869565217,3200
Male,50,No,No,3,0,3,No Offer,Yes,19.58,No,No,No Internet,0,No,No,No,No,No,No,No,No,Month-to-Month,No,Credit Card,20.85,60.65,0.0,0,58.74,4,0,20.216666666666665,5868
Female,40,No,No,0,0,72,No Offer,Yes,9.47,Yes,Yes,Fiber Optic,21,No,No,Yes,Yes,Yes,Yes,Yes,No,Two Year,Yes,Credit Card,107.5,7853.7,0.0,60,681.84,3,5,109.07916666666667,4708
Female,49,No,No,0,0,1,No Offer,Yes,2.85,No,No,No Internet,0,No,No,No,No,No,No,No,No,Month-to-Month,No,Credit Card,19.4,19.4,0.0,0,2.85,3,0,19.4,5566
Male,63,No,No,0,0,50,No Offer,Yes,27.04,Yes,Yes,DSL,2,No,No,Yes,Yes,No,Yes,Yes,Yes,Two Year,No,Bank Withdrawal,69.5,3418.2,5.73,0,1352.0,5,5,68.36399999999999,4145
Male,49,No,No,0,0,4,No Offer,Yes,27.04,No,No,No Internet,0,No,No,No,No,No,No,No,No,Month-to-Month,Yes,Credit Card,20.7,83.75,0.0,0,108.16,4,0,20.9375,3027
Male,77,Yes,Yes,0,0,72,No Offer,Yes,28.99,Yes,No,No Internet,0,No,No,No,No,No,No,No,No,Two Year,Yes,Bank Withdrawal,25.0,1802.55,28.93,0,2087.28,5,0,25.035416666666666,4055
Female,57,No,No,0,0,2,No Offer,Yes,33.75,No,Yes,Fiber Optic,10,No,No,No,No,No,No,No,Yes,Month-to-Month,Yes,Bank Withdrawal,70.15,123.8,0.0,0,67.5,3,1,61.9,4840
Female,58,No,No,0,0,1,Offer E,Yes,46.17,No,Yes,Fiber Optic,30,No,No,No,No,No,No,No,Yes,Month-to-Month,Yes,Bank Withdrawal,70.1,70.1,0.0,0,46.17,3,1,70.1,2007
Male,43,No,No,2,0,22,Offer D,Yes,34.07,No,No,No Internet,0,No,No,No,No,No,No,No,No,Month-to-Month,No,Credit Card,20.15,432.5,0.0,0,749.54,5,0,19.65909090909091,2722
Female,28,No,No,0,0,67,Offer A,Yes,35.99,No,Yes,DSL,73,Yes,Yes,No,Yes,No,No,No,Yes,One Year,No,Credit Card,60.5,3870.0,0.0,0,2411.33,3,4,57.76119402985075,4363
Female,46,No,Yes,0,1,33,No Offer,Yes,11.32,Yes,Yes,Fiber Optic,12,No,Yes,Yes,No,Yes,Yes,Yes,Yes,Month-to-Month,Yes,Bank Withdrawal,104.4,3409.6,0.0,0,373.56,1,6,103.32121212121211,3185
Female,55,No,No,2,0,22,No Offer,No,0.0,No,Yes,DSL,29,No,No,Yes,No,Yes,Yes,Yes,Yes,One Year,Yes,Credit Card,49.45,1031.4,0.0,0,0.0,3,5,46.88181818181818,5941
Female,22,No,No,0,0,34,No Offer,Yes,20.75,No,Yes,DSL,27,Yes,No,Yes,Yes,Yes,No,No,Yes,Two Year,No,Credit Card,67.65,2339.3,0.0,0,705.5,3,5,68.8029411764706,4263
Male,57,No,Yes,1,6,12,No Offer,Yes,46.06,No,No,No Internet,0,No,No,No,No,No,No,No,No,Month-to-Month,No,Credit Card,20.5,255.5,0.0,0,552.72,3,0,21.291666666666668,2891
Female,68,Yes,Yes,0,1,54,No Offer,Yes,22.05,No,Yes,Fiber Optic,17,No,No,Yes,Yes,Yes,Yes,Yes,Yes,One Year,Yes,Bank Withdrawal,99.1,5437.1,0.0,0,1190.7,5,6,100.68703703703704,4118
Female,61,No,Yes,0,4,7,No Offer,Yes,31.43,No,Yes,DSL,24,No,No,No,No,No,No,No,No,Month-to-Month,Yes,Credit Card,44.25,313.45,0.0,0,220.01,5,0,44.778571428571425,5014
Male,55,No,Yes,0,10,47,Offer B,Yes,14.14,No,Yes,DSL,28,No,Yes,Yes,No,Yes,Yes,Yes,Yes,Two Year,No,Bank Withdrawal,73.6,3522.65,0.0,0,664.58,4,6,74.95,4795
Male,37,No,No,0,0,10,No Offer,Yes,8.38,No,Yes,Fiber Optic,2,Yes,Yes,Yes,No,Yes,Yes,Yes,Yes,Month-to-Month,Yes,Bank Withdrawal,104.4,1081.45,0.0,0,83.8,1,7,108.14500000000001,5035
Male,28,No,Yes,2,9,62,No Offer,Yes,47.96,No,No,No Internet,0,No,No,No,No,No,No,No,No,One Year,No,Bank Withdrawal,19.95,1244.8,0.0,0,2973.52,4,0,20.07741935483871,4803
Male,24,No,Yes,0,3,36,Offer C,Yes,41.33,No,Yes,Fiber Optic,41,Yes,No,No,No,Yes,Yes,Yes,Yes,Month-to-Month,Yes,Bank Withdrawal,93.6,3366.05,16.56,0,1487.88,4,5,93.5013888888889,2701
Female,27,No,No,0,0,9,No Offer,Yes,24.81,No,Yes,Cable,69,No,Yes,No,Yes,Yes,No,No,No,Month-to-Month,No,Mailed Check,66.25,620.55,0.0,10,223.29,3,3,68.94999999999999,5515
Male,46,No,No,0,0,38,No Offer,Yes,46.21,No,Yes,Cable,14,No,No,Yes,Yes,No,Yes,Yes,Yes,One Year,Yes,Credit Card,62.3,2354.8,0.0,0,1755.98,3,5,61.968421052631584,3818
Female,69,Yes,Yes,0,4,65,No Offer,Yes,48.53,Yes,Yes,Fiber Optic,9,No,Yes,Yes,No,Yes,Yes,No,Yes,Two Year,Yes,Bank Withdrawal,108.8,7082.45,21.52,0,3154.45,5,5,108.96076923076923,5225
Male,39,No,Yes,2,1,68,Offer A,No,0.0,No,Yes,DSL,19,Yes,Yes,No,No,Yes,No,No,Yes,One Year,No,Credit Card,44.8,2983.65,0.0,0,0.0,3,4,43.87720588235294,4112
Female,74,Yes,No,0,0,26,No Offer,Yes,47.63,Yes,Yes,Fiber Optic,26,Yes,Yes,No,No,No,Yes,No,No,Month-to-Month,Yes,Bank Withdrawal,95.0,2497.2,0.0,60,1238.38,1,3,96.04615384615384,4232
Male,31,No,Yes,0,9,65,No Offer,Yes,30.44,Yes,Yes,Fiber Optic,20,Yes,Yes,Yes,No,Yes,No,No,Yes,Two Year,Yes,Bank Withdrawal,99.35,6347.55,0.0,0,1978.6,4,5,97.65461538461538,6300
Female,59,No,Yes,3,5,22,Offer D,Yes,33.46,No,Yes,Fiber Optic,29,No,No,No,No,No,Yes,Yes,Yes,Month-to-Month,Yes,Bank Withdrawal,80.15,1790.65,0.0,0,736.12,5,3,81.39318181818182,4732
Female,43,No,Yes,3,3,48,No Offer,No,0.0,No,Yes,DSL,22,Yes,No,Yes,No,No,Yes,Yes,Yes,One Year,No,Credit Card,45.0,2196.3,0.0,0,0.0,3,5,45.75625,5269
Female,64,No,Yes,0,2,10,No Offer,No,0.0,No,Yes,DSL,8,Yes,Yes,Yes,Yes,Yes,No,No,Yes,Two Year,No,Credit Card,56.05,560.5,0.0,0,0.0,4,6,56.05,4740
Female,39,No,Yes,0,6,66,Offer A,Yes,42.23,Yes,Yes,Fiber Optic,30,No,Yes,Yes,No,Yes,Yes,Yes,Yes,Month-to-Month,Yes,Bank Withdrawal,105.2,6936.85,0.0,0,2787.18,4,6,105.10378787878788,4016
Male,53,No,No,0,0,35,No Offer,Yes,7.74,No,No,No Internet,0,No,No,No,No,No,No,No,No,One Year,Yes,Credit Card,19.15,638.0,0.0,0,270.9,3,0,18.228571428571428,4052
Male,53,No,No,0,0,1,No Offer,Yes,15.91,No,No,No Internet,0,No,No,No,No,No,No,No,No,Month-to-Month,No,Bank Withdrawal,20.55,20.55,0.0,0,15.91,2,0,20.55,5636
Female,45,No,Yes,2,1,71,No Offer,Yes,31.03,No,No,No Internet,0,No,No,No,No,No,No,No,No,Two Year,No,Bank Withdrawal,20.1,1389.6,0.0,0,2203.13,3,0,19.57183098591549,5043
Female,54,No,Yes,3,3,5,No Offer,Yes,47.06,No,Yes,Cable,52,Yes,No,No,No,No,No,No,No,Month-to-Month,Yes,Mailed Check,49.4,232.55,0.0,10,235.3,4,1,46.510000000000005,5756
Female,55,No,Yes,0,1,3,No Offer,Yes,16.29,Yes,Yes,Fiber Optic,24,No,No,No,No,No,No,No,Yes,Month-to-Month,Yes,Credit Card,74.1,228.0,0.0,0,48.87,1,1,76.0,5657
Male,44,No,Yes,0,6,34,Offer C,Yes,4.42,No,No,No Internet,0,No,No,No,No,No,No,No,No,Two Year,No,Credit Card,20.05,679.0,0.0,0,150.28,3,0,19.970588235294116,2236
Female,34,No,No,0,0,15,Offer D,Yes,26.54,Yes,Yes,DSL,18,No,No,No,No,No,No,No,Yes,Month-to-Month,Yes,Credit Card,48.8,720.1,0.0,0,398.1,4,1,48.00666666666667,2577
Male,53,No,Yes,3,3,72,No Offer,No,0.0,No,Yes,DSL,53,Yes,No,Yes,Yes,Yes,No,No,Yes,Two Year,No,Mailed Check,48.9,3527.0,34.44,0,0.0,3,5,48.986111111111114,5415
Female,78,Yes,Yes,1,1,25,Offer C,Yes,19.76,No,Yes,Fiber Optic,12,No,Yes,Yes,No,Yes,Yes,No,Yes,Month-to-Month,Yes,Bank Withdrawal,98.5,2514.5,13.43,0,494.0,2,5,100.58,5337
Female,61,No,No,0,0,35,No Offer,Yes,2.15,No,Yes,DSL,7,No,No,Yes,No,No,Yes,Yes,Yes,Month-to-Month,Yes,Bank Withdrawal,62.1,2096.1,0.0,0,75.25,4,4,59.888571428571424,5315
Male,22,No,Yes,3,4,72,No Offer,Yes,8.33,Yes,Yes,Fiber Optic,59,Yes,No,Yes,No,Yes,Yes,Yes,No,Two Year,Yes,Bank Withdrawal,105.55,7542.25,0.0,10,599.76,3,5,104.75347222222223,4331
Female,23,No,Yes,0,4,22,No Offer,Yes,4.01,No,Yes,Cable,53,No,Yes,No,No,No,Yes,Yes,Yes,Month-to-Month,No,Bank Withdrawal,83.3,1845.9,0.0,0,88.22,1,4,83.90454545454546,3804
Male,51,No,No,0,0,22,Offer D,No,0.0,No,Yes,DSL,16,No,Yes,Yes,No,No,Yes,Yes,Yes,One Year,Yes,Bank Withdrawal,43.75,903.6,0.0,0,0.0,3,5,41.07272727272727,3099
Female,73,Yes,Yes,0,0,66,No Offer,Yes,44.01,Yes,Yes,Cable,17,No,Yes,Yes,No,Yes,No,No,Yes,One Year,Yes,Bank Withdrawal,70.85,4738.85,0.0,0,2904.66,5,4,71.80075757575759,5572
Female,22,No,No,0,0,2,Offer E,Yes,18.7,No,Yes,DSL,59,No,No,No,No,No,No,No,Yes,Month-to-Month,No,Bank Withdrawal,44.45,82.7,0.0,0,37.4,3,1,41.35,5694
Female,70,Yes,No,2,0,15,Offer D,Yes,44.07,Yes,Yes,Fiber Optic,19,No,No,No,No,No,No,No,Yes,Month-to-Month,Yes,Mailed Check,74.45,1145.7,0.0,0,661.05,2,1,76.38000000000001,5717
Male,36,No,No,2,0,70,Offer A,Yes,26.67,Yes,Yes,Fiber Optic,17,Yes,Yes,Yes,Yes,Yes,Yes,Yes,Yes,Two Year,Yes,Bank Withdrawal,114.6,7882.5,0.0,0,1866.9,4,8,112.60714285714286,5414
Female,44,No,Yes,0,8,60,Offer B,Yes,15.54,Yes,Yes,Fiber Optic,19,Yes,Yes,No,No,No,Yes,Yes,Yes,Month-to-Month,Yes,Credit Card,94.1,5475.9,0.0,0,932.4,3,5,91.265,5267
Male,28,No,Yes,3,1,37,No Offer,Yes,35.67,No,Yes,DSL,76,Yes,No,Yes,Yes,No,No,No,Yes,One Year,Yes,Credit Card,58.75,2203.1,0.0,0,1319.79,4,4,59.54324324324324,3483
Male,42,No,No,0,0,52,No Offer,Yes,47.9,No,Yes,DSL,3,Yes,No,Yes,No,No,No,No,Yes,One Year,No,Bank Withdrawal,53.75,2790.65,43.12,0,2490.8,3,3,53.666346153846156,5957
Female,73,Yes,Yes,0,3,12,No Offer,Yes,37.15,No,Yes,DSL,13,Yes,No,Yes,Yes,Yes,Yes,Yes,No,One Year,Yes,Bank Withdrawal,79.2,943.85,0.0,20,445.8,4,6,78.65416666666667,3355
Female,23,No,No,0,0,1,Offer E,Yes,44.11,No,Yes,Fiber Optic,69,No,Yes,No,No,No,No,Yes,Yes,Month-to-Month,Yes,Bank Withdrawal,74.7,74.7,0.0,0,44.11,1,3,74.7,4692
Female,59,No,No,2,0,19,Offer D,Yes,4.03,No,Yes,Cable,26,No,No,No,Yes,No,No,No,Yes,Month-to-Month,No,Credit Card,48.8,953.65,0.0,0,76.57,3,2,50.19210526315789,3749
Male,73,Yes,Yes,0,10,29,No Offer,Yes,32.03,No,Yes,Fiber Optic,16,Yes,No,Yes,No,No,Yes,Yes,Yes,One Year,No,Bank Withdrawal,90.1,2656.7,0.0,0,928.87,3,5,91.6103448275862,3553
Female,57,No,Yes,0,6,49,No Offer,No,0.0,No,Yes,Cable,11,Yes,No,No,No,Yes,No,No,Yes,Month-to-Month,No,Bank Withdrawal,40.65,2070.75,0.0,0,0.0,4,3,42.26020408163265,5565
Male,71,Yes,No,0,0,1,Offer E,Yes,15.28,No,Yes,Cable,14,No,No,No,No,No,No,No,Yes,Month-to-Month,No,Bank Withdrawal,45.1,45.1,0.0,0,15.28,2,1,45.1,4499
Male,52,No,No,2,0,47,Offer B,Yes,25.25,No,Yes,Cable,17,Yes,Yes,No,No,No,No,No,Yes,Month-to-Month,Yes,Bank Withdrawal,55.3,2654.05,0.0,0,1186.75,3,3,56.469148936170214,5491
Female,44,No,No,0,0,1,Offer E,Yes,7.34,Yes,Yes,Fiber Optic,11,No,No,No,No,Yes,No,No,No,Month-to-Month,Yes,Bank Withdrawal,84.6,84.6,0.0,0,7.34,3,1,84.6,2196
Male,25,No,No,0,0,70,Offer A,No,0.0,No,Yes,DSL,59,No,No,No,Yes,No,Yes,Yes,Yes,Two Year,Yes,Mailed Check,40.05,2799.75,0.0,0,0.0,5,4,39.996428571428574,5055
Male,37,No,No,0,0,6,Offer E,Yes,23.01,No,Yes,DSL,13,No,No,No,Yes,No,No,No,No,Month-to-Month,No,Credit Card,50.05,288.35,0.0,40,138.06,5,1,48.05833333333334,3929
Male,50,No,Yes,0,2,56,No Offer,Yes,26.15,Yes,Yes,Fiber Optic,7,No,Yes,No,No,Yes,Yes,Yes,No,One Year,No,Credit Card,100.3,5614.45,0.0,100,1464.4,2,4,100.25803571428571,5170
Male,28,No,Yes,1,3,64,Offer B,Yes,14.93,No,No,No Internet,0,No,No,No,No,No,No,No,No,Two Year,Yes,Bank Withdrawal,19.7,1274.05,0.0,0,955.52,5,0,19.90703125,5431
Female,50,No,Yes,3,6,50,Offer B,Yes,49.18,Yes,Yes,DSL,76,Yes,Yes,Yes,Yes,No,Yes,Yes,Yes,One Year,Yes,Bank Withdrawal,80.05,4042.2,0.0,0,2459.0,3,7,80.844,5823
Female,47,No,No,0,0,18,No Offer,Yes,12.67,Yes,Yes,Fiber Optic,23,No,No,No,Yes,Yes,No,No,Yes,Month-to-Month,Yes,Bank Withdrawal,88.35,1639.3,0.0,0,228.06,3,3,91.07222222222222,5727
Male,63,No,No,0,0,18,No Offer,Yes,4.38,Yes,Yes,Fiber Optic,20,No,No,No,No,No,No,No,Yes,Month-to-Month,No,Credit Card,74.15,1387.0,0.0,0,78.84,5,1,77.05555555555556,2643
Male,20,No,No,0,0,1,Offer E,Yes,7.15,No,Yes,Fiber Optic,48,No,No,No,No,Yes,Yes,Yes,Yes,Month-to-Month,Yes,Bank Withdrawal,90.55,90.55,0.0,0,7.15,1,4,90.55,3898
Male,70,Yes,Yes,0,1,3,Offer E,Yes,32.31,Yes,Yes,Fiber Optic,27,No,No,No,No,Yes,Yes,No,Yes,Month-to-Month,Yes,Bank Withdrawal,94.6,279.55,0.0,0,96.93,1,3,93.18333333333334,3019
Male,25,No,Yes,0,1,1,No Offer,Yes,43.67,No,Yes,Fiber Optic,73,No,No,No,No,Yes,No,Yes,No,Month-to-Month,Yes,Bank Withdrawal,80.55,80.55,0.0,0,43.67,1,2,80.55,4273
Male,34,No,Yes,1,6,25,Offer C,Yes,37.97,No,Yes,DSL,22,Yes,No,No,Yes,No,No,No,Yes,Month-to-Month,No,Bank Withdrawal,54.3,1296.8,0.0,0,949.25,4,3,51.872,3971
Female,70,Yes,Yes,0,9,52,No Offer,Yes,27.74,Yes,Yes,Fiber Optic,18,No,Yes,Yes,No,Yes,Yes,No,No,One Year,Yes,Bank Withdrawal,106.5,5621.85,0.0,90,1442.48,5,4,108.11250000000001,4499
Male,69,Yes,No,0,0,36,Offer C,Yes,23.33,Yes,Yes,Fiber Optic,23,Yes,No,No,No,Yes,No,No,Yes,Month-to-Month,Yes,Bank Withdrawal,90.85,3186.7,0.0,0,839.88,1,3,88.51944444444445,5692
Male,64,No,Yes,0,7,56,No Offer,Yes,32.93,Yes,No,No Internet,0,No,No,No,No,No,No,No,No,One Year,Yes,Mailed Check,24.45,1431.65,0.0,0,1844.08,3,0,25.56517857142857,5623
Male,71,Yes,Yes,0,7,66,No Offer,Yes,7.86,Yes,Yes,Fiber Optic,26,No,Yes,Yes,Yes,Yes,Yes,No,Yes,One Year,Yes,Bank Withdrawal,107.35,7051.95,39.18,0,518.76,4,6,106.84772727272727,4138
Male,73,Yes,Yes,0,10,33,No Offer,Yes,44.54,No,Yes,Fiber Optic,18,Yes,Yes,No,Yes,No,Yes,No,Yes,One Year,Yes,Bank Withdrawal,93.55,3055.5,0.0,0,1469.82,4,5,92.5909090909091,4414
Male,69,Yes,Yes,0,1,53,Offer B,Yes,7.94,Yes,Yes,Fiber Optic,6,No,Yes,No,No,Yes,Yes,No,Yes,Month-to-Month,Yes,Bank Withdrawal,101.9,5549.4,0.0,0,420.82,1,4,104.70566037735848,5884
Female,33,No,Yes,0,9,1,No Offer,No,0.0,No,Yes,DSL,14,No,No,No,No,No,Yes,Yes,Yes,Month-to-Month,No,Bank Withdrawal,35.0,35.0,0.0,0,0.0,3,3,35.0,4099
Male,31,No,Yes,0,1,3,No Offer,Yes,26.71,No,Yes,Fiber Optic,11,No,No,No,No,No,No,No,Yes,Month-to-Month,Yes,Bank Withdrawal,70.3,208.85,0.0,0,80.13,1,1,69.61666666666666,3038
Male,37,No,Yes,1,1,22,Offer D,Yes,37.4,No,No,No Internet,0,No,No,No,No,No,No,No,No,One Year,No,Credit Card,19.95,433.5,0.0,0,822.8,3,0,19.704545454545453,2233
Female,59,No,Yes,3,3,43,Offer B,Yes,27.49,Yes,Yes,Fiber Optic,53,No,No,Yes,No,No,Yes,Yes,Yes,Month-to-Month,Yes,Bank Withdrawal,92.55,4039.0,0.0,0,1182.07,3,4,93.93023255813954,3853
Male,43,No,No,0,0,4,Offer E,Yes,31.57,Yes,Yes,Fiber Optic,18,Yes,No,No,No,Yes,No,No,Yes,Month-to-Month,No,Bank Withdrawal,90.65,367.95,0.0,0,126.28,3,3,91.9875,3559
Female,46,No,No,0,0,63,No Offer,Yes,5.17,Yes,Yes,Fiber Optic,16,Yes,Yes,Yes,No,Yes,Yes,Yes,Yes,Month-to-Month,No,Credit Card,108.25,6780.1,0.0,0,325.71,3,7,107.62063492063493,5331
Female,64,No,Yes,0,7,69,No Offer,Yes,39.88,Yes,Yes,Cable,17,Yes,No,Yes,Yes,No,No,No,No,Two Year,Yes,Credit Card,64.15,4254.1,0.0,40,2751.72,3,3,61.6536231884058,5128
Female,51,No,No,0,0,22,No Offer,No,0.0,No,Yes,Cable,22,No,Yes,No,No,Yes,Yes,Yes,Yes,Month-to-Month,Yes,Bank Withdrawal,50.35,1098.85,0.0,0,0.0,3,5,49.94772727272727,2875
Male,29,No,No,1,0,1,No Offer,Yes,7.57,No,No,No Internet,0,No,No,No,No,No,No,No,No,Month-to-Month,No,Credit Card,20.75,20.75,0.0,0,7.57,5,0,20.75,3358
Male,39,No,No,0,0,4,No Offer,Yes,9.98,Yes,Yes,DSL,13,No,No,No,No,No,No,No,Yes,Month-to-Month,No,Credit Card,51.75,201.1,0.0,0,39.92,1,1,50.275,3865
Female,44,No,No,0,0,18,Offer D,Yes,15.01,No,Yes,Fiber Optic,22,Yes,No,No,No,No,No,No,Yes,Month-to-Month,Yes,Bank Withdrawal,75.4,1380.4,0.0,0,270.18,4,2,76.6888888888889,4792
Female,56,No,Yes,0,6,72,No Offer,No,0.0,No,Yes,DSL,4,Yes,Yes,Yes,Yes,Yes,Yes,Yes,Yes,Two Year,No,Bank Withdrawal,65.5,4919.7,0.0,0,0.0,3,8,68.32916666666667,4119
Female,44,No,Yes,3,7,58,No Offer,Yes,22.65,No,Yes,Cable,25,No,No,No,No,No,No,No,No,One Year,Yes,Credit Card,44.1,2413.05,0.0,150,1313.7,4,0,41.60431034482759,5040
Male,57,No,Yes,0,1,4,No Offer,Yes,28.22,Yes,Yes,Fiber Optic,10,No,Yes,No,No,Yes,Yes,Yes,Yes,Month-to-Month,Yes,Bank Withdrawal,100.2,420.2,0.0,0,112.88,2,5,105.05,2650
Female,24,No,Yes,1,1,30,No Offer,Yes,12.85,No,No,No Internet,0,No,No,No,No,No,No,No,No,Two Year,No,Credit Card,19.7,599.25,49.79,0,385.5,3,0,19.975,5045
Male,40,No,Yes,0,8,72,No Offer,Yes,4.15,Yes,No,No Internet,0,No,No,No,No,No,No,No,No,Two Year,No,Credit Card,25.4,1797.1,0.0,0,298.8,5,0,24.959722222222222,6011
Female,43,No,No,0,0,48,Offer B,Yes,19.04,No,Yes,Fiber Optic,21,Yes,No,Yes,Yes,Yes,Yes,Yes,Yes,Two Year,Yes,Credit Card,102.5,4904.25,0.0,0,913.92,3,7,102.171875,3262
Male,28,No,Yes,0,0,72,No Offer,Yes,21.26,Yes,Yes,Fiber Optic,53,Yes,Yes,No,Yes,Yes,Yes,Yes,Yes,Two Year,Yes,Credit Card,108.95,7875.0,0.0,0,1530.72,4,7,109.375,5758
Female,28,No,No,0,0,2,No Offer,Yes,13.89,No,No,No Internet,0,No,No,No,No,No,No,No,No,Month-to-Month,Yes,Bank Withdrawal,20.7,39.85,0.0,0,27.78,4,0,19.925,2107
Female,47,No,No,2,0,43,No Offer,Yes,10.19,No,Yes,Fiber Optic,10,Yes,Yes,No,Yes,Yes,Yes,Yes,No,One Year,Yes,Credit Card,106.0,4532.3,0.0,130,438.17,4,6,105.40232558139536,3528
Male,24,No,No,0,0,69,No Offer,Yes,7.18,No,No,No Internet,0,No,No,No,No,No,No,No,No,Two Year,No,Credit Card,19.95,1399.35,0.0,0,495.42,4,0,20.280434782608694,4328
Male,79,Yes,No,0,0,29,Offer C,Yes,6.59,No,Yes,Fiber Optic,21,No,Yes,Yes,No,Yes,Yes,No,No,One Year,Yes,Bank Withdrawal,101.45,2948.6,0.0,60,191.11,4,4,101.67586206896551,5285
Male,42,No,Yes,3,2,62,No Offer,Yes,1.76,No,Yes,Fiber Optic,20,Yes,Yes,Yes,Yes,Yes,Yes,Yes,Yes,Two Year,No,Credit Card,108.15,6825.65,0.0,0,109.12,4,8,110.09112903225805,5298
Male,47,No,No,0,0,59,No Offer,Yes,47.17,No,No,No Internet,0,No,No,No,No,No,No,No,No,Two Year,Yes,Bank Withdrawal,20.2,1192.3,0.0,0,2783.03,4,0,20.208474576271186,5216
Female,37,No,No,0,0,1,No Offer,Yes,26.41,No,Yes,Cable,26,No,No,No,No,No,No,No,Yes,Month-to-Month,Yes,Bank Withdrawal,45.3,45.3,0.0,0,26.41,1,1,45.3,2293
Female,35,No,Yes,1,3,39,No Offer,Yes,32.57,No,No,No Internet,0,No,No,No,No,No,No,No,No,Two Year,Yes,Bank Withdrawal,19.85,854.8,0.0,0,1270.23,5,0,21.91794871794872,3032
Female,30,No,Yes,0,2,1,Offer E,Yes,23.63,No,Yes,Fiber Optic,52,No,No,No,No,Yes,No,No,Yes,Month-to-Month,Yes,Bank Withdrawal,79.35,79.35,0.0,0,23.63,2,2,79.35,3492
Male,40,No,No,0,0,1,No Offer,Yes,16.91,No,No,No Internet,0,No,No,No,No,No,No,No,No,Month-to-Month,No,Credit Card,19.65,19.65,0.0,0,16.91,3,0,19.65,3192
Male,22,No,Yes,2,5,16,Offer D,Yes,9.16,Yes,Yes,DSL,59,Yes,Yes,No,Yes,Yes,Yes,Yes,Yes,Month-to-Month,No,Bank Withdrawal,84.9,1398.25,0.0,0,146.56,3,7,87.390625,2269
Female,58,No,No,0,0,49,Offer B,Yes,7.51,No,Yes,DSL,13,No,No,Yes,Yes,Yes,Yes,Yes,Yes,Two Year,Yes,Bank Withdrawal,74.45,3721.9,0.0,0,367.99,5,6,75.95714285714286,4517
Male,78,Yes,Yes,0,1,5,No Offer,Yes,6.66,Yes,Yes,Fiber Optic,14,No,No,Yes,No,No,No,No,No,Month-to-Month,Yes,Bank Withdrawal,79.9,343.95,0.0,20,33.3,2,1,68.78999999999999,4324
Female,19,No,No,2,0,67,Offer A,Yes,18.74,Yes,Yes,Fiber Optic,59,No,Yes,No,Yes,Yes,Yes,Yes,Yes,One Year,Yes,Bank Withdrawal,106.6,7244.7,0.0,0,1255.58,4,6,108.12985074626866,5895
Male,31,No,No,0,0,5,No Offer,Yes,7.83,No,No,No Internet,0,No,No,No,No,No,No,No,No,Month-to-Month,No,Credit Card,20.25,109.8,0.0,0,39.15,3,0,21.96,5064
Female,73,Yes,No,0,0,46,No Offer,Yes,6.13,No,Yes,Fiber Optic,30,No,Yes,No,No,Yes,Yes,No,Yes,One Year,No,Credit Card,95.25,4424.2,0.0,0,281.98,2,4,96.17826086956521,3180
Male,47,No,Yes,0,1,70,No Offer,No,0.0,No,Yes,DSL,18,Yes,No,Yes,Yes,No,No,No,Yes,Two Year,Yes,Credit Card,39.15,2692.75,0.0,0,0.0,3,4,38.46785714285714,5840
Female,33,No,No,0,0,4,Offer E,Yes,6.36,Yes,No,No Internet,0,No,No,No,No,No,No,No,No,One Year,No,Bank Withdrawal,23.9,97.5,0.0,0,25.44,4,0,24.375,5685
Male,59,No,No,0,0,1,No Offer,Yes,4.04,No,Yes,Fiber Optic,6,No,No,No,No,Yes,No,No,Yes,Month-to-Month,Yes,Bank Withdrawal,79.55,79.55,0.0,0,4.04,2,2,79.55,5593
Female,37,No,Yes,3,1,55,No Offer,Yes,8.39,Yes,Yes,DSL,52,Yes,No,Yes,Yes,Yes,Yes,Yes,Yes,Two Year,Yes,Bank Withdrawal,85.1,4657.95,0.0,0,461.45,3,7,84.69,5661
Female,34,No,Yes,0,9,43,Offer B,No,0.0,No,Yes,Cable,21,Yes,No,No,Yes,No,No,No,Yes,Month-to-Month,No,Bank Withdrawal,34.0,1505.35,49.22,0,0.0,3,3,35.00813953488372,5409
Female,80,Yes,No,0,0,18,No Offer,Yes,2.36,Yes,Yes,Fiber Optic,21,No,Yes,No,Yes,No,No,No,Yes,Month-to-Month,Yes,Bank Withdrawal,85.45,1505.85,0.0,0,42.48,1,3,83.65833333333333,5145
Female,53,No,Yes,0,7,72,Offer A,Yes,17.28,Yes,Yes,DSL,11,Yes,Yes,Yes,No,Yes,Yes,Yes,Yes,Two Year,Yes,Credit Card,82.65,5919.35,0.0,0,1244.16,3,7,82.21319444444445,4324
Male,44,No,No,0,0,5,Offer E,Yes,40.15,Yes,Yes,Fiber Optic,19,No,No,No,No,Yes,Yes,Yes,Yes,Month-to-Month,Yes,Bank Withdrawal,94.85,462.8,0.0,0,200.75,3,4,92.56,5701
Female,19,No,No,0,0,26,Offer C,Yes,45.09,No,Yes,Fiber Optic,41,Yes,No,Yes,Yes,No,No,No,No,One Year,Yes,Credit Card,87.15,2274.1,0.0,20,1172.34,3,3,87.46538461538461,5689
Male,52,No,No,0,0,72,Offer A,Yes,24.53,Yes,Yes,Fiber Optic,12,No,Yes,Yes,No,Yes,Yes,Yes,Yes,Two Year,Yes,Bank Withdrawal,100.9,7459.05,0.0,0,1766.16,3,6,103.59791666666666,5781
Female,49,No,Yes,1,4,56,No Offer,Yes,12.97,No,Yes,Fiber Optic,28,No,No,No,No,Yes,Yes,Yes,Yes,One Year,No,Bank Withdrawal,88.9,4968.0,0.0,0,726.32,5,4,88.71428571428571,4170
Male,20,No,No,1,0,6,No Offer,Yes,17.53,No,No,No Internet,0,No,No,No,No,No,No,No,No,Month-to-Month,No,Credit Card,19.55,128.6,0.0,0,105.18,4,0,21.433333333333334,2309
Male,45,No,Yes,3,1,8,No Offer,Yes,30.77,No,Yes,DSL,75,No,No,No,No,No,No,No,Yes,Month-to-Month,No,Bank Withdrawal,44.65,369.15,0.0,0,246.16,3,1,46.14375,5724
Male,62,No,No,2,0,19,No Offer,Yes,36.16,No,No,No Internet,0,No,No,No,No,No,No,No,No,Two Year,No,Credit Card,20.85,467.5,0.0,0,687.04,4,0,24.605263157894736,2654
Female,53,No,Yes,0,4,72,No Offer,Yes,2.95,Yes,Yes,Cable,26,Yes,Yes,Yes,Yes,Yes,Yes,Yes,Yes,Two Year,Yes,Bank Withdrawal,91.15,6637.9,0.0,0,212.4,4,8,92.19305555555555,4311
Male,28,No,No,0,0,4,Offer E,Yes,43.77,No,Yes,DSL,41,No,No,No,No,No,No,Yes,Yes,Month-to-Month,Yes,Credit Card,44.8,176.2,0.0,0,175.08,4,2,44.05,5565
Male,48,No,No,0,0,23,No Offer,Yes,28.8,Yes,Yes,Cable,13,No,No,No,No,No,No,No,Yes,Month-to-Month,Yes,Bank Withdrawal,74.95,1710.45,0.0,0,662.4,3,1,74.36739130434783,5897
Female,72,Yes,Yes,0,4,70,Offer A,Yes,16.87,Yes,Yes,Fiber Optic,3,No,No,No,No,No,No,No,Yes,Two Year,Yes,Credit Card,75.65,5411.4,25.67,0,1180.9,4,1,77.30571428571427,4181
Female,29,No,Yes,3,5,48,No Offer,No,0.0,No,Yes,DSL,52,Yes,Yes,No,Yes,No,No,No,No,Two Year,No,Credit Card,39.4,1978.65,0.0,130,0.0,4,3,41.221875000000004,5701
Male,39,No,Yes,0,1,32,Offer C,Yes,33.57,Yes,Yes,Fiber Optic,26,Yes,No,No,No,Yes,Yes,Yes,No,Month-to-Month,Yes,Credit Card,99.55,3204.65,35.82,110,1074.24,1,4,100.1453125,5026
Male,36,No,Yes,0,1,29,No Offer,Yes,11.24,No,Yes,Fiber Optic,16,No,No,No,No,No,No,No,Yes,Month-to-Month,Yes,Bank Withdrawal,70.75,1974.8,0.0,0,325.96,1,1,68.09655172413792,2663
Male,80,Yes,No,0,0,8,No Offer,Yes,14.89,No,Yes,Fiber Optic,20,No,No,No,No,No,No,No,Yes,Month-to-Month,Yes,Bank Withdrawal,69.7,560.85,0.0,0,119.12,1,1,70.10625,3068
Male,28,No,Yes,0,1,13,No Offer,No,0.0,No,Yes,Cable,71,Yes,No,No,Yes,Yes,Yes,Yes,Yes,Month-to-Month,Yes,Bank Withdrawal,54.45,706.85,0.0,0,0.0,1,6,54.37307692307692,5212
Female,63,No,No,0,0,67,No Offer,Yes,5.39,No,Yes,Cable,9,Yes,No,Yes,Yes,No,Yes,Yes,Yes,One Year,Yes,Bank Withdrawal,72.35,4991.5,0.0,0,361.13,3,6,74.5,4910
Female,19,No,No,0,0,2,Offer E,No,0.0,No,Yes,DSL,76,No,No,No,No,No,Yes,Yes,Yes,Month-to-Month,Yes,Bank Withdrawal,34.7,62.25,0.0,0,0.0,1,3,31.125,3146
Female,19,No,Yes,2,5,23,No Offer,Yes,27.24,No,Yes,Fiber Optic,82,Yes,Yes,No,Yes,No,No,No,Yes,Month-to-Month,No,Mailed Check,84.4,1936.85,0.0,0,626.52,3,4,84.2108695652174,2177
Female,38,No,No,0,0,20,No Offer,Yes,38.74,No,No,No Internet,0,No,No,No,No,No,No,No,No,One Year,No,Credit Card,19.5,403.15,0.0,0,774.8,3,0,20.1575,4700
Female,32,No,Yes,3,9,57,Offer B,Yes,26.67,No,No,No Internet,0,No,No,No,No,No,No,No,No,Two Year,Yes,Bank Withdrawal,20.1,1087.7,0.0,0,1520.19,5,0,19.082456140350878,5506
Female,39,No,Yes,0,1,34,No Offer,Yes,40.78,Yes,Yes,Fiber Optic,4,No,No,Yes,No,Yes,No,No,Yes,Month-to-Month,No,Bank Withdrawal,87.45,2874.15,0.0,0,1386.52,3,3,84.53382352941176,3358
Female,46,No,No,0,0,4,No Offer,Yes,12.58,No,Yes,Fiber Optic,19,No,No,No,No,No,No,No,Yes,Month-to-Month,Yes,Credit Card,70.05,266.9,0.0,0,50.32,1,1,66.725,3600
Male,79,Yes,No,0,0,32,No Offer,Yes,25.89,No,No,No Internet,0,No,No,No,No,No,No,No,No,One Year,No,Credit Card,19.8,587.7,0.0,0,828.48,4,0,18.365625,3836
Male,51,No,No,2,0,8,Offer E,Yes,25.73,Yes,Yes,Fiber Optic,19,No,No,No,No,No,Yes,Yes,Yes,Month-to-Month,No,Bank Withdrawal,84.5,662.65,33.21,0,205.84,2,3,82.83125,2152
Female,48,No,Yes,3,9,58,Offer B,Yes,11.81,No,No,No Internet,0,No,No,No,No,No,No,No,No,Two Year,Yes,Credit Card,19.85,1158.85,0.0,0,684.98,4,0,19.980172413793102,6440
Male,58,No,Yes,0,4,72,No Offer,Yes,40.49,Yes,Yes,Fiber Optic,15,No,Yes,Yes,No,Yes,Yes,Yes,Yes,Two Year,Yes,Bank Withdrawal,104.8,7470.1,0.0,0,2915.28,4,6,103.7513888888889,4165
Male,20,No,Yes,2,1,17,No Offer,No,0.0,No,Yes,DSL,52,Yes,No,Yes,No,Yes,No,No,Yes,One Year,No,Credit Card,44.45,792.15,0.0,0,0.0,3,4,46.59705882352941,3522
Male,59,No,Yes,1,1,34,Offer C,Yes,3.54,No,Yes,Fiber Optic,12,No,No,No,No,No,Yes,Yes,Yes,One Year,Yes,Bank Withdrawal,78.95,2647.2,0.0,0,120.36,3,3,77.85882352941177,2074
Female,62,No,Yes,2,8,29,No Offer,Yes,5.35,Yes,No,No Internet,0,No,No,No,No,No,No,No,No,Two Year,No,Credit Card,26.1,692.55,0.0,0,155.15,3,0,23.88103448275862,2828
Male,25,No,No,0,0,64,No Offer,Yes,5.49,Yes,Yes,DSL,69,Yes,Yes,Yes,Yes,Yes,No,No,No,One Year,No,Bank Withdrawal,81.25,5567.55,0.0,40,351.36,3,5,86.99296875,4761
Female,47,No,Yes,0,0,58,No Offer,Yes,40.16,No,Yes,DSL,20,Yes,Yes,No,No,Yes,No,No,No,Month-to-Month,Yes,Credit Card,65.25,3791.6,0.0,110,2329.28,3,3,65.37241379310345,5912
Female,22,No,Yes,0,5,65,No Offer,Yes,34.31,No,Yes,DSL,71,Yes,No,Yes,Yes,No,No,No,Yes,Two Year,No,Credit Card,58.9,3857.1,0.0,0,2230.15,4,4,59.339999999999996,5657
Male,19,No,No,2,0,12,Offer D,Yes,19.38,No,No,No Internet,0,No,No,No,No,No,No,No,No,Month-to-Month,No,Credit Card,21.05,235.8,0.0,0,232.56,3,0,19.650000000000002,4001
Male,19,No,Yes,0,4,62,Offer B,Yes,30.51,Yes,Yes,Fiber Optic,41,Yes,Yes,No,No,No,Yes,Yes,Yes,One Year,No,Bank Withdrawal,96.1,6001.45,0.0,0,1891.62,4,5,96.79758064516129,6139
Male,37,No,No,0,0,6,No Offer,Yes,43.37,Yes,Yes,Fiber Optic,12,No,No,No,Yes,No,Yes,Yes,Yes,Month-to-Month,Yes,Bank Withdrawal,87.95,522.35,0.0,0,260.22,3,4,87.05833333333334,2684
Female,44,No,Yes,2,3,52,No Offer,Yes,9.87,No,No,No Internet,0,No,No,No,No,No,No,No,No,Two Year,No,Credit Card,19.35,1031.7,0.0,0,513.24,5,0,19.840384615384615,5699
Male,45,No,No,0,0,72,No Offer,No,0.0,No,Yes,Cable,10,Yes,Yes,Yes,Yes,Yes,Yes,Yes,Yes,Two Year,Yes,Bank Withdrawal,65.55,4807.45,0.0,0,0.0,4,8,66.77013888888888,4266
Female,49,No,Yes,1,3,32,No Offer,Yes,46.66,No,Yes,DSL,17,Yes,Yes,No,Yes,No,No,No,Yes,Month-to-Month,No,Bank Withdrawal,61.4,1864.65,0.0,0,1493.12,3,4,58.2703125,2649
Male,61,No,Yes,0,8,17,Offer D,Yes,14.69,No,No,No Internet,0,No,No,No,No,No,No,No,No,One Year,No,Bank Withdrawal,19.9,329.75,0.0,0,249.73,3,0,19.397058823529413,3526
Female,29,No,No,0,0,3,No Offer,Yes,33.39,No,Yes,Fiber Optic,59,Yes,No,Yes,No,Yes,Yes,Yes,No,Month-to-Month,Yes,Credit Card,99.0,287.4,0.0,10,100.17,1,5,95.8,5236
Female,75,Yes,Yes,0,1,2,Offer E,Yes,6.86,No,Yes,DSL,20,No,Yes,No,No,No,No,No,Yes,Month-to-Month,No,Credit Card,50.15,115.1,0.0,0,13.72,1,2,57.55,5461
Male,54,No,No,0,0,19,Offer D,Yes,13.76,Yes,Yes,DSL,4,No,No,No,No,Yes,Yes,Yes,Yes,Month-to-Month,No,Mailed Check,69.6,1394.55,0.0,0,261.44,4,4,73.39736842105263,3349
Female,39,No,No,0,0,18,Offer D,Yes,8.95,No,No,No Internet,0,No,No,No,No,No,No,No,No,One Year,No,Bank Withdrawal,20.15,390.85,0.0,0,161.1,3,0,21.71388888888889,4931
Female,26,No,No,0,0,42,Offer B,Yes,33.46,Yes,Yes,Fiber Optic,52,Yes,No,Yes,No,Yes,Yes,Yes,Yes,Month-to-Month,Yes,Bank Withdrawal,105.2,4400.75,40.15,0,1405.32,1,6,104.7797619047619,2317
Female,71,Yes,No,0,0,45,No Offer,Yes,12.67,Yes,Yes,Fiber Optic,4,Yes,Yes,No,Yes,Yes,No,No,Yes,Two Year,Yes,Bank Withdrawal,97.05,4385.05,0.0,0,570.15,3,5,97.44555555555556,4735
Male,47,No,No,0,0,1,Offer E,Yes,17.07,Yes,Yes,DSL,3,Yes,Yes,No,No,No,No,No,Yes,Month-to-Month,No,Bank Withdrawal,61.15,61.15,0.0,0,17.07,4,3,61.15,4592
Male,64,No,No,0,0,34,Offer C,Yes,22.41,Yes,Yes,Fiber Optic,13,Yes,Yes,Yes,Yes,Yes,Yes,Yes,Yes,One Year,No,Credit Card,116.25,3899.05,0.0,0,761.94,3,8,114.6779411764706,4022
Female,32,No,No,0,0,1,No Offer,Yes,7.11,No,Yes,Fiber Optic,26,No,No,Yes,No,No,No,No,Yes,Month-to-Month,No,Bank Withdrawal,75.55,75.55,0.0,0,7.11,5,2,75.55,3503
Female,54,No,No,0,0,5,No Offer,Yes,37.97,No,No,No Internet,0,No,No,No,No,No,No,No,No,One Year,No,Bank Withdrawal,19.55,99.6,0.0,0,189.85,4,0,19.919999999999998,2575
Female,48,No,Yes,3,6,8,No Offer,Yes,17.2,No,No,No Internet,0,No,No,No,No,No,No,No,No,Two Year,No,Bank Withdrawal,19.5,159.35,0.0,0,137.6,4,0,19.91875,5206
Female,69,Yes,No,0,0,56,No Offer,Yes,46.67,Yes,Yes,Fiber Optic,18,Yes,Yes,No,No,No,Yes,Yes,Yes,Two Year,Yes,Bank Withdrawal,96.85,5219.65,0.0,0,2613.52,3,5,93.20803571428571,5679
Female,67,Yes,No,0,0,23,No Offer,Yes,17.62,No,Yes,Fiber Optic,25,Yes,No,No,No,No,No,No,No,One Year,Yes,Bank Withdrawal,75.4,1643.55,0.0,80,405.26,4,1,71.45869565217392,2491
Female,28,No,No,0,0,13,Offer D,Yes,17.02,Yes,Yes,Fiber Optic,41,Yes,Yes,No,No,Yes,No,No,Yes,Month-to-Month,Yes,Bank Withdrawal,96.65,1244.5,0.0,0,221.26,1,4,95.73076923076923,2110
Female,31,No,No,2,0,8,No Offer,Yes,12.15,Yes,Yes,Cable,26,No,No,Yes,No,Yes,Yes,Yes,Yes,Month-to-Month,Yes,Bank Withdrawal,99.65,820.5,0.0,0,97.2,3,5,102.5625,5372
Male,20,No,No,0,0,20,Offer D,Yes,31.02,No,No,No Internet,0,No,No,No,No,No,No,No,No,Month-to-Month,No,Credit Card,19.4,415.4,0.0,0,620.4,3,0,20.77,4958
Female,57,No,Yes,0,3,20,No Offer,Yes,28.79,Yes,Yes,Fiber Optic,16,No,Yes,Yes,No,Yes,Yes,Yes,Yes,Month-to-Month,Yes,Bank Withdrawal,105.85,2239.65,0.0,0,575.8,2,6,111.9825,4223
Female,54,No,Yes,0,4,55,Offer B,Yes,33.66,Yes,Yes,Fiber Optic,25,No,Yes,Yes,No,Yes,Yes,Yes,Yes,Month-to-Month,Yes,Credit Card,103.65,5676.65,0.0,0,1851.3,5,6,103.21181818181817,4768
Female,34,No,No,0,0,9,Offer E,Yes,10.07,Yes,Yes,Fiber Optic,26,No,No,No,No,Yes,Yes,Yes,No,Month-to-Month,Yes,Bank Withdrawal,94.75,889.9,0.0,30,90.63,2,3,98.87777777777778,2893
Female,26,No,No,0,0,2,Offer E,Yes,21.28,No,Yes,Cable,26,No,Yes,No,No,No,No,No,Yes,Month-to-Month,Yes,Credit Card,49.6,114.7,0.0,0,42.56,1,2,57.35,3599
Male,59,No,No,0,0,34,No Offer,No,0.0,No,Yes,Cable,28,No,No,No,No,No,No,No,Yes,Month-to-Month,Yes,Bank Withdrawal,25.05,852.7,0.0,0,0.0,4,1,25.079411764705885,3800
Female,35,No,Yes,1,5,72,Offer A,Yes,32.59,Yes,Yes,DSL,14,Yes,Yes,Yes,Yes,No,Yes,Yes,Yes,Two Year,Yes,Bank Withdrawal,79.5,5661.7,0.0,0,2346.48,3,7,78.63472222222222,4390
Male,19,No,No,1,0,71,No Offer,Yes,31.89,Yes,Yes,Fiber Optic,30,Yes,Yes,No,No,No,No,No,Yes,One Year,Yes,Credit Card,85.45,6028.95,0.0,0,2264.19,4,3,84.91478873239437,4777
Male,31,No,No,0,0,51,No Offer,No,0.0,No,Yes,DSL,2,Yes,No,No,Yes,No,Yes,Yes,Yes,Month-to-Month,Yes,Credit Card,44.45,2181.55,0.0,0,0.0,4,5,42.77549019607844,6087
Female,40,No,No,0,0,16,No Offer,Yes,12.92,No,Yes,Fiber Optic,12,No,No,No,No,Yes,No,No,No,Month-to-Month,Yes,Bank Withdrawal,81.0,1312.15,0.0,0,206.72,1,1,82.009375,2335
Female,40,No,Yes,0,2,71,Offer A,No,0.0,No,Yes,Cable,29,No,Yes,Yes,Yes,Yes,Yes,Yes,Yes,Two Year,No,Bank Withdrawal,58.25,4145.9,0.0,0,0.0,5,7,58.39295774647887,5224
Female,79,Yes,No,0,0,22,No Offer,Yes,5.09,Yes,Yes,Fiber Optic,23,No,No,No,No,No,No,No,No,Month-to-Month,Yes,Bank Withdrawal,74.4,1692.6,0.0,0,111.98,1,0,76.93636363636364,2407
Female,79,Yes,Yes,0,1,50,Offer B,Yes,37.12,Yes,Yes,Fiber Optic,4,No,Yes,No,No,Yes,No,No,No,Month-to-Month,Yes,Bank Withdrawal,88.05,4367.35,0.0,100,1856.0,3,2,87.34700000000001,5813
Male,66,Yes,No,0,0,2,No Offer,No,0.0,No,Yes,DSL,6,No,No,No,No,No,No,No,Yes,Month-to-Month,Yes,Credit Card,24.45,47.5,0.0,0,0.0,3,1,23.75,5573
Female,47,No,Yes,2,2,33,No Offer,Yes,31.59,Yes,Yes,Cable,18,No,No,Yes,Yes,Yes,Yes,Yes,No,One Year,Yes,Bank Withdrawal,79.15,2531.4,0.0,20,1042.47,5,5,76.70909090909092,3555
Female,27,No,Yes,0,4,40,Offer B,Yes,42.1,Yes,Yes,DSL,52,No,Yes,No,No,Yes,No,No,Yes,One Year,No,Bank Withdrawal,63.9,2635.0,0.0,0,1684.0,3,3,65.875,2654
Male,30,No,No,0,0,2,No Offer,Yes,12.59,No,Yes,Cable,76,Yes,No,Yes,No,No,No,No,Yes,Month-to-Month,No,Bank Withdrawal,53.45,119.5,0.0,0,25.18,4,3,59.75,3477
Male,46,No,Yes,0,1,61,No Offer,Yes,21.96,Yes,Yes,Fiber Optic,2,No,No,No,No,Yes,Yes,Yes,Yes,One Year,Yes,Bank Withdrawal,96.5,5673.7,0.0,0,1339.56,5,4,93.01147540983607,5926
Female,80,Yes,No,0,0,57,Offer B,Yes,36.89,Yes,Yes,Fiber Optic,17,Yes,No,Yes,Yes,No,Yes,Yes,Yes,Two Year,No,Credit Card,101.3,5779.6,0.0,0,2102.73,4,6,101.39649122807018,4421
Female,45,No,Yes,0,1,31,No Offer,Yes,30.07,No,No,No Internet,0,No,No,No,No,No,No,No,No,Month-to-Month,Yes,Credit Card,19.55,658.95,0.0,0,932.17,3,0,21.256451612903227,2687
Male,76,Yes,Yes,0,1,21,Offer D,Yes,19.74,No,Yes,Fiber Optic,18,No,No,No,No,No,No,No,Yes,Month-to-Month,Yes,Bank Withdrawal,69.1,1474.75,0.0,0,414.54,2,1,70.22619047619048,3853
Female,55,No,Yes,0,1,37,No Offer,Yes,30.16,Yes,Yes,Fiber Optic,4,Yes,No,Yes,Yes,No,Yes,Yes,Yes,One Year,Yes,Bank Withdrawal,99.2,3754.6,0.0,0,1115.92,1,6,101.47567567567567,3599
Female,78,Yes,No,0,0,35,Offer C,Yes,31.64,Yes,Yes,Fiber Optic,7,Yes,No,No,No,Yes,Yes,Yes,Yes,Month-to-Month,Yes,Bank Withdrawal,99.05,3554.6,0.0,0,1107.4,4,5,101.56,3484
Male,52,No,Yes,1,7,72,No Offer,Yes,15.96,No,Yes,DSL,26,Yes,Yes,No,Yes,Yes,No,No,Yes,Two Year,No,Bank Withdrawal,68.4,4855.35,0.0,0,1149.12,3,5,67.43541666666667,5504
Female,57,No,No,0,0,15,No Offer,Yes,30.54,No,Yes,DSL,11,Yes,No,Yes,Yes,No,No,No,Yes,Month-to-Month,No,Bank Withdrawal,58.95,955.15,0.0,0,458.1,4,4,63.67666666666666,4497
Male,54,No,No,0,0,1,No Offer,Yes,14.97,No,Yes,DSL,5,No,No,No,Yes,No,No,No,No,Month-to-Month,Yes,Bank Withdrawal,49.3,49.3,0.0,10,14.97,3,1,49.3,4209
Female,39,No,No,0,0,41,No Offer,Yes,6.61,No,No,No Internet,0,No,No,No,No,No,No,No,No,One Year,Yes,Credit Card,20.25,865.0,46.78,0,271.01,4,0,21.097560975609756,3972
Female,50,No,No,2,0,13,No Offer,No,0.0,No,Yes,Cable,19,No,Yes,No,No,No,No,No,No,Month-to-Month,No,Bank Withdrawal,30.15,382.2,0.0,10,0.0,5,1,29.4,3540
Male,25,No,Yes,2,6,45,No Offer,Yes,33.45,Yes,Yes,Fiber Optic,69,No,Yes,Yes,No,No,Yes,Yes,No,One Year,Yes,Credit Card,95.0,4368.85,0.0,60,1505.25,4,4,97.08555555555556,2719
Female,27,No,Yes,2,1,23,No Offer,Yes,25.54,Yes,No,No Internet,0,No,No,No,No,No,No,No,No,Two Year,Yes,Credit Card,25.6,514.75,0.0,0,587.42,5,0,22.380434782608695,5939
Female,45,No,No,0,0,62,No Offer,Yes,24.03,No,No,No Internet,0,No,No,No,No,No,No,No,No,Two Year,Yes,Credit Card,19.2,1123.65,0.0,0,1489.86,4,0,18.123387096774195,4937
Female,25,No,Yes,0,9,56,No Offer,Yes,42.81,Yes,Yes,Fiber Optic,51,No,No,No,No,Yes,No,No,Yes,Month-to-Month,Yes,Bank Withdrawal,85.6,4902.8,0.0,0,2397.36,4,2,87.55,6483
Male,52,No,Yes,1,1,68,No Offer,Yes,27.59,No,Yes,DSL,27,Yes,Yes,No,Yes,Yes,Yes,Yes,Yes,Two Year,No,Bank Withdrawal,82.85,5776.45,0.0,0,1876.12,4,7,84.94779411764705,5184
Female,75,Yes,No,0,0,38,Offer C,Yes,47.39,Yes,Yes,Fiber Optic,2,No,No,No,Yes,Yes,Yes,No,Yes,Month-to-Month,Yes,Bank Withdrawal,99.55,3734.25,0.0,0,1800.82,1,4,98.26973684210526,3474
Female,21,No,Yes,0,6,1,Offer E,Yes,16.06,No,Yes,DSL,59,Yes,Yes,No,No,No,No,Yes,Yes,Month-to-Month,Yes,Credit Card,53.55,53.55,0.0,0,16.06,4,4,53.55,4504
Female,69,Yes,No,0,0,32,No Offer,Yes,19.92,No,Yes,DSL,14,No,Yes,No,Yes,No,No,No,No,One Year,No,Bank Withdrawal,54.65,1830.1,0.0,10,637.44,5,2,57.190625,4045
Male,19,No,Yes,1,1,30,No Offer,Yes,10.24,Yes,Yes,Fiber Optic,48,No,Yes,No,Yes,No,No,Yes,Yes,Month-to-Month,Yes,Bank Withdrawal,83.55,2570.2,0.0,0,307.2,3,4,85.67333333333333,3558
Male,37,No,Yes,1,3,61,Offer B,Yes,43.08,No,Yes,Fiber Optic,19,No,Yes,Yes,Yes,Yes,Yes,Yes,Yes,One Year,No,Credit Card,103.9,6449.15,0.0,0,2627.88,5,7,105.72377049180328,4079
Male,46,No,No,0,0,3,Offer E,Yes,13.72,No,Yes,Fiber Optic,26,No,Yes,No,No,No,Yes,Yes,Yes,Month-to-Month,No,Bank Withdrawal,84.3,235.05,0.0,0,41.16,5,4,78.35000000000001,5828
Female,33,No,Yes,0,5,71,No Offer,Yes,43.37,Yes,No,No Internet,0,No,No,No,No,No,No,No,No,Two Year,Yes,Bank Withdrawal,24.65,1710.15,0.0,0,3079.27,4,0,24.086619718309862,4015
Male,32,No,Yes,3,8,9,Offer E,Yes,23.42,Yes,Yes,Fiber Optic,30,No,Yes,Yes,No,Yes,Yes,Yes,Yes,Month-to-Month,Yes,Credit Card,102.6,897.75,0.0,0,210.78,5,6,99.75,4062
Female,55,No,No,0,0,24,No Offer,Yes,47.31,No,No,No Internet,0,No,No,No,No,No,No,No,No,One Year,No,Bank Withdrawal,21.05,531.55,0.0,0,1135.44,5,0,22.147916666666664,2050
Female,29,No,Yes,0,4,1,Offer E,No,0.0,No,Yes,DSL,29,No,No,No,No,No,No,Yes,Yes,Month-to-Month,Yes,Bank Withdrawal,24.8,24.8,0.0,0,0.0,1,2,24.8,4851
Female,73,Yes,Yes,0,4,71,Offer A,Yes,43.99,Yes,Yes,Fiber Optic,17,Yes,No,No,No,No,No,No,Yes,Two Year,Yes,Credit Card,80.7,5676.0,0.0,0,3123.29,3,2,79.94366197183099,4583
Female,35,No,No,0,0,20,Offer D,Yes,4.15,No,Yes,Cable,18,No,No,No,No,No,No,No,Yes,Month-to-Month,Yes,Bank Withdrawal,44.35,927.15,0.0,0,83.0,4,1,46.3575,3460
Female,43,No,No,0,0,15,No Offer,Yes,16.82,No,Yes,Fiber Optic,26,No,Yes,Yes,No,Yes,Yes,Yes,Yes,Month-to-Month,Yes,Bank Withdrawal,101.25,1457.25,0.0,0,252.3,3,6,97.15,3968
Male,32,No,No,0,0,5,No Offer,Yes,21.01,No,No,No Internet,0,No,No,No,No,No,No,No,No,Month-to-Month,Yes,Credit Card,19.25,86.05,0.0,0,105.05,3,0,17.21,3056
Male,19,No,No,0,0,26,Offer C,Yes,49.87,Yes,Yes,Fiber Optic,48,Yes,Yes,No,No,No,No,No,Yes,Month-to-Month,Yes,Credit Card,86.65,2208.75,0.0,0,1296.62,3,3,84.95192307692308,4469
Male,67,Yes,Yes,0,1,1,No Offer,Yes,17.36,Yes,Yes,Fiber Optic,29,No,No,No,No,No,No,No,No,Month-to-Month,Yes,Bank Withdrawal,74.4,74.4,0.0,30,17.36,3,0,74.4,5429
Female,44,No,Yes,0,1,20,No Offer,No,0.0,No,Yes,DSL,10,No,No,No,No,No,No,No,Yes,Month-to-Month,Yes,Bank Withdrawal,24.45,482.8,0.0,0,0.0,3,1,24.14,3298
Female,49,No,Yes,0,0,2,Offer E,Yes,26.58,No,Yes,Fiber Optic,23,Yes,No,No,Yes,No,No,No,Yes,Month-to-Month,Yes,Bank Withdrawal,80.15,194.55,0.0,0,53.16,3,3,97.275,5251
Male,49,No,No,0,0,19,Offer D,Yes,43.11,No,Yes,Fiber Optic,2,No,No,No,Yes,No,Yes,Yes,Yes,One Year,Yes,Credit Card,87.7,1725.95,0.0,0,819.09,3,4,90.83947368421053,4446
Female,32,No,No,0,0,22,No Offer,Yes,3.95,No,Yes,DSL,30,Yes,No,No,No,No,No,No,No,Month-to-Month,Yes,Credit Card,48.8,1054.6,0.0,20,86.9,1,1,47.93636363636363,2270
Female,60,No,Yes,2,6,48,Offer B,Yes,18.64,No,No,No Internet,0,No,No,No,No,No,No,No,No,Two Year,No,Bank Withdrawal,20.2,1027.25,0.0,0,894.72,5,0,21.401041666666668,3828
Female,39,No,No,0,0,54,No Offer,Yes,31.55,Yes,Yes,Fiber Optic,8,No,Yes,No,No,Yes,Yes,Yes,Yes,Two Year,Yes,Bank Withdrawal,97.2,5129.45,0.0,0,1703.7,5,5,94.9898148148148,4971
Female,70,Yes,Yes,0,1,31,Offer C,Yes,47.95,No,Yes,Fiber Optic,21,No,No,Yes,Yes,Yes,Yes,No,Yes,Month-to-Month,Yes,Bank Withdrawal,98.9,2911.3,0.0,0,1486.45,2,5,93.91290322580646,4050
Female,46,No,Yes,3,8,61,Offer B,No,0.0,No,Yes,DSL,26,No,Yes,Yes,Yes,Yes,Yes,Yes,Yes,Two Year,Yes,Bank Withdrawal,61.45,3751.15,0.0,0,0.0,3,7,61.49426229508197,5063
Male,75,Yes,Yes,0,7,72,No Offer,Yes,11.23,Yes,Yes,Fiber Optic,20,No,Yes,No,No,Yes,Yes,Yes,Yes,One Year,Yes,Credit Card,97.25,7133.1,0.0,0,808.56,5,5,99.07083333333334,6156
Female,21,No,Yes,0,9,10,Offer D,Yes,49.6,No,No,No Internet,0,No,No,No,No,No,No,No,No,Month-to-Month,Yes,Bank Withdrawal,19.95,187.75,0.0,0,496.0,4,0,18.775,3831
Male,55,No,No,0,0,27,No Offer,Yes,33.94,Yes,Yes,Cable,25,No,No,Yes,Yes,No,No,No,Yes,Month-to-Month,No,Bank Withdrawal,59.45,1611.65,0.0,0,916.38,4,3,59.69074074074074,4818
Male,48,No,No,0,0,35,No Offer,Yes,20.61,Yes,Yes,DSL,16,Yes,No,Yes,No,No,No,No,Yes,Month-to-Month,Yes,Bank Withdrawal,59.6,2094.9,0.0,0,721.35,3,3,59.854285714285716,2187
Male,58,No,Yes,3,0,13,No Offer,No,0.0,No,Yes,DSL,57,Yes,Yes,No,Yes,No,No,No,Yes,Two Year,No,Credit Card,40.55,590.35,0.0,0,0.0,3,4,45.41153846153846,2898
Male,69,Yes,No,0,0,30,No Offer,Yes,19.92,Yes,Yes,DSL,30,No,No,Yes,Yes,Yes,No,No,Yes,Two Year,Yes,Credit Card,69.1,2093.9,21.08,0,597.6,3,4,69.79666666666667,3415
Male,59,No,No,0,0,2,Offer E,Yes,9.61,No,No,No Internet,0,No,No,No,No,No,No,No,No,Month-to-Month,Yes,Credit Card,19.65,38.8,0.0,0,19.22,4,0,19.4,3007
Male,43,No,Yes,0,1,72,Offer A,Yes,38.3,Yes,Yes,Fiber Optic,3,Yes,Yes,Yes,No,Yes,No,No,Yes,Two Year,Yes,Credit Card,97.95,7114.25,0.0,0,2757.6,4,5,98.80902777777777,4256
Female,57,No,No,0,0,2,No Offer,Yes,2.46,No,No,No Internet,0,No,No,No,No,No,No,No,No,Month-to-Month,No,Credit Card,20.35,35.1,0.0,0,4.92,5,0,17.55,3746
Male,65,Yes,Yes,0,1,48,No Offer,Yes,25.19,Yes,Yes,Fiber Optic,22,No,No,Yes,No,No,Yes,Yes,Yes,Two Year,Yes,Credit Card,91.05,4370.75,0.0,0,1209.12,4,4,91.05729166666667,3594
Female,46,No,No,0,0,11,Offer D,Yes,22.36,Yes,Yes,Cable,3,No,No,No,Yes,Yes,No,No,Yes,Month-to-Month,No,Bank Withdrawal,90.15,987.95,0.0,0,245.96,1,3,89.81363636363636,5250
Male,36,No,Yes,0,5,15,No Offer,Yes,14.27,No,No,No Internet,0,No,No,No,No,No,No,No,No,One Year,No,Credit Card,18.8,294.95,0.0,0,214.05,4,0,19.663333333333334,3977
Male,31,No,No,0,0,1,No Offer,Yes,6.89,Yes,Yes,Fiber Optic,12,No,No,No,No,Yes,No,No,Yes,Month-to-Month,No,Bank Withdrawal,84.5,84.5,0.0,0,6.89,2,2,84.5,4340
Male,49,No,Yes,0,3,54,No Offer,Yes,48.45,Yes,Yes,DSL,28,No,Yes,No,Yes,Yes,No,No,Yes,One Year,Yes,Bank Withdrawal,70.7,3770.0,0.0,0,2616.3,3,4,69.81481481481481,5276
Female,48,No,No,0,0,36,No Offer,Yes,32.0,No,Yes,Cable,23,Yes,Yes,Yes,Yes,No,Yes,Yes,No,One Year,Yes,Credit Card,75.55,2680.15,0.0,100,1152.0,4,6,74.44861111111112,3235
Female,49,No,Yes,2,5,67,No Offer,Yes,43.01,Yes,Yes,Cable,16,Yes,Yes,No,Yes,Yes,No,No,Yes,Two Year,No,Credit Card,74.0,4868.4,0.0,0,2881.67,3,5,72.66268656716417,4188
Female,38,No,Yes,0,1,17,Offer D,Yes,5.4,No,Yes,Fiber Optic,8,No,No,Yes,Yes,Yes,Yes,Yes,Yes,One Year,No,Bank Withdrawal,98.6,1704.95,0.0,0,91.8,2,6,100.29117647058824,5160
Male,43,No,No,0,0,71,No Offer,Yes,39.08,Yes,No,No Internet,0,No,No,No,No,No,No,No,No,Two Year,No,Bank Withdrawal,25.55,1898.1,0.0,0,2774.68,5,0,26.733802816901406,6305
Female,49,No,Yes,2,2,33,No Offer,Yes,9.97,Yes,No,No Internet,0,No,No,No,No,No,No,No,No,Month-to-Month,No,Bank Withdrawal,24.25,838.5,0.0,0,329.01,5,0,25.40909090909091,5531
Male,75,Yes,No,0,0,7,No Offer,No,0.0,No,Yes,DSL,26,No,Yes,No,Yes,No,Yes,No,Yes,Two Year,Yes,Bank Withdrawal,44.4,265.8,0.0,0,0.0,4,4,37.971428571428575,3410
Male,64,No,No,0,0,17,No Offer,Yes,33.68,No,Yes,DSL,14,Yes,Yes,No,No,No,No,No,Yes,Month-to-Month,Yes,Credit Card,55.5,934.15,0.0,0,572.56,4,3,54.949999999999996,3190
Male,51,No,No,0,0,26,No Offer,Yes,29.72,No,Yes,Fiber Optic,11,No,Yes,Yes,Yes,No,No,No,Yes,One Year,Yes,Bank Withdrawal,85.2,2184.6,0.0,0,772.72,5,4,84.02307692307691,5156
Female,40,No,No,0,0,41,No Offer,Yes,37.46,No,No,No Internet,0,No,No,No,No,No,No,No,No,One Year,Yes,Credit Card,19.75,806.95,0.0,0,1535.86,3,0,19.681707317073172,5678
Male,62,No,Yes,0,5,72,Offer A,Yes,43.84,Yes,Yes,Fiber Optic,15,Yes,Yes,No,Yes,No,Yes,Yes,Yes,Two Year,Yes,Bank Withdrawal,100.55,7325.1,0.0,0,3156.48,5,6,101.73750000000001,6082
Male,80,Yes,No,0,0,1,No Offer,Yes,28.49,Yes,Yes,Fiber Optic,18,No,No,No,No,No,No,No,Yes,Month-to-Month,Yes,Bank Withdrawal,75.35,75.35,0.0,0,28.49,3,1,75.35,4403
Male,53,No,Yes,0,9,71,Offer A,Yes,49.32,Yes,Yes,Fiber Optic,9,Yes,Yes,Yes,No,Yes,Yes,Yes,Yes,One Year,Yes,Bank Withdrawal,109.6,7854.15,0.0,0,3501.72,3,7,110.6218309859155,4564
Female,25,No,Yes,0,1,53,Offer B,Yes,37.85,No,No,No Internet,0,No,No,No,No,No,No,No,No,One Year,No,Bank Withdrawal,20.8,1021.8,0.0,0,2006.05,3,0,19.279245283018867,4166
Male,25,No,Yes,0,1,38,No Offer,Yes,49.7,Yes,Yes,Fiber Optic,30,No,Yes,Yes,No,Yes,No,No,Yes,Month-to-Month,Yes,Bank Withdrawal,94.65,3624.3,0.0,0,1888.6,2,4,95.3763157894737,3498
Female,23,No,No,0,0,2,No Offer,Yes,4.92,No,No,No Internet,0,No,No,No,No,No,No,No,No,Month-to-Month,No,Bank Withdrawal,18.75,53.15,0.0,0,9.84,4,0,26.575,5355
Female,50,No,Yes,0,5,53,Offer B,Yes,46.24,No,No,No Internet,0,No,No,No,No,No,No,No,No,One Year,No,Credit Card,19.05,990.45,0.0,0,2450.72,5,0,18.687735849056605,6160
Female,40,No,No,0,0,52,Offer B,No,0.0,No,Yes,DSL,19,Yes,Yes,Yes,No,Yes,Yes,Yes,Yes,Two Year,Yes,Bank Withdrawal,58.75,3038.55,0.0,0,0.0,4,7,58.43365384615385,5122
Male,47,No,No,0,0,65,Offer B,Yes,27.75,Yes,Yes,Fiber Optic,30,No,Yes,Yes,No,Yes,Yes,Yes,Yes,Two Year,No,Credit Card,105.1,6631.85,0.0,0,1803.75,3,6,102.02846153846154,5649
Female,48,No,No,2,0,11,No Offer,Yes,27.57,Yes,Yes,Cable,18,No,No,Yes,No,Yes,Yes,Yes,Yes,Month-to-Month,Yes,Bank Withdrawal,97.85,1105.4,0.0,0,303.27,3,5,100.4909090909091,5674
Male,58,No,Yes,0,1,67,Offer A,Yes,11.74,Yes,No,No Internet,0,No,No,No,No,No,No,No,No,Two Year,No,Credit Card,25.6,1784.9,0.0,0,786.58,3,0,26.64029850746269,4879
Female,20,No,Yes,3,3,67,No Offer,Yes,20.41,Yes,Yes,Fiber Optic,52,No,Yes,Yes,Yes,Yes,Yes,Yes,Yes,One Year,Yes,Credit Card,112.35,7388.45,0.0,0,1367.47,4,7,110.27537313432836,5427
Male,75,Yes,No,0,0,18,Offer D,Yes,1.92,Yes,Yes,Fiber Optic,25,No,No,Yes,Yes,Yes,No,No,Yes,Two Year,No,Bank Withdrawal,93.9,1743.9,0.0,0,34.56,4,4,96.88333333333334,3728
Female,53,No,No,0,0,41,No Offer,Yes,2.32,No,No,No Internet,0,No,No,No,No,No,No,No,No,Two Year,Yes,Credit Card,19.85,810.45,0.0,0,95.12,5,0,19.76707317073171,3523
Female,41,No,Yes,0,8,64,Offer B,Yes,19.98,No,No,No Internet,0,No,No,No,No,No,No,No,No,Two Year,No,Credit Card,19.45,1208.6,0.0,0,1278.72,3,0,18.884375,5628
Female,51,No,Yes,0,1,9,No Offer,No,0.0,No,Yes,DSL,10,No,No,Yes,No,Yes,Yes,Yes,No,Month-to-Month,Yes,Bank Withdrawal,48.75,442.2,0.0,10,0.0,2,4,49.13333333333333,4359
Female,26,No,No,0,0,4,No Offer,Yes,38.74,Yes,Yes,Fiber Optic,51,No,Yes,No,No,No,No,No,Yes,Month-to-Month,Yes,Credit Card,80.3,324.2,0.0,0,154.96,3,2,81.05,3132
Male,74,Yes,Yes,0,1,53,No Offer,Yes,39.36,Yes,Yes,Fiber Optic,23,No,Yes,Yes,No,Yes,Yes,No,Yes,Month-to-Month,Yes,Bank Withdrawal,103.85,5485.5,0.0,0,2086.08,1,5,103.5,5860
Female,44,No,No,0,0,1,No Offer,Yes,23.72,No,Yes,Fiber Optic,19,No,No,No,No,No,No,No,Yes,Month-to-Month,Yes,Bank Withdrawal,69.2,69.2,0.0,0,23.72,3,1,69.2,4073
Male,23,No,No,0,0,12,No Offer,Yes,40.06,No,Yes,Fiber Optic,41,No,No,No,No,No,Yes,Yes,Yes,Month-to-Month,Yes,Bank Withdrawal,79.95,1043.4,0.0,0,480.72,5,3,86.95,2968
Male,73,Yes,Yes,0,10,72,Offer A,Yes,1.34,Yes,Yes,Fiber Optic,30,Yes,Yes,Yes,Yes,No,No,No,Yes,Two Year,Yes,Bank Withdrawal,93.05,6735.05,0.0,0,96.48,3,5,93.54236111111112,4988
Female,66,Yes,No,0,0,16,No Offer,Yes,32.11,Yes,Yes,Fiber Optic,14,No,No,No,No,Yes,Yes,No,Yes,Month-to-Month,Yes,Bank Withdrawal,96.4,1581.2,47.2,0,513.76,3,3,98.825,2688
Male,29,No,No,0,0,37,Offer C,Yes,12.69,Yes,Yes,Fiber Optic,69,Yes,No,No,No,Yes,No,No,No,Month-to-Month,Yes,Bank Withdrawal,91.15,3369.25,17.5,50,469.53,3,2,91.0608108108108,3194
Female,39,No,Yes,0,9,72,No Offer,Yes,10.87,Yes,Yes,DSL,24,Yes,No,Yes,Yes,Yes,Yes,Yes,Yes,Two Year,Yes,Credit Card,85.9,6110.75,0.0,0,782.64,4,7,84.87152777777777,6361
Male,47,No,No,0,0,55,Offer B,Yes,27.65,No,Yes,Cable,26,No,Yes,No,Yes,No,Yes,Yes,No,One Year,Yes,Bank Withdrawal,64.2,3627.3,0.0,0,1520.75,3,4,65.9509090909091,5151
Female,43,No,Yes,0,2,10,No Offer,No,0.0,No,Yes,Cable,20,Yes,No,Yes,Yes,Yes,No,No,Yes,Two Year,Yes,Bank Withdrawal,52.55,525.5,0.0,0,0.0,3,5,52.55,2578
Male,38,No,No,0,0,44,Offer B,No,0.0,No,Yes,Cable,4,No,Yes,Yes,No,Yes,Yes,Yes,Yes,One Year,Yes,Credit Card,53.95,2375.4,0.0,0,0.0,2,6,53.98636363636364,3051
Female,49,No,No,0,0,15,No Offer,No,0.0,No,Yes,DSL,23,No,Yes,No,No,No,Yes,Yes,Yes,Two Year,Yes,Credit Card,38.8,603.0,0.0,0,0.0,4,4,40.2,2118
Male,31,No,Yes,1,10,34,No Offer,No,0.0,No,Yes,DSL,29,No,No,No,Yes,Yes,No,No,Yes,Two Year,Yes,Bank Withdrawal,40.55,1325.85,0.0,0,0.0,5,3,38.995588235294115,3897
Female,29,No,Yes,2,4,14,Offer D,Yes,42.64,No,Yes,DSL,69,Yes,Yes,No,Yes,No,No,No,Yes,Month-to-Month,No,Bank Withdrawal,59.45,780.85,0.0,0,596.96,3,4,55.775,5723
Male,67,Yes,No,0,0,51,No Offer,Yes,3.11,Yes,No,No Internet,0,No,No,No,No,No,No,No,No,One Year,No,Bank Withdrawal,25.0,1260.7,0.0,0,158.61,4,0,24.719607843137254,5896
Female,40,No,Yes,3,3,13,No Offer,Yes,39.2,No,Yes,Cable,25,Yes,No,Yes,No,No,Yes,Yes,Yes,Month-to-Month,Yes,Credit Card,63.15,816.8,0.0,0,509.6,3,5,62.83076923076923,5916
Male,30,No,Yes,1,7,42,No Offer,Yes,18.93,No,Yes,DSL,73,Yes,Yes,No,No,No,No,No,Yes,Month-to-Month,No,Credit Card,54.5,2301.15,0.0,0,795.06,4,3,54.78928571428572,3449
Female,62,No,Yes,0,1,56,Offer B,Yes,39.72,Yes,Yes,DSL,11,Yes,No,No,No,Yes,No,No,Yes,One Year,No,Bank Withdrawal,65.2,3512.15,0.0,0,2224.32,3,3,62.71696428571429,4775
Male,80,Yes,No,0,0,65,No Offer,Yes,44.23,Yes,Yes,Fiber Optic,27,Yes,No,Yes,Yes,Yes,Yes,No,Yes,Two Year,Yes,Bank Withdrawal,110.35,7246.15,0.0,0,2874.95,3,6,111.47923076923077,4295
Female,48,No,No,0,0,16,No Offer,Yes,47.45,Yes,Yes,DSL,30,No,No,Yes,No,No,Yes,Yes,Yes,Month-to-Month,Yes,Credit Card,65.2,1043.35,0.0,0,759.2,1,4,65.209375,4722
Female,35,No,Yes,0,8,65,Offer B,Yes,36.62,Yes,Yes,Fiber Optic,6,Yes,Yes,No,Yes,Yes,No,No,Yes,One Year,Yes,Bank Withdrawal,100.15,6643.5,0.0,0,2380.3,4,5,102.20769230769231,4915
Male,34,No,No,0,0,1,No Offer,Yes,13.62,No,Yes,Cable,21,No,No,No,No,No,No,No,Yes,Month-to-Month,Yes,Credit Card,45.8,45.8,0.0,0,13.62,5,1,45.8,2614
Male,67,Yes,No,0,0,3,Offer E,No,0.0,No,Yes,DSL,28,No,No,Yes,No,No,Yes,Yes,Yes,Month-to-Month,Yes,Bank Withdrawal,41.15,132.2,0.0,0,0.0,2,4,44.06666666666666,2314
Male,68,Yes,Yes,0,7,71,No Offer,Yes,30.59,Yes,Yes,Fiber Optic,19,Yes,Yes,Yes,No,Yes,Yes,No,No,Month-to-Month,Yes,Bank Withdrawal,107.5,7713.55,0.0,140,2171.89,3,5,108.64154929577465,5775
Female,35,No,Yes,3,1,60,Offer B,Yes,48.04,Yes,Yes,Fiber Optic,76,Yes,Yes,No,No,Yes,No,No,Yes,One Year,No,Bank Withdrawal,94.15,5811.8,0.0,0,2882.4,4,4,96.86333333333333,6399
Male,74,Yes,Yes,0,1,15,No Offer,Yes,45.25,Yes,Yes,Cable,22,No,No,No,No,No,Yes,No,Yes,Month-to-Month,Yes,Bank Withdrawal,85.6,1345.55,0.0,0,678.75,1,2,89.70333333333333,4981
Female,38,No,Yes,0,7,68,Offer A,Yes,47.95,No,Yes,DSL,14,Yes,Yes,No,Yes,Yes,Yes,Yes,Yes,Two Year,Yes,Bank Withdrawal,79.6,5515.8,0.0,0,3260.6,4,7,81.11470588235295,5601
Female,21,No,No,0,0,67,Offer A,Yes,8.71,Yes,Yes,DSL,41,Yes,No,Yes,Yes,Yes,Yes,Yes,Yes,Two Year,Yes,Mailed Check,85.25,5714.2,1.31,0,583.57,4,7,85.2865671641791,6322
Female,65,Yes,Yes,0,9,25,No Offer,Yes,30.6,Yes,Yes,DSL,2,Yes,No,No,Yes,Yes,No,No,Yes,One Year,Yes,Credit Card,69.5,1752.65,0.0,0,765.0,4,4,70.10600000000001,3154
Male,49,No,Yes,3,10,8,Offer E,Yes,1.56,No,Yes,DSL,57,No,No,No,No,Yes,No,No,Yes,Month-to-Month,Yes,Bank Withdrawal,54.4,475.1,0.0,0,12.48,4,2,59.3875,4854
Female,64,No,No,0,0,30,No Offer,Yes,2.67,No,Yes,Fiber Optic,27,No,No,No,Yes,Yes,Yes,Yes,Yes,One Year,Yes,Bank Withdrawal,94.4,2638.1,0.0,0,80.1,5,5,87.93666666666667,4584
Male,38,No,Yes,2,6,14,Offer D,Yes,26.99,No,No,No Internet,0,No,No,No,No,No,No,No,No,One Year,No,Credit Card,19.75,309.35,6.49,0,377.86,3,0,22.09642857142857,3958
Male,49,No,Yes,0,1,61,No Offer,Yes,15.15,Yes,Yes,Fiber Optic,28,Yes,No,Yes,Yes,Yes,No,No,Yes,Month-to-Month,No,Bank Withdrawal,99.4,5943.65,0.0,0,924.15,4,5,97.43688524590164,5404
Female,56,No,No,0,0,42,Offer B,Yes,20.27,Yes,Yes,DSL,15,No,No,Yes,Yes,Yes,Yes,Yes,Yes,Two Year,Yes,Credit Card,78.45,3373.4,0.0,0,851.34,4,6,80.31904761904762,3192
Female,77,Yes,Yes,0,2,63,No Offer,Yes,18.14,Yes,Yes,Fiber Optic,2,No,Yes,Yes,No,Yes,Yes,Yes,Yes,Month-to-Month,Yes,Bank Withdrawal,103.5,6479.4,0.0,0,1142.82,4,6,102.84761904761905,5187
Male,49,No,Yes,3,0,66,No Offer,No,0.0,No,Yes,DSL,28,No,No,Yes,Yes,Yes,Yes,Yes,Yes,Two Year,No,Bank Withdrawal,54.65,3632.0,46.75,0,0.0,5,6,55.03030303030303,4051
Male,62,No,No,0,0,49,No Offer,Yes,19.08,Yes,Yes,Fiber Optic,24,No,No,No,No,No,No,No,No,Month-to-Month,No,Credit Card,75.2,3678.3,0.0,20,934.92,2,0,75.06734693877551,5283
Male,70,Yes,No,0,0,1,No Offer,Yes,7.23,No,Yes,Fiber Optic,2,No,No,No,No,No,No,No,Yes,Month-to-Month,Yes,Bank Withdrawal,69.65,69.65,0.0,0,7.23,2,1,69.65,5844
Male,35,No,No,0,0,59,Offer B,Yes,49.48,Yes,Yes,Cable,9,No,No,Yes,No,No,No,No,Yes,Two Year,No,Credit Card,54.15,3116.15,0.0,0,2919.32,3,2,52.816101694915254,4293
Male,56,No,Yes,0,8,62,Offer B,No,0.0,No,Yes,Cable,29,Yes,Yes,No,Yes,No,No,No,Yes,Two Year,Yes,Credit Card,38.6,2345.55,0.0,0,0.0,4,4,37.83145161290323,4558
Male,21,No,Yes,0,3,4,Offer E,Yes,9.56,Yes,Yes,Fiber Optic,48,No,No,Yes,No,Yes,Yes,Yes,Yes,Month-to-Month,No,Bank Withdrawal,101.15,385.9,0.0,0,38.24,1,5,96.475,4417
Male,29,No,Yes,1,2,69,No Offer,Yes,23.55,No,No,No Internet,0,No,No,No,No,No,No,No,No,Two Year,No,Bank Withdrawal,20.2,1376.5,0.0,0,1624.95,3,0,19.94927536231884,5463
Female,23,No,Yes,3,0,24,Offer C,Yes,46.54,Yes,Yes,DSL,85,Yes,Yes,Yes,No,No,No,No,Yes,Two Year,No,Bank Withdrawal,64.35,1558.65,0.0,0,1116.96,4,4,64.94375000000001,5461
Female,43,No,Yes,2,4,72,No Offer,Yes,35.62,Yes,No,No Internet,0,No,No,No,No,No,No,No,No,Two Year,No,Bank Withdrawal,25.1,1857.85,0.0,0,2564.64,4,0,25.803472222222222,5611
Female,51,No,Yes,0,0,20,No Offer,Yes,43.49,No,Yes,Fiber Optic,28,No,No,No,No,No,No,No,Yes,Month-to-Month,Yes,Bank Withdrawal,69.8,1540.35,0.0,0,869.8,5,1,77.0175,5456
Female,27,No,Yes,0,2,51,Offer B,Yes,21.07,No,Yes,Fiber Optic,46,Yes,Yes,Yes,No,Yes,No,No,Yes,One Year,Yes,Bank Withdrawal,93.5,4619.55,0.0,0,1074.57,3,5,90.57941176470588,5561
Male,25,No,No,0,0,4,No Offer,Yes,11.5,No,Yes,Fiber Optic,41,Yes,Yes,No,Yes,No,Yes,Yes,Yes,Month-to-Month,Yes,Credit Card,94.9,360.55,0.0,0,46.0,4,6,90.1375,3094
Male,47,No,No,0,0,64,No Offer,Yes,25.95,Yes,Yes,Fiber Optic,23,No,No,Yes,Yes,Yes,Yes,Yes,Yes,One Year,Yes,Credit Card,104.65,6889.8,0.0,0,1660.8,4,6,107.653125,6443
Female,21,No,Yes,0,6,32,Offer C,Yes,19.3,No,Yes,Fiber Optic,47,Yes,No,No,No,No,No,No,Yes,Month-to-Month,Yes,Bank Withdrawal,75.5,2324.7,0.0,0,617.6,3,2,72.646875,3131
Female,61,No,No,0,0,12,Offer D,Yes,15.97,No,Yes,Fiber Optic,19,Yes,No,No,No,Yes,No,No,Yes,One Year,Yes,Credit Card,85.15,979.05,0.0,0,191.64,4,3,81.58749999999999,2452
Female,23,No,Yes,0,2,64,No Offer,Yes,18.03,No,Yes,Cable,42,Yes,Yes,Yes,Yes,No,Yes,Yes,Yes,Two Year,Yes,Mailed Check,74.35,4759.55,0.0,0,1153.92,3,7,74.36796875,4781
Female,40,No,No,0,0,49,Offer B,Yes,35.87,Yes,Yes,DSL,30,Yes,Yes,No,No,No,No,No,Yes,Month-to-Month,Yes,Credit Card,59.75,2934.3,0.0,0,1757.63,1,3,59.88367346938776,6006
Female,52,No,No,0,0,31,No Offer,Yes,26.16,No,No,No Internet,0,No,No,No,No,No,No,No,No,Two Year,No,Credit Card,20.9,689.35,0.0,0,810.96,5,0,22.23709677419355,5581
Female,41,No,Yes,0,1,48,Offer B,Yes,23.95,Yes,Yes,Fiber Optic,30,No,No,No,No,No,Yes,Yes,Yes,One Year,Yes,Mailed Check,82.05,4029.95,0.0,0,1149.6,2,3,83.95729166666666,3365
Female,33,No,Yes,0,10,56,Offer B,Yes,37.5,Yes,Yes,Fiber Optic,11,Yes,No,No,No,Yes,Yes,Yes,Yes,One Year,Yes,Bank Withdrawal,98.0,5270.6,0.0,0,2100.0,3,5,94.11785714285715,4615
Female,32,No,Yes,0,7,71,No Offer,Yes,29.78,Yes,Yes,Fiber Optic,22,No,Yes,Yes,Yes,Yes,Yes,Yes,Yes,Two Year,No,Bank Withdrawal,109.25,7707.7,0.0,0,2114.38,3,7,108.55915492957746,5044
Female,35,No,No,0,0,16,Offer D,Yes,46.99,Yes,Yes,Fiber Optic,17,No,No,No,No,No,No,No,Yes,Month-to-Month,No,Bank Withdrawal,72.65,1194.3,0.0,0,751.84,1,1,74.64375,2850
Female,64,No,No,0,0,48,No Offer,Yes,41.26,No,Yes,Fiber Optic,23,No,Yes,No,No,No,No,No,Yes,One Year,No,Bank Withdrawal,75.15,3772.65,0.0,0,1980.48,4,2,78.596875,3345
Male,34,No,No,0,0,51,Offer B,Yes,29.33,No,No,No Internet,0,No,No,No,No,No,No,No,No,One Year,No,Bank Withdrawal,19.1,1007.8,0.0,0,1495.83,4,0,19.76078431372549,4120
Female,24,No,Yes,0,1,8,No Offer,Yes,11.35,No,No,No Internet,0,No,No,No,No,No,No,No,No,Month-to-Month,No,Bank Withdrawal,20.15,156.25,0.0,0,90.8,3,0,19.53125,4785
Male,40,No,No,0,0,35,No Offer,Yes,49.13,Yes,No,No Internet,0,No,No,No,No,No,No,No,No,One Year,No,Bank Withdrawal,26.2,954.9,0.0,0,1719.55,3,0,27.282857142857143,4419
Female,32,No,No,0,0,34,Offer C,Yes,45.28,Yes,Yes,Cable,27,No,No,No,Yes,Yes,No,No,Yes,Month-to-Month,No,Credit Card,65.0,2157.5,0.0,0,1539.52,5,3,63.455882352941174,5567
Female,45,No,No,0,0,1,No Offer,Yes,10.83,No,Yes,DSL,15,Yes,No,No,No,No,No,No,Yes,Month-to-Month,No,Bank Withdrawal,49.55,49.55,0.0,0,10.83,4,2,49.55,5277
Female,30,No,No,0,0,31,Offer C,Yes,24.21,Yes,Yes,Fiber Optic,48,Yes,No,Yes,No,No,No,No,Yes,Month-to-Month,Yes,Credit Card,84.75,2613.4,0.0,0,750.51,3,3,84.30322580645162,3727
Male,56,No,No,0,0,31,No Offer,Yes,45.92,No,Yes,Fiber Optic,18,No,Yes,No,No,Yes,Yes,Yes,Yes,Month-to-Month,Yes,Bank Withdrawal,94.5,2979.2,0.0,0,1423.52,3,5,96.1032258064516,3949
Female,35,No,Yes,5,2,59,No Offer,Yes,48.07,Yes,Yes,Fiber Optic,53,No,Yes,No,Yes,No,Yes,Yes,Yes,Month-to-Month,Yes,Bank Withdrawal,96.65,5580.8,0.0,0,2836.13,3,5,94.58983050847458,5266
Female,39,No,Yes,2,8,18,No Offer,Yes,14.6,No,No,No Internet,0,No,No,No,No,No,No,No,No,Month-to-Month,No,Credit Card,20.45,357.0,0.0,0,262.8,4,0,19.833333333333332,2047
Male,55,No,Yes,3,8,12,Offer D,Yes,44.12,Yes,No,No Internet,0,No,No,No,No,No,No,No,No,Two Year,Yes,Bank Withdrawal,25.4,313.0,0.0,0,529.44,3,0,26.083333333333332,2219
Female,53,No,Yes,3,1,67,Offer A,Yes,11.4,Yes,Yes,Fiber Optic,27,No,Yes,No,Yes,Yes,No,No,Yes,Two Year,No,Credit Card,94.1,6302.8,0.0,0,763.8,4,4,94.07164179104478,4803
Male,27,No,Yes,2,7,49,No Offer,Yes,36.08,Yes,Yes,Fiber Optic,59,No,Yes,Yes,No,Yes,No,No,Yes,One Year,Yes,Bank Withdrawal,93.65,4520.15,33.13,0,1767.92,3,4,92.24795918367346,5542
Female,63,No,Yes,0,10,72,No Offer,Yes,40.59,Yes,Yes,Fiber Optic,25,Yes,Yes,Yes,Yes,Yes,Yes,Yes,Yes,Two Year,No,Bank Withdrawal,115.15,8349.7,0.0,0,2922.48,4,8,115.96805555555557,4761
Female,36,No,Yes,0,1,25,No Offer,Yes,24.64,No,Yes,Fiber Optic,5,No,Yes,Yes,No,Yes,No,No,Yes,Month-to-Month,Yes,Bank Withdrawal,89.15,2257.75,0.0,0,616.0,2,4,90.31,5853
Female,78,Yes,No,0,0,47,No Offer,Yes,16.83,Yes,Yes,Fiber Optic,12,No,Yes,Yes,No,No,No,No,Yes,Month-to-Month,Yes,Bank Withdrawal,85.2,3969.35,0.0,0,791.01,1,3,84.45425531914893,4661
Female,23,No,No,0,0,31,No Offer,Yes,45.71,Yes,Yes,Fiber Optic,58,Yes,Yes,No,No,Yes,Yes,Yes,Yes,Month-to-Month,No,Bank Withdrawal,104.35,3205.6,0.0,0,1417.01,4,6,103.40645161290323,5320
Male,36,No,No,0,0,17,No Offer,Yes,4.51,No,Yes,Fiber Optic,13,Yes,No,No,No,Yes,Yes,Yes,Yes,Month-to-Month,No,Bank Withdrawal,93.85,1625.65,0.0,0,76.67,1,5,95.62647058823529,4940
Female,25,No,Yes,0,1,18,Offer D,Yes,43.29,No,Yes,Fiber Optic,41,Yes,No,No,No,No,No,No,Yes,Month-to-Month,No,Bank Withdrawal,74.8,1438.05,0.0,0,779.22,3,2,79.89166666666667,4809
Male,39,No,Yes,0,6,63,No Offer,Yes,44.55,Yes,Yes,DSL,29,Yes,Yes,Yes,Yes,Yes,Yes,Yes,Yes,Two Year,Yes,Credit Card,89.4,5597.65,0.0,0,2806.65,3,8,88.8515873015873,5004
Male,39,No,No,0,0,43,No Offer,Yes,28.9,Yes,No,No Internet,0,No,No,No,No,No,No,No,No,Two Year,No,Bank Withdrawal,26.45,1110.05,0.0,0,1242.7,4,0,25.815116279069766,3881
Male,40,No,No,0,0,15,No Offer,Yes,11.75,Yes,Yes,DSL,28,No,No,No,No,No,No,No,Yes,Month-to-Month,Yes,Bank Withdrawal,49.0,749.25,0.0,0,176.25,3,1,49.95,2597
Female,76,Yes,Yes,0,2,26,No Offer,Yes,17.12,No,Yes,Cable,17,No,No,Yes,No,No,Yes,No,Yes,One Year,No,Credit Card,60.7,1597.4,0.0,0,445.12,5,3,61.43846153846154,2502
Female,35,No,No,0,0,27,No Offer,Yes,25.21,No,Yes,DSL,9,Yes,Yes,No,No,No,No,No,Yes,Month-to-Month,Yes,Credit Card,56.7,1652.95,0.0,0,680.67,3,3,61.220370370370375,4472
Male,29,No,Yes,2,1,55,Offer B,Yes,41.89,Yes,Yes,Fiber Optic,52,No,No,No,No,No,Yes,Yes,Yes,Month-to-Month,No,Bank Withdrawal,85.5,4713.4,0.0,0,2303.95,4,3,85.69818181818181,6411
Male,68,Yes,No,0,0,19,Offer D,Yes,28.12,Yes,Yes,Fiber Optic,25,Yes,No,No,No,Yes,No,No,Yes,Month-to-Month,Yes,Bank Withdrawal,90.6,1660.0,0.0,0,534.28,1,3,87.36842105263158,2373
Female,60,No,No,0,0,6,No Offer,Yes,47.46,No,No,No Internet,0,No,No,No,No,No,No,No,No,Month-to-Month,No,Mailed Check,20.0,109.2,0.0,0,284.76,3,0,18.2,3142
Male,49,No,No,0,0,40,No Offer,Yes,36.98,No,Yes,DSL,21,Yes,Yes,No,Yes,No,No,No,Yes,Month-to-Month,Yes,Credit Card,61.9,2647.1,0.0,0,1479.2,4,4,66.1775,2520
Female,40,No,No,0,0,23,No Offer,Yes,14.45,Yes,Yes,Fiber Optic,19,No,Yes,No,No,Yes,Yes,Yes,Yes,Month-to-Month,Yes,Credit Card,98.7,2249.1,0.0,0,332.35,5,5,97.78695652173913,5781
Male,63,No,No,0,0,1,No Offer,Yes,14.42,No,Yes,Fiber Optic,27,No,No,No,No,No,No,No,No,Month-to-Month,Yes,Bank Withdrawal,70.35,70.35,0.0,10,14.42,5,0,70.35,2722
Male,54,No,No,0,0,44,Offer B,Yes,49.57,Yes,Yes,Cable,21,No,Yes,Yes,Yes,Yes,Yes,Yes,No,One Year,Yes,Bank Withdrawal,85.25,3704.15,0.0,100,2181.08,5,6,84.18522727272727,2292
Female,75,Yes,No,0,0,25,No Offer,Yes,36.5,Yes,Yes,Fiber Optic,30,Yes,Yes,No,No,Yes,Yes,No,Yes,Month-to-Month,Yes,Credit Card,102.8,2660.2,0.0,0,912.5,1,5,106.40799999999999,4969
Female,57,No,No,0,0,28,No Offer,Yes,38.97,No,Yes,Cable,3,No,No,Yes,No,Yes,No,No,Yes,Month-to-Month,Yes,Bank Withdrawal,59.55,1646.45,0.0,0,1091.16,3,3,58.801785714285714,3354
Male,73,Yes,Yes,0,1,29,No Offer,Yes,6.25,Yes,Yes,Fiber Optic,21,No,No,No,No,Yes,Yes,No,Yes,Month-to-Month,Yes,Bank Withdrawal,94.45,2653.65,0.0,0,181.25,1,3,91.5051724137931,2233
Female,37,No,No,0,0,2,Offer E,Yes,24.31,No,Yes,Fiber Optic,16,No,No,Yes,No,No,No,No,Yes,Month-to-Month,Yes,Bank Withdrawal,75.8,160.75,0.0,0,48.62,1,2,80.375,5270
Male,19,No,Yes,0,1,72,Offer A,Yes,21.72,No,No,No Internet,0,No,No,No,No,No,No,No,No,Two Year,No,Bank Withdrawal,20.7,1492.1,0.0,0,1563.84,3,0,20.72361111111111,6317
Female,46,No,Yes,1,0,72,No Offer,Yes,36.13,No,Yes,Cable,21,Yes,Yes,Yes,Yes,Yes,Yes,Yes,Yes,Two Year,No,Bank Withdrawal,85.3,6129.2,0.0,0,2601.36,3,8,85.12777777777778,4456
Female,79,Yes,Yes,0,2,54,Offer B,Yes,43.71,Yes,Yes,Fiber Optic,12,Yes,Yes,Yes,Yes,Yes,Yes,No,Yes,One Year,Yes,Bank Withdrawal,115.6,6431.05,0.0,0,2360.34,3,7,119.09351851851852,4337
Male,20,No,No,0,0,55,No Offer,Yes,12.28,No,Yes,DSL,48,Yes,No,Yes,Yes,No,No,No,Yes,Two Year,Yes,Bank Withdrawal,59.2,3175.85,0.0,0,675.4,3,4,57.74272727272727,5162
Male,21,No,No,0,0,61,Offer B,Yes,36.05,Yes,Yes,Fiber Optic,73,Yes,No,Yes,No,Yes,Yes,Yes,Yes,Month-to-Month,Yes,Bank Withdrawal,106.45,6300.15,0.0,0,2199.05,3,6,103.2811475409836,4842
Female,50,No,No,0,0,25,No Offer,Yes,1.36,No,No,No Internet,0,No,No,No,No,No,No,No,No,One Year,No,Credit Card,19.9,527.5,0.0,0,34.0,5,0,21.1,3048
Male,53,No,Yes,0,7,72,Offer A,No,0.0,No,Yes,DSL,15,Yes,Yes,Yes,Yes,Yes,Yes,Yes,Yes,Two Year,Yes,Credit Card,65.1,4754.3,0.0,0,0.0,4,8,66.03194444444445,4969
Male,44,No,No,0,0,54,Offer B,Yes,35.32,Yes,Yes,Fiber Optic,15,No,No,Yes,No,No,Yes,Yes,Yes,Month-to-Month,No,Credit Card,89.4,4869.5,0.0,0,1907.28,5,4,90.17592592592592,5871
Female,47,No,Yes,0,1,3,No Offer,Yes,38.09,Yes,Yes,Fiber Optic,30,No,No,No,No,No,Yes,Yes,Yes,Month-to-Month,Yes,Bank Withdrawal,84.75,264.85,0.0,0,114.27,1,3,88.28333333333335,2014
Male,38,No,No,0,0,5,Offer E,Yes,13.96,No,Yes,DSL,5,No,No,Yes,Yes,Yes,No,No,Yes,Month-to-Month,Yes,Credit Card,63.95,318.1,0.0,0,69.8,4,4,63.620000000000005,3099
Male,34,No,No,0,0,38,Offer C,Yes,3.95,Yes,Yes,Fiber Optic,21,No,No,Yes,Yes,Yes,No,No,Yes,One Year,No,Bank Withdrawal,95.0,3605.6,0.0,0,150.1,5,4,94.88421052631578,4741
Female,63,No,No,0,0,7,No Offer,Yes,25.17,Yes,Yes,Fiber Optic,17,No,No,No,No,No,No,No,Yes,Month-to-Month,Yes,Bank Withdrawal,75.35,564.65,0.0,0,176.19,3,1,80.66428571428571,4989
Female,30,No,No,0,0,52,No Offer,Yes,9.37,No,Yes,DSL,59,No,No,Yes,No,No,Yes,Yes,Yes,Month-to-Month,Yes,Bank Withdrawal,59.45,3043.7,0.0,0,487.24,3,4,58.5326923076923,6107
Male,68,Yes,No,0,0,17,No Offer,Yes,40.93,No,Yes,DSL,2,No,No,No,No,No,No,No,Yes,Month-to-Month,Yes,Bank Withdrawal,45.05,770.6,0.0,0,695.81,1,1,45.32941176470588,3797
Male,46,No,No,1,0,6,No Offer,Yes,27.78,No,No,No Internet,0,No,No,No,No,No,No,No,No,Month-to-Month,No,Mailed Check,19.7,111.65,0.0,0,166.68,3,0,18.608333333333334,2276
Male,21,No,No,0,0,1,No Offer,Yes,29.33,No,No,No Internet,0,No,No,No,No,No,No,No,No,Month-to-Month,No,Credit Card,19.75,19.75,0.0,0,29.33,3,0,19.75,4851
Female,41,No,No,0,0,20,No Offer,No,0.0,No,Yes,DSL,21,No,No,No,No,No,No,No,Yes,Month-to-Month,No,Credit Card,24.9,505.95,0.0,0,0.0,5,1,25.2975,5942
Female,25,No,No,0,0,6,Offer E,No,0.0,No,Yes,Cable,52,No,No,No,No,Yes,Yes,Yes,Yes,Month-to-Month,No,Credit Card,45.0,298.7,0.0,0,0.0,5,4,49.78333333333333,2270
Female,24,No,No,0,0,3,Offer E,Yes,25.75,No,No,No Internet,0,No,No,No,No,No,No,No,No,Month-to-Month,No,Credit Card,19.85,63.75,0.0,0,77.25,1,0,21.25,3398
Female,24,No,No,0,0,29,No Offer,Yes,7.01,Yes,Yes,Fiber Optic,42,No,No,No,No,No,No,No,Yes,Month-to-Month,Yes,Credit Card,76.0,2215.25,0.0,0,203.29,3,1,76.38793103448276,5324
Male,49,No,Yes,1,1,52,No Offer,Yes,11.3,Yes,Yes,Fiber Optic,10,No,Yes,No,Yes,No,Yes,Yes,Yes,Month-to-Month,Yes,Bank Withdrawal,93.25,4631.7,0.0,0,587.6,3,5,89.07115384615385,4740
Male,23,No,Yes,0,3,46,No Offer,Yes,46.71,No,Yes,Cable,41,Yes,Yes,Yes,Yes,No,No,No,Yes,Two Year,No,Credit Card,65.65,3047.15,0.0,0,2148.66,4,5,66.24239130434783,2680
Female,30,No,No,0,0,3,No Offer,Yes,26.26,No,Yes,Fiber Optic,30,No,No,No,No,No,No,No,Yes,Month-to-Month,Yes,Bank Withdrawal,69.55,222.3,0.0,0,78.78,1,1,74.10000000000001,2876
Male,61,No,Yes,2,3,53,No Offer,Yes,31.69,No,Yes,DSL,16,Yes,Yes,No,Yes,Yes,No,No,Yes,Two Year,Yes,Credit Card,69.7,3729.6,0.0,0,1679.57,4,5,70.36981132075472,4590
Male,54,No,No,0,0,10,Offer D,Yes,35.63,Yes,Yes,Fiber Optic,18,No,No,No,No,Yes,Yes,Yes,Yes,Month-to-Month,No,Bank Withdrawal,95.2,930.4,0.0,0,356.3,2,4,93.03999999999999,4922
Male,62,No,No,0,0,41,Offer B,Yes,45.22,No,Yes,Fiber Optic,15,No,Yes,No,Yes,Yes,No,No,Yes,One Year,Yes,Bank Withdrawal,89.55,3729.75,0.0,0,1854.02,3,4,90.96951219512195,5549
Male,59,No,Yes,3,1,60,No Offer,Yes,39.76,No,Yes,DSL,76,Yes,Yes,No,Yes,Yes,Yes,Yes,Yes,Month-to-Month,Yes,Credit Card,79.05,4663.4,0.0,0,2385.6,4,7,77.72333333333333,5275
Female,26,No,No,0,0,2,No Offer,Yes,30.73,No,Yes,Fiber Optic,39,No,No,No,No,No,No,Yes,Yes,Month-to-Month,No,Bank Withdrawal,68.95,119.75,0.0,0,61.46,1,2,59.875,5225
Female,77,Yes,Yes,0,1,61,No Offer,Yes,33.75,Yes,Yes,Fiber Optic,29,Yes,Yes,Yes,Yes,No,No,No,Yes,Month-to-Month,Yes,Credit Card,94.2,5895.45,0.0,0,2058.75,3,5,96.6467213114754,5274
Male,40,No,No,0,0,13,No Offer,Yes,12.54,No,Yes,Fiber Optic,20,No,No,No,No,No,Yes,Yes,Yes,Month-to-Month,Yes,Bank Withdrawal,80.85,1008.7,0.0,0,163.02,1,3,77.5923076923077,5964
Female,26,No,No,0,0,33,No Offer,Yes,16.76,Yes,Yes,Fiber Optic,85,Yes,No,No,No,No,Yes,Yes,Yes,Month-to-Month,Yes,Bank Withdrawal,90.65,2989.6,0.0,0,553.08,4,4,90.5939393939394,4460
Male,50,No,No,0,0,1,No Offer,Yes,22.05,Yes,Yes,Cable,28,No,No,No,No,Yes,No,No,Yes,Month-to-Month,Yes,Bank Withdrawal,59.85,59.85,0.0,0,22.05,2,2,59.85,4017
Female,58,No,Yes,1,2,14,No Offer,Yes,41.05,No,No,No Internet,0,No,No,No,No,No,No,No,No,One Year,Yes,Credit Card,19.5,272.0,0.0,0,574.7,3,0,19.428571428571427,2993
Female,25,No,Yes,0,1,42,No Offer,Yes,6.84,Yes,Yes,Fiber Optic,27,No,No,No,No,Yes,Yes,Yes,Yes,Month-to-Month,Yes,Bank Withdrawal,94.2,4186.3,0.0,0,287.28,1,4,99.67380952380952,5458
Female,21,No,Yes,0,5,70,Offer A,No,0.0,No,Yes,Cable,46,Yes,Yes,Yes,Yes,Yes,Yes,Yes,Yes,Two Year,No,Bank Withdrawal,64.55,4504.9,46.06,0,0.0,3,8,64.35571428571428,4858
Female,29,No,No,0,0,60,No Offer,Yes,37.95,Yes,Yes,DSL,27,Yes,No,Yes,Yes,No,No,No,No,One Year,No,Bank Withdrawal,64.75,4039.5,0.0,120,2277.0,3,3,67.325,6408
Female,30,No,No,0,0,3,Offer E,Yes,40.67,No,Yes,Fiber Optic,58,No,No,Yes,Yes,No,No,No,Yes,Month-to-Month,No,Credit Card,80.1,217.55,0.0,0,122.01,3,3,72.51666666666667,4330
Male,56,No,Yes,0,1,72,Offer A,Yes,17.31,Yes,Yes,DSL,17,Yes,Yes,Yes,Yes,No,No,No,Yes,Two Year,No,Credit Card,68.15,4808.7,0.0,0,1246.32,3,5,66.7875,4613
Female,61,No,Yes,1,1,14,No Offer,Yes,9.13,Yes,Yes,Fiber Optic,12,No,No,No,Yes,Yes,No,No,Yes,Month-to-Month,Yes,Bank Withdrawal,91.65,1301.0,0.0,0,127.82,3,3,92.92857142857143,4304
Female,56,No,Yes,1,4,30,Offer C,Yes,36.74,No,Yes,Cable,18,No,No,Yes,Yes,Yes,No,No,Yes,One Year,Yes,Bank Withdrawal,64.5,1985.15,0.0,0,1102.2,5,4,66.17166666666667,2215
Female,26,No,No,0,0,45,No Offer,Yes,33.73,Yes,Yes,Fiber Optic,30,Yes,Yes,Yes,Yes,Yes,Yes,Yes,Yes,Month-to-Month,Yes,Bank Withdrawal,115.65,5125.5,0.0,0,1517.85,3,8,113.9,3974
Female,22,No,Yes,1,9,9,No Offer,Yes,30.83,No,No,No Internet,0,No,No,No,No,No,No,No,No,Two Year,No,Credit Card,20.35,191.1,0.0,0,277.47,3,0,21.233333333333334,5352
Female,25,No,No,0,0,22,No Offer,Yes,29.07,No,Yes,Fiber Optic,52,No,Yes,No,No,No,Yes,Yes,Yes,Month-to-Month,Yes,Mailed Check,84.3,1855.65,0.0,0,639.54,1,4,84.34772727272728,5313
Female,75,Yes,Yes,0,1,7,Offer E,Yes,21.43,Yes,Yes,Fiber Optic,12,No,No,No,No,No,Yes,No,Yes,Month-to-Month,Yes,Bank Withdrawal,84.55,646.85,0.0,0,150.01,1,2,92.40714285714286,5245
Male,40,No,Yes,2,7,66,No Offer,Yes,39.45,No,Yes,Fiber Optic,19,Yes,Yes,Yes,No,Yes,Yes,Yes,Yes,One Year,Yes,Bank Withdrawal,103.15,7031.3,0.0,0,2603.7,4,7,106.53484848484848,4663
Female,78,Yes,Yes,0,1,11,Offer D,Yes,1.28,Yes,Yes,Fiber Optic,14,No,No,Yes,No,Yes,Yes,No,Yes,Month-to-Month,Yes,Bank Withdrawal,99.55,1131.2,0.0,0,14.08,3,4,102.83636363636364,3172
Female,77,Yes,No,0,0,2,No Offer,Yes,19.27,Yes,Yes,Fiber Optic,18,No,No,No,No,Yes,Yes,No,Yes,Month-to-Month,Yes,Bank Withdrawal,93.85,170.85,0.0,0,38.54,3,3,85.425,4193
Female,67,Yes,No,0,0,57,Offer B,Yes,11.23,No,Yes,DSL,30,Yes,No,Yes,Yes,Yes,No,No,Yes,Two Year,No,Bank Withdrawal,69.85,4003.0,0.0,0,640.11,4,5,70.2280701754386,4759
Female,62,No,Yes,3,5,6,No Offer,Yes,44.13,No,No,No Internet,0,No,No,No,No,No,No,No,No,One Year,No,Credit Card,19.7,94.45,0.0,0,264.78,3,0,15.741666666666667,4122
Male,47,No,Yes,0,9,69,No Offer,Yes,3.08,Yes,Yes,Fiber Optic,20,No,Yes,No,Yes,Yes,No,No,Yes,Two Year,Yes,Credit Card,92.45,6460.55,0.0,0,212.52,3,4,93.63115942028986,4452
Female,77,Yes,Yes,0,1,1,No Offer,No,0.0,No,Yes,DSL,19,No,No,No,No,No,No,No,Yes,Month-to-Month,Yes,Bank Withdrawal,24.8,24.8,0.0,0,0.0,1,1,24.8,5377
Female,31,No,No,0,0,9,Offer E,Yes,36.43,No,Yes,DSL,16,Yes,Yes,No,No,Yes,Yes,Yes,Yes,Month-to-Month,Yes,Bank Withdrawal,74.65,703.55,0.0,0,327.87,1,6,78.17222222222222,5900
Male,61,No,Yes,1,5,68,Offer A,Yes,32.59,Yes,Yes,Fiber Optic,24,Yes,Yes,Yes,Yes,Yes,Yes,Yes,Yes,Two Year,Yes,Bank Withdrawal,114.7,7849.85,0.0,0,2216.12,3,8,115.43897058823529,5671
Female,67,Yes,Yes,0,8,67,No Offer,Yes,38.47,Yes,Yes,Fiber Optic,20,Yes,No,Yes,No,Yes,Yes,No,Yes,One Year,Yes,Credit Card,107.05,7142.5,0.0,0,2577.49,3,5,106.6044776119403,4126
Male,55,No,No,0,0,4,No Offer,Yes,34.86,No,No,No Internet,0,No,No,No,No,No,No,No,No,Month-to-Month,Yes,Credit Card,19.95,59.25,0.0,0,139.44,5,0,14.8125,3172
Female,28,No,No,0,0,4,No Offer,Yes,18.03,No,Yes,Cable,59,Yes,Yes,No,Yes,No,No,No,Yes,Month-to-Month,Yes,Credit Card,60.4,272.15,0.0,0,72.12,1,4,68.0375,5730
Female,57,No,No,0,0,45,Offer B,Yes,37.39,No,Yes,DSL,30,Yes,No,Yes,Yes,Yes,Yes,Yes,Yes,Two Year,No,Bank Withdrawal,81.65,3618.7,0.0,0,1682.55,3,7,80.41555555555556,5937
Male,22,No,No,0,0,32,Offer C,Yes,27.69,Yes,Yes,Fiber Optic,73,Yes,Yes,No,Yes,Yes,Yes,Yes,Yes,Month-to-Month,Yes,Credit Card,108.15,3432.9,0.0,0,886.08,1,7,107.278125,2541
Female,52,No,No,0,0,11,Offer D,Yes,24.57,Yes,Yes,Cable,10,No,No,No,No,No,Yes,Yes,No,Month-to-Month,Yes,Credit Card,58.95,601.6,0.0,70,270.27,4,2,54.690909090909095,3880
Female,39,No,No,2,0,4,No Offer,Yes,29.4,No,Yes,Fiber Optic,17,No,No,No,No,No,No,No,Yes,Month-to-Month,Yes,Bank Withdrawal,70.15,268.35,21.69,0,117.6,2,1,67.0875,2227
Male,58,No,No,0,0,2,No Offer,Yes,26.47,No,Yes,Fiber Optic,10,No,No,No,No,No,Yes,Yes,No,Month-to-Month,Yes,Bank Withdrawal,80.2,181.1,0.0,10,52.94,1,2,90.55,2384
Female,25,No,No,0,0,66,No Offer,Yes,21.37,No,Yes,DSL,30,Yes,Yes,Yes,No,No,No,No,Yes,Two Year,Yes,Bank Withdrawal,61.15,4017.45,0.0,0,1410.42,3,4,60.87045454545454,5133
Female,47,No,No,0,0,36,No Offer,Yes,41.33,No,No,No Internet,0,No,No,No,No,No,No,No,No,One Year,No,Credit Card,19.55,620.75,0.0,0,1487.88,5,0,17.243055555555557,2691
Male,53,No,Yes,1,1,64,No Offer,Yes,13.73,Yes,Yes,Fiber Optic,12,No,Yes,Yes,Yes,Yes,Yes,Yes,Yes,Two Year,Yes,Credit Card,109.2,6741.15,17.3,0,878.72,4,7,105.33046875,5543
Female,59,No,Yes,3,10,9,No Offer,Yes,12.55,No,No,No Internet,0,No,No,No,No,No,No,No,No,One Year,No,Credit Card,20.25,172.35,0.0,0,112.95,5,0,19.15,4272
Male,27,No,No,0,0,4,Offer E,No,0.0,No,Yes,DSL,48,No,No,Yes,No,No,No,Yes,Yes,Month-to-Month,Yes,Bank Withdrawal,29.65,118.5,0.0,0,0.0,3,3,29.625,4207
Female,49,No,Yes,0,4,62,No Offer,Yes,8.91,Yes,No,No Internet,0,No,No,No,No,No,No,No,No,Two Year,No,Bank Withdrawal,23.65,1416.75,0.0,0,552.42,4,0,22.850806451612904,4671
Male,19,No,No,0,0,2,No Offer,Yes,49.81,No,Yes,DSL,41,No,No,No,No,No,No,Yes,Yes,Month-to-Month,Yes,Credit Card,46.0,84.5,0.0,0,99.62,3,2,42.25,2667
Female,56,No,No,0,0,3,No Offer,Yes,16.15,No,Yes,Fiber Optic,13,No,No,No,No,Yes,Yes,Yes,Yes,Month-to-Month,Yes,Bank Withdrawal,89.45,240.45,0.0,0,48.45,3,4,80.14999999999999,3591
Female,47,No,Yes,2,8,68,No Offer,Yes,20.15,Yes,Yes,DSL,16,Yes,Yes,Yes,No,Yes,No,No,Yes,One Year,Yes,Credit Card,73.0,5163.0,0.0,0,1370.2,4,5,75.92647058823529,4156
Male,33,No,Yes,2,4,13,No Offer,Yes,13.77,Yes,Yes,DSL,23,No,Yes,Yes,Yes,Yes,No,No,Yes,Month-to-Month,Yes,Bank Withdrawal,72.8,930.05,0.0,0,179.01,4,5,71.54230769230769,2862
Male,41,No,No,3,0,19,Offer D,Yes,24.1,No,No,No Internet,0,No,No,No,No,No,No,No,No,Month-to-Month,Yes,Bank Withdrawal,20.0,377.55,0.0,0,457.9,3,0,19.871052631578948,5188
Male,70,Yes,No,0,0,2,No Offer,Yes,25.19,Yes,Yes,Fiber Optic,14,No,No,No,No,Yes,Yes,No,Yes,Month-to-Month,Yes,Bank Withdrawal,93.85,196.75,0.0,0,50.38,1,3,98.375,4998
Female,75,Yes,Yes,0,7,25,No Offer,Yes,38.59,No,Yes,Fiber Optic,24,No,No,No,No,No,No,No,Yes,Two Year,Yes,Bank Withdrawal,69.3,1813.1,0.0,0,964.75,4,1,72.524,4442
Male,66,Yes,Yes,0,6,65,No Offer,Yes,32.08,Yes,Yes,Fiber Optic,8,Yes,No,No,No,Yes,Yes,No,Yes,One Year,Yes,Bank Withdrawal,100.75,6674.65,0.0,0,2085.2,3,4,102.68692307692307,4368
Male,28,No,Yes,1,9,47,Offer B,Yes,6.51,No,No,No Internet,0,No,No,No,No,No,No,No,No,One Year,No,Credit Card,20.05,951.55,0.0,0,305.97,5,0,20.245744680851065,5183
Female,68,Yes,Yes,0,4,55,No Offer,Yes,22.74,Yes,Yes,Fiber Optic,21,No,Yes,Yes,Yes,No,No,No,Yes,Two Year,No,Bank Withdrawal,90.45,5044.8,12.48,0,1250.7,4,4,91.72363636363637,5140
Female,31,No,No,0,0,1,Offer E,No,0.0,No,Yes,DSL,8,No,No,No,No,Yes,No,No,Yes,Month-to-Month,Yes,Bank Withdrawal,34.7,34.7,0.0,0,0.0,3,2,34.7,4476
Female,24,No,Yes,0,7,72,Offer A,Yes,20.54,No,Yes,Cable,41,Yes,Yes,Yes,Yes,Yes,Yes,Yes,Yes,Two Year,No,Credit Card,85.1,6155.4,0.0,0,1478.88,4,8,85.49166666666666,4147
Male,23,No,Yes,0,1,60,Offer B,Yes,16.42,Yes,No,No Internet,0,No,No,No,No,No,No,No,No,One Year,No,Bank Withdrawal,24.15,1505.9,0.0,0,985.2,3,0,25.098333333333336,4501
Male,72,Yes,No,0,0,60,No Offer,Yes,10.2,Yes,Yes,DSL,29,Yes,Yes,No,No,No,Yes,Yes,No,One Year,Yes,Bank Withdrawal,71.75,4374.55,0.0,10,612.0,3,4,72.90916666666666,4964
Female,73,Yes,Yes,0,1,1,No Offer,Yes,31.27,Yes,Yes,Fiber Optic,11,No,No,No,No,No,No,No,No,Month-to-Month,Yes,Bank Withdrawal,74.45,74.45,0.0,10,31.27,2,0,74.45,2394
Male,60,No,No,0,0,31,Offer C,Yes,1.53,No,Yes,DSL,6,No,No,Yes,Yes,No,No,No,No,Month-to-Month,Yes,Bank Withdrawal,55.25,1715.65,0.0,10,47.43,3,2,55.343548387096774,2933
Female,74,Yes,No,0,0,2,Offer E,Yes,19.09,No,Yes,DSL,30,No,No,No,No,No,No,No,Yes,Month-to-Month,No,Bank Withdrawal,43.95,85.1,0.0,0,38.18,5,1,42.55,4057
Female,62,No,No,0,0,5,No Offer,Yes,29.75,No,Yes,Fiber Optic,6,No,No,No,Yes,No,No,No,Yes,Month-to-Month,Yes,Credit Card,75.65,399.45,0.0,0,148.75,5,2,79.89,2296
Female,50,No,No,0,0,2,No Offer,Yes,41.08,Yes,Yes,Fiber Optic,25,No,No,No,No,No,No,No,Yes,Month-to-Month,Yes,Credit Card,74.9,136.05,0.0,0,82.16,4,1,68.025,2044
Male,54,No,No,0,0,12,Offer D,Yes,45.8,Yes,Yes,DSL,4,Yes,Yes,No,Yes,No,No,No,Yes,Month-to-Month,Yes,Bank Withdrawal,67.25,832.3,0.0,0,549.6,3,4,69.35833333333333,4334
Female,71,Yes,No,0,0,26,No Offer,Yes,33.74,No,Yes,Fiber Optic,7,Yes,No,No,No,Yes,No,No,Yes,Month-to-Month,Yes,Credit Card,85.8,2193.65,0.0,0,877.24,3,3,84.37115384615385,5700
Male,29,No,No,0,0,4,No Offer,Yes,46.53,No,No,No Internet,0,No,No,No,No,No,No,No,No,Month-to-Month,Yes,Bank Withdrawal,20.2,55.7,0.0,0,186.12,3,0,13.925,4267
Female,50,No,No,0,0,25,Offer C,Yes,30.28,No,No,No Internet,0,No,No,No,No,No,No,No,No,Month-to-Month,No,Mailed Check,19.05,461.3,0.0,0,757.0,5,0,18.452,2692
Male,37,No,No,0,0,33,No Offer,Yes,28.84,No,Yes,Fiber Optic,23,No,No,No,No,No,No,No,Yes,Month-to-Month,No,Bank Withdrawal,68.25,2171.15,0.0,0,951.72,2,1,65.79242424242425,5647
Female,28,No,Yes,3,1,72,Offer A,No,0.0,No,Yes,Cable,59,Yes,Yes,Yes,Yes,No,Yes,Yes,Yes,Two Year,No,Credit Card,55.65,3880.05,0.0,0,0.0,4,7,53.889583333333334,5192
Male,50,No,Yes,2,1,22,Offer D,Yes,37.7,No,No,No Internet,0,No,No,No,No,No,No,No,No,One Year,No,Bank Withdrawal,20.25,488.25,0.0,0,829.4,3,0,22.193181818181817,3339
Female,30,No,No,0,0,71,No Offer,Yes,2.66,Yes,No,No Internet,0,No,No,No,No,No,No,No,No,Two Year,No,Bank Withdrawal,24.55,1719.15,0.0,0,188.86,5,0,24.213380281690142,4555
Male,34,No,No,0,0,52,No Offer,Yes,6.8,Yes,Yes,DSL,30,Yes,Yes,Yes,Yes,Yes,Yes,Yes,Yes,Two Year,Yes,Credit Card,89.25,4652.4,0.0,0,353.6,3,8,89.46923076923076,4624
Female,80,Yes,No,0,0,15,No Offer,Yes,39.57,No,Yes,Fiber Optic,16,No,No,No,No,Yes,Yes,No,Yes,Two Year,Yes,Bank Withdrawal,91.5,1400.3,48.66,0,593.55,3,3,93.35333333333332,4173
Male,35,No,Yes,0,1,11,Offer D,Yes,9.14,Yes,Yes,Fiber Optic,19,No,No,No,No,No,No,No,Yes,Month-to-Month,Yes,Bank Withdrawal,74.35,834.2,0.0,0,100.54,2,1,75.83636363636364,5075
Female,40,No,Yes,0,9,2,No Offer,Yes,22.23,Yes,Yes,Fiber Optic,13,No,No,No,No,Yes,No,No,Yes,Month-to-Month,Yes,Bank Withdrawal,84.05,134.05,0.0,0,44.46,5,2,67.025,2115
Male,23,No,No,0,0,14,Offer D,Yes,36.42,No,No,No Internet,0,No,No,No,No,No,No,No,No,One Year,No,Bank Withdrawal,20.4,275.7,0.0,0,509.88,5,0,19.692857142857143,5068
Male,23,No,No,0,0,27,Offer C,Yes,8.86,Yes,Yes,Fiber Optic,73,No,No,Yes,No,Yes,Yes,Yes,No,One Year,Yes,Bank Withdrawal,100.5,2673.45,0.0,70,239.22,3,4,99.01666666666667,5939
Female,25,No,No,0,0,15,Offer D,Yes,36.34,No,Yes,DSL,48,No,No,Yes,No,No,Yes,Yes,Yes,Month-to-Month,Yes,Bank Withdrawal,59.45,892.65,0.0,0,545.1,1,4,59.51,5129
Male,47,No,No,0,0,35,No Offer,Yes,17.2,No,No,No Internet,0,No,No,No,No,No,No,No,No,Two Year,No,Bank Withdrawal,21.45,705.45,0.0,0,602.0,3,0,20.155714285714286,3967
Female,40,No,No,0,0,3,No Offer,Yes,17.87,Yes,Yes,Fiber Optic,25,No,No,No,No,No,No,No,Yes,Month-to-Month,No,Bank Withdrawal,75.25,242.0,0.0,0,53.61,3,1,80.66666666666667,5898
Female,38,No,Yes,0,10,61,Offer B,No,0.0,No,Yes,DSL,17,No,Yes,Yes,Yes,Yes,No,No,Yes,Two Year,No,Credit Card,51.35,3244.4,0.0,0,0.0,3,5,53.18688524590164,4159
Male,29,No,Yes,0,4,72,Offer A,Yes,35.71,Yes,Yes,Fiber Optic,58,Yes,Yes,Yes,Yes,Yes,Yes,Yes,Yes,Two Year,No,Bank Withdrawal,115.15,8349.45,0.0,0,2571.12,4,8,115.96458333333334,5398
Female,28,No,Yes,3,3,72,No Offer,Yes,24.48,Yes,Yes,Cable,69,Yes,No,Yes,Yes,Yes,Yes,Yes,No,Two Year,Yes,Bank Withdrawal,83.3,6042.7,0.0,80,1762.56,3,6,83.92638888888888,4505
Male,55,No,Yes,0,1,33,Offer C,Yes,26.8,No,Yes,Fiber Optic,17,No,No,No,No,Yes,Yes,Yes,No,Month-to-Month,No,Bank Withdrawal,91.25,2964.05,0.0,130,884.4,5,3,89.81969696969698,3296
Male,64,No,Yes,1,5,62,Offer B,Yes,20.96,No,No,No Internet,0,No,No,No,No,No,No,No,No,Two Year,No,Credit Card,20.05,1263.9,0.0,0,1299.52,5,0,20.385483870967743,6444
Female,45,No,No,0,0,19,No Offer,Yes,18.57,No,No,No Internet,0,No,No,No,No,No,No,No,No,One Year,No,Credit Card,20.25,383.65,0.0,0,352.83,4,0,20.192105263157895,5586
Female,50,No,Yes,2,1,11,No Offer,Yes,15.04,Yes,No,No Internet,0,No,No,No,No,No,No,No,No,Two Year,No,Credit Card,25.0,300.7,0.0,0,165.44,4,0,27.336363636363636,5409
Female,56,No,Yes,0,4,51,Offer B,Yes,47.18,No,Yes,Cable,12,Yes,Yes,No,Yes,No,No,No,Yes,One Year,Yes,Bank Withdrawal,60.5,3145.15,0.0,0,2406.18,3,4,61.66960784313726,4207
Female,58,No,Yes,1,6,16,Offer D,Yes,40.03,No,Yes,Fiber Optic,20,No,Yes,No,No,No,No,No,Yes,Month-to-Month,No,Bank Withdrawal,73.25,1195.75,0.0,0,640.48,3,2,74.734375,3624
Female,44,No,No,0,0,31,No Offer,Yes,33.38,Yes,Yes,Fiber Optic,27,No,No,No,No,Yes,No,No,Yes,Month-to-Month,Yes,Credit Card,86.55,2697.4,0.0,0,1034.78,3,2,87.01290322580645,4198
Female,56,No,Yes,0,9,71,No Offer,Yes,13.41,Yes,Yes,DSL,18,No,Yes,Yes,Yes,Yes,Yes,Yes,Yes,Two Year,Yes,Credit Card,83.3,5894.5,37.44,0,952.11,4,7,83.02112676056338,4264
Female,20,No,No,0,0,1,Offer E,Yes,17.23,No,Yes,Fiber Optic,52,No,Yes,No,Yes,Yes,No,Yes,Yes,Month-to-Month,No,Bank Withdrawal,91.7,91.7,0.0,0,17.23,3,5,91.7,4319
Female,48,No,Yes,3,1,19,Offer D,Yes,31.85,No,No,No Internet,0,No,No,No,No,No,No,No,No,Two Year,No,Credit Card,20.15,387.7,2.97,0,605.15,3,0,20.405263157894737,4246
Female,45,No,Yes,1,7,13,No Offer,Yes,5.58,No,No,No Internet,0,No,No,No,No,No,No,No,No,Two Year,Yes,Bank Withdrawal,19.75,246.7,0.0,0,72.54,3,0,18.976923076923075,4314
Male,28,No,No,1,0,13,Offer D,Yes,19.17,No,Yes,Cable,59,Yes,No,No,No,No,No,Yes,Yes,Month-to-Month,Yes,Credit Card,52.1,670.65,0.0,0,249.21,3,3,51.58846153846154,4929
Female,45,No,No,0,0,9,Offer E,No,0.0,No,Yes,DSL,21,No,Yes,No,No,No,Yes,Yes,No,Month-to-Month,No,Bank Withdrawal,40.75,359.4,0.0,20,0.0,4,3,39.93333333333333,2973
Male,42,No,Yes,0,4,71,No Offer,Yes,6.19,Yes,Yes,Fiber Optic,9,Yes,Yes,Yes,Yes,Yes,Yes,Yes,Yes,Two Year,Yes,Bank Withdrawal,116.25,8564.75,0.0,0,439.49,3,8,120.63028169014085,6124
Male,63,No,Yes,3,4,70,No Offer,Yes,38.83,Yes,Yes,DSL,24,No,Yes,Yes,Yes,Yes,Yes,Yes,Yes,Two Year,Yes,Bank Withdrawal,84.1,5979.7,0.0,0,2718.1,4,7,85.42428571428572,5568
Male,77,Yes,Yes,0,10,43,Offer B,Yes,37.09,No,Yes,Fiber Optic,8,No,Yes,Yes,No,Yes,Yes,Yes,Yes,One Year,Yes,Bank Withdrawal,100.55,4304.0,0.0,0,1594.87,4,6,100.09302325581395,4499
Male,43,No,No,0,0,66,Offer A,Yes,33.02,Yes,Yes,Fiber Optic,6,No,Yes,No,Yes,Yes,Yes,Yes,Yes,One Year,Yes,Bank Withdrawal,104.25,6860.6,44.0,0,2179.32,4,6,103.94848484848485,4915
Female,77,Yes,No,0,0,56,Offer B,Yes,19.46,Yes,Yes,Fiber Optic,28,No,Yes,Yes,Yes,Yes,Yes,No,Yes,One Year,Yes,Bank Withdrawal,111.95,6418.9,0.0,0,1089.76,3,6,114.62321428571428,4060
Female,56,No,No,0,0,8,No Offer,Yes,10.91,No,Yes,DSL,16,No,No,No,No,No,No,No,Yes,Month-to-Month,No,Credit Card,44.45,369.3,0.0,0,87.28,3,1,46.1625,4909
Female,19,No,No,0,0,19,No Offer,Yes,24.35,No,Yes,Cable,69,No,Yes,No,No,Yes,No,No,Yes,One Year,No,Bank Withdrawal,58.2,1045.25,0.0,0,462.65,4,3,55.01315789473684,4033
Female,20,No,Yes,0,1,9,Offer E,Yes,6.35,No,Yes,Cable,69,Yes,Yes,Yes,Yes,No,No,No,Yes,Month-to-Month,No,Mailed Check,65.0,663.05,0.0,0,57.15,1,5,73.67222222222222,3983
Male,69,Yes,Yes,0,5,60,Offer B,Yes,10.4,Yes,Yes,Fiber Optic,5,No,No,No,Yes,Yes,Yes,No,No,Two Year,Yes,Bank Withdrawal,99.0,6017.9,0.0,150,624.0,3,3,100.29833333333333,4763
Female,64,No,Yes,0,6,43,No Offer,Yes,12.98,Yes,Yes,DSL,8,No,No,No,Yes,Yes,No,No,Yes,One Year,Yes,Bank Withdrawal,64.85,2908.2,0.0,0,558.14,3,3,67.63255813953488,4000
Female,55,No,Yes,0,1,42,Offer B,No,0.0,No,Yes,Cable,5,No,Yes,No,Yes,No,No,No,No,One Year,No,Mailed Check,33.55,1445.3,0.0,50,0.0,2,2,34.41190476190476,2044
Male,42,No,No,0,0,37,No Offer,Yes,44.52,Yes,Yes,DSL,6,Yes,Yes,Yes,Yes,Yes,Yes,Yes,Yes,One Year,Yes,Bank Withdrawal,90.6,3358.65,8.96,0,1647.24,4,8,90.77432432432433,2546
Female,74,Yes,No,0,0,8,No Offer,Yes,27.95,No,No,No Internet,0,No,No,No,No,No,No,No,No,Month-to-Month,No,Bank Withdrawal,19.65,164.3,0.0,0,223.6,2,0,20.5375,5432
Male,60,No,Yes,1,10,67,Offer A,Yes,18.29,Yes,Yes,Fiber Optic,11,Yes,Yes,No,Yes,No,No,No,Yes,One Year,No,Bank Withdrawal,89.55,6038.55,33.76,0,1225.43,3,4,90.12761194029851,6194
Male,59,No,No,0,0,21,Offer D,Yes,34.39,No,No,No Internet,0,No,No,No,No,No,No,No,No,Month-to-Month,No,Credit Card,20.0,417.7,0.0,0,722.19,3,0,19.89047619047619,2366
Female,40,No,No,0,0,1,No Offer,Yes,27.59,No,No,No Internet,0,No,No,No,No,No,No,No,No,Month-to-Month,No,Mailed Check,20.15,20.15,0.0,0,27.59,4,0,20.15,3167
Male,38,No,Yes,3,1,53,No Offer,Yes,20.44,No,No,No Internet,0,No,No,No,No,No,No,No,No,One Year,No,Credit Card,20.2,1068.15,0.0,0,1083.32,4,0,20.15377358490566,6050
Male,35,No,Yes,2,10,59,Offer B,Yes,18.75,No,No,No Internet,0,No,No,No,No,No,No,No,No,Two Year,No,Credit Card,19.5,1147.85,0.0,0,1106.25,3,0,19.45508474576271,5293
Male,21,No,No,0,0,46,Offer B,Yes,37.75,Yes,Yes,Fiber Optic,73,Yes,No,No,No,Yes,No,No,Yes,Month-to-Month,Yes,Credit Card,89.15,4245.55,0.0,0,1736.5,3,3,92.29456521739131,5593
Female,22,No,Yes,0,0,25,No Offer,Yes,29.81,No,Yes,Fiber Optic,52,No,No,No,Yes,Yes,Yes,Yes,No,Month-to-Month,Yes,Bank Withdrawal,95.15,2395.7,0.0,80,745.25,3,4,95.82799999999999,3273
Male,40,No,Yes,2,9,46,Offer B,Yes,26.12,No,No,No Internet,0,No,No,No,No,No,No,No,No,Two Year,No,Credit Card,19.95,862.4,0.0,0,1201.52,5,0,18.747826086956522,3574
Male,40,No,No,1,0,1,No Offer,Yes,26.85,No,Yes,Fiber Optic,11,Yes,No,No,No,No,Yes,Yes,Yes,Month-to-Month,Yes,Credit Card,84.6,84.6,0.0,0,26.85,2,4,84.6,2484
Male,38,No,Yes,0,1,68,Offer A,Yes,11.83,Yes,Yes,DSL,21,Yes,Yes,Yes,Yes,Yes,Yes,Yes,Yes,Two Year,Yes,Credit Card,90.8,6302.85,0.0,0,804.44,4,8,92.68897058823529,4265
Male,77,Yes,No,0,0,4,No Offer,Yes,30.11,No,Yes,Fiber Optic,25,No,No,No,No,No,No,No,Yes,Two Year,No,Bank Withdrawal,69.35,261.65,0.0,0,120.44,3,1,65.4125,4140
Male,24,No,No,0,0,22,Offer D,Yes,23.03,No,No,No Internet,0,No,No,No,No,No,No,No,No,One Year,No,Credit Card,20.3,467.15,0.0,0,506.66,4,0,21.23409090909091,2768
Female,22,No,Yes,0,6,15,No Offer,Yes,30.09,No,Yes,Fiber Optic,71,No,Yes,No,No,No,No,No,Yes,Month-to-Month,No,Bank Withdrawal,75.35,1114.55,0.0,0,451.35,5,2,74.30333333333333,4891
Female,21,No,Yes,3,8,64,No Offer,Yes,37.47,Yes,Yes,Fiber Optic,69,No,Yes,Yes,No,No,Yes,Yes,Yes,One Year,Yes,Bank Withdrawal,92.85,5980.75,0.0,0,2398.08,4,5,93.44921875,5206
Female,41,No,No,0,0,1,Offer E,Yes,46.09,No,Yes,Fiber Optic,10,No,No,No,No,No,Yes,Yes,Yes,Month-to-Month,No,Bank Withdrawal,78.65,78.65,0.0,0,46.09,1,3,78.65,2728
Female,64,No,Yes,0,10,71,No Offer,Yes,4.71,No,Yes,DSL,29,Yes,Yes,Yes,Yes,No,No,No,Yes,Two Year,No,Credit Card,64.05,4492.9,0.0,0,334.41,4,5,63.28028169014084,4374
Female,52,No,Yes,3,10,67,Offer A,Yes,3.04,Yes,Yes,Fiber Optic,30,Yes,No,Yes,Yes,No,Yes,Yes,Yes,One Year,Yes,Bank Withdrawal,100.25,6689.0,0.0,0,203.68,3,6,99.83582089552239,5588
Female,28,No,No,2,0,2,Offer E,Yes,32.06,No,Yes,Cable,52,Yes,No,No,No,No,Yes,Yes,Yes,Month-to-Month,Yes,Credit Card,61.2,125.95,0.0,0,64.12,4,4,62.975,5056
Male,72,Yes,No,0,0,4,No Offer,No,0.0,No,Yes,DSL,10,No,Yes,No,No,Yes,Yes,No,Yes,Two Year,Yes,Credit Card,50.95,207.35,0.0,0,0.0,3,4,51.8375,2104
Female,26,No,Yes,0,1,13,No Offer,Yes,43.56,Yes,Yes,Fiber Optic,52,No,Yes,Yes,No,Yes,No,No,Yes,Month-to-Month,No,Bank Withdrawal,94.1,1215.6,0.0,0,566.28,1,4,93.5076923076923,2973
Male,19,No,No,0,0,2,Offer E,Yes,5.33,No,Yes,Cable,52,Yes,No,Yes,No,No,No,No,Yes,Month-to-Month,Yes,Mailed Check,55.1,113.35,0.0,0,10.66,1,3,56.675,4235
Male,34,No,Yes,0,9,10,Offer D,Yes,21.85,No,Yes,DSL,9,Yes,No,No,Yes,No,No,No,Yes,Month-to-Month,Yes,Credit Card,54.95,568.85,0.0,0,218.5,3,3,56.885000000000005,3519
Male,52,No,Yes,3,1,35,Offer C,Yes,20.85,No,No,No Internet,0,No,No,No,No,No,No,No,No,Two Year,No,Credit Card,19.6,686.95,0.0,0,729.75,4,0,19.627142857142857,3764
Male,60,No,No,0,0,3,Offer E,Yes,49.63,No,Yes,Fiber Optic,26,No,No,No,No,No,Yes,Yes,Yes,Month-to-Month,Yes,Bank Withdrawal,80.35,253.8,0.0,0,148.89,5,3,84.60000000000001,4203
Female,70,Yes,No,0,0,15,No Offer,Yes,7.99,No,Yes,Fiber Optic,27,No,Yes,No,No,No,No,No,Yes,Month-to-Month,Yes,Credit Card,75.3,1147.45,0.0,0,119.85,3,2,76.49666666666667,4526
Female,50,No,No,0,0,65,No Offer,Yes,41.78,Yes,Yes,Fiber Optic,14,Yes,Yes,Yes,No,Yes,Yes,Yes,Yes,Month-to-Month,Yes,Credit Card,111.05,7107.0,0.0,0,2715.7,4,7,109.33846153846154,5261
Female,19,No,No,0,0,72,No Offer,Yes,10.05,Yes,Yes,Fiber Optic,82,No,Yes,Yes,Yes,Yes,Yes,Yes,Yes,Two Year,Yes,Credit Card,108.05,7806.6,0.0,0,723.6,3,7,108.42500000000001,5430
Female,22,No,Yes,1,9,71,Offer A,Yes,37.57,Yes,Yes,DSL,85,Yes,Yes,Yes,Yes,Yes,Yes,Yes,No,Two Year,No,Bank Withdrawal,89.9,6342.7,0.0,150,2667.47,5,7,89.33380281690141,5835
Female,38,No,Yes,0,1,17,Offer D,Yes,4.91,Yes,Yes,Fiber Optic,15,Yes,No,Yes,No,Yes,Yes,Yes,Yes,Month-to-Month,Yes,Bank Withdrawal,104.2,1743.5,0.0,0,83.47,1,6,102.55882352941177,2365
Female,58,No,Yes,0,4,52,No Offer,No,0.0,No,Yes,DSL,8,Yes,No,Yes,No,No,No,No,Yes,One Year,No,Credit Card,35.45,1958.95,0.0,0,0.0,4,3,37.67211538461539,5509
Male,38,No,Yes,3,6,72,Offer A,Yes,32.22,Yes,Yes,Fiber Optic,25,Yes,Yes,Yes,Yes,No,Yes,Yes,Yes,Two Year,Yes,Credit Card,104.9,7732.65,0.0,0,2319.84,4,7,107.39791666666666,6378
Male,59,No,Yes,0,9,66,Offer A,Yes,45.03,No,No,No Internet,0,No,No,No,No,No,No,No,No,One Year,Yes,Bank Withdrawal,20.35,1359.5,0.0,0,2971.98,5,0,20.598484848484848,4845
Male,33,No,Yes,1,4,20,No Offer,No,0.0,No,Yes,Cable,22,Yes,No,Yes,Yes,No,No,No,Yes,Two Year,Yes,Credit Card,39.4,825.4,0.0,0,0.0,3,4,41.269999999999996,3899
Male,51,No,Yes,0,1,2,No Offer,Yes,46.92,No,Yes,Fiber Optic,7,No,No,Yes,Yes,No,Yes,Yes,Yes,Month-to-Month,No,Credit Card,90.0,190.05,0.0,0,93.84,2,5,95.025,3902
Female,74,Yes,No,0,0,35,No Offer,Yes,32.92,Yes,Yes,Fiber Optic,22,Yes,Yes,Yes,Yes,Yes,Yes,Yes,No,One Year,Yes,Bank Withdrawal,110.8,3836.3,0.0,110,1152.2,3,7,109.60857142857144,2125
Female,51,No,No,0,0,41,No Offer,Yes,6.16,Yes,Yes,DSL,12,No,Yes,Yes,No,Yes,Yes,Yes,Yes,One Year,Yes,Bank Withdrawal,80.55,3263.9,0.0,0,252.56,3,6,79.60731707317073,4176
Male,45,No,No,0,0,72,No Offer,Yes,33.93,Yes,Yes,Fiber Optic,18,No,Yes,Yes,No,Yes,Yes,Yes,Yes,One Year,Yes,Bank Withdrawal,104.95,7544.3,25.42,0,2442.96,5,6,104.78194444444445,5760
Female,58,No,No,0,0,45,No Offer,Yes,1.57,Yes,Yes,Fiber Optic,30,Yes,Yes,No,No,No,Yes,Yes,Yes,One Year,No,Bank Withdrawal,96.75,4442.75,0.0,0,70.65,4,5,98.72777777777777,3682
Male,34,No,No,0,0,34,No Offer,Yes,4.89,No,Yes,Cable,27,No,Yes,No,No,No,No,No,No,Month-to-Month,Yes,Bank Withdrawal,49.8,1734.2,0.0,70,166.26,4,1,51.00588235294118,2711
Female,50,No,No,0,0,46,Offer B,Yes,2.03,No,Yes,Cable,7,No,No,No,No,No,Yes,Yes,Yes,One Year,No,Credit Card,55.65,2688.85,0.0,0,93.38,5,3,58.45326086956521,2867
Male,56,No,Yes,0,8,70,Offer A,Yes,27.97,Yes,Yes,Cable,2,Yes,Yes,Yes,Yes,Yes,No,No,Yes,Two Year,Yes,Bank Withdrawal,79.25,5731.85,0.0,0,1957.9,3,6,81.88357142857143,5085
Female,52,No,Yes,0,0,1,No Offer,Yes,21.91,No,Yes,Fiber Optic,8,No,Yes,No,No,No,No,No,Yes,Month-to-Month,Yes,Bank Withdrawal,74.7,74.7,0.0,0,21.91,1,2,74.7,5980
Female,34,No,No,0,0,15,No Offer,Yes,31.68,No,Yes,Cable,23,No,Yes,No,No,No,No,No,Yes,Month-to-Month,No,Bank Withdrawal,48.85,736.8,0.0,0,475.2,5,2,49.12,5584
Male,27,No,No,0,0,36,Offer C,Yes,42.51,No,Yes,Cable,52,Yes,No,Yes,Yes,Yes,Yes,Yes,No,Month-to-Month,Yes,Credit Card,79.2,2854.95,0.0,40,1530.36,3,6,79.30416666666666,4830
Male,65,Yes,Yes,0,1,69,No Offer,Yes,16.34,Yes,Yes,Fiber Optic,4,No,Yes,No,No,Yes,No,No,No,Month-to-Month,Yes,Bank Withdrawal,89.95,6143.15,6.79,110,1127.46,1,2,89.03115942028985,6363
Female,35,No,No,0,0,1,No Offer,Yes,22.37,No,No,No Internet,0,No,No,No,No,No,No,No,No,Month-to-Month,No,Credit Card,19.15,19.15,0.0,0,22.37,5,0,19.15,2577
Female,78,Yes,Yes,0,2,68,No Offer,Yes,40.55,No,Yes,DSL,20,No,Yes,Yes,Yes,No,No,No,Yes,One Year,Yes,Bank Withdrawal,60.65,3975.9,0.0,0,2757.4,5,4,58.46911764705882,6418
Female,20,No,No,0,0,6,Offer E,Yes,20.26,No,Yes,Fiber Optic,26,Yes,Yes,Yes,Yes,No,Yes,Yes,Yes,Month-to-Month,Yes,Bank Withdrawal,98.15,567.45,0.0,0,121.56,1,7,94.575,3578
Female,56,No,No,0,0,1,Offer E,Yes,5.1,Yes,Yes,Fiber Optic,10,No,No,Yes,No,No,No,No,Yes,Month-to-Month,Yes,Credit Card,79.55,79.55,0.0,0,5.1,2,2,79.55,5571
Female,31,No,No,0,0,4,No Offer,Yes,3.05,No,No,No Internet,0,No,No,No,No,No,No,No,No,Month-to-Month,No,Credit Card,20.45,82.85,0.0,0,12.2,5,0,20.7125,4344
Male,33,No,No,0,0,6,No Offer,Yes,10.54,No,No,No Internet,0,No,No,No,No,No,No,No,No,One Year,No,Credit Card,19.15,124.4,0.0,0,63.24,5,0,20.733333333333334,5322
Male,38,No,No,2,0,32,No Offer,Yes,16.94,No,No,No Internet,0,No,No,No,No,No,No,No,No,Two Year,No,Credit Card,20.5,696.8,0.0,0,542.08,4,0,21.775,3114
Male,36,No,No,3,0,23,No Offer,No,0.0,No,Yes,DSL,26,Yes,No,Yes,Yes,No,No,No,Yes,Two Year,No,Credit Card,40.1,857.75,0.0,0,0.0,4,4,37.29347826086956,2327
Female,52,No,No,0,0,14,No Offer,Yes,27.68,No,Yes,DSL,26,Yes,No,No,Yes,No,No,No,No,One Year,No,Credit Card,55.7,795.15,0.0,100,387.52,4,2,56.79642857142857,4978
Male,44,No,Yes,3,10,50,No Offer,No,0.0,No,Yes,DSL,23,Yes,No,No,No,Yes,No,No,Yes,Month-to-Month,Yes,Credit Card,39.45,2021.35,0.0,0,0.0,3,3,40.427,6018
Male,76,Yes,Yes,0,5,72,No Offer,Yes,27.74,Yes,Yes,Fiber Optic,3,No,Yes,Yes,Yes,Yes,Yes,Yes,Yes,Two Year,No,Credit Card,109.7,7898.45,0.0,0,1997.28,4,7,109.70069444444444,4319
Male,56,No,No,0,0,53,Offer B,Yes,49.21,No,Yes,Fiber Optic,29,No,Yes,No,Yes,No,No,No,No,Month-to-Month,Yes,Credit Card,80.6,4348.1,39.45,90,2608.13,4,2,82.03962264150944,6113
Female,58,No,No,3,0,41,No Offer,Yes,38.94,No,Yes,DSL,28,No,No,No,No,No,No,No,Yes,Month-to-Month,No,Bank Withdrawal,45.2,1841.9,0.0,0,1596.54,5,1,44.924390243902444,4418
Female,39,No,No,0,0,10,No Offer,Yes,5.63,Yes,Yes,Fiber Optic,26,No,No,No,No,No,No,No,Yes,Month-to-Month,Yes,Bank Withdrawal,74.75,799.65,0.0,0,56.3,1,1,79.965,5578
Female,29,No,Yes,1,9,32,Offer C,Yes,33.28,Yes,Yes,DSL,51,No,Yes,Yes,No,No,No,Yes,Yes,Month-to-Month,No,Bank Withdrawal,62.45,2045.55,0.0,0,1064.96,3,4,63.9234375,5442
Female,34,No,Yes,1,1,41,Offer B,Yes,21.28,No,No,No Internet,0,No,No,No,No,No,No,No,No,Two Year,No,Bank Withdrawal,19.3,772.4,0.0,0,872.48,3,0,18.839024390243903,4180
Male,39,No,Yes,0,7,58,Offer B,Yes,5.69,Yes,Yes,Fiber Optic,10,No,No,Yes,No,Yes,Yes,Yes,Yes,One Year,No,Credit Card,100.35,5681.1,0.0,0,330.02,3,5,97.95,6432
Male,28,No,Yes,0,9,48,Offer B,Yes,22.36,Yes,Yes,Fiber Optic,59,Yes,Yes,Yes,No,Yes,Yes,Yes,Yes,Month-to-Month,Yes,Bank Withdrawal,111.45,5315.1,0.0,0,1073.28,3,7,110.73125,2319
Female,65,Yes,Yes,3,7,65,Offer B,Yes,19.58,Yes,Yes,Fiber Optic,26,No,Yes,Yes,No,Yes,Yes,Yes,Yes,One Year,Yes,Bank Withdrawal,107.45,7047.5,0.0,0,1272.7,4,6,108.42307692307692,6211
Female,24,No,Yes,2,4,70,Offer A,Yes,4.27,Yes,No,No Internet,0,No,No,No,No,No,No,No,No,Two Year,No,Credit Card,24.05,1764.75,0.0,0,298.9,5,0,25.210714285714285,4722
Male,25,No,Yes,0,6,50,Offer B,Yes,14.32,Yes,Yes,Cable,58,No,No,Yes,Yes,Yes,No,No,Yes,One Year,Yes,Bank Withdrawal,69.65,3442.15,0.0,0,716.0,4,4,68.843,4706
Female,20,No,Yes,0,5,63,Offer B,Yes,20.51,No,Yes,Fiber Optic,51,No,Yes,No,No,Yes,Yes,Yes,No,One Year,Yes,Bank Withdrawal,96.0,6109.75,0.0,30,1292.13,3,4,96.98015873015873,5016
Female,73,Yes,Yes,0,5,27,Offer C,Yes,10.19,Yes,Yes,Fiber Optic,27,Yes,No,No,Yes,Yes,Yes,No,Yes,Month-to-Month,Yes,Bank Withdrawal,104.3,2867.75,0.0,0,275.13,1,5,106.21296296296296,3444
Male,51,No,Yes,2,10,19,Offer D,Yes,9.47,Yes,Yes,DSL,13,No,No,No,No,No,No,No,No,Month-to-Month,No,Credit Card,50.1,910.45,0.0,120,179.93,5,0,47.91842105263158,5749
Male,73,Yes,Yes,0,8,14,No Offer,Yes,45.76,No,No,No Internet,0,No,No,No,No,No,No,No,No,One Year,No,Credit Card,19.65,228.65,0.0,0,640.64,5,0,16.33214285714286,2962
Male,28,No,No,0,0,24,Offer C,No,0.0,No,Yes,DSL,46,Yes,No,No,No,Yes,Yes,Yes,Yes,One Year,Yes,Mailed Check,50.6,1288.75,0.0,0,0.0,3,5,53.697916666666664,4806
Female,51,No,No,0,0,28,Offer C,Yes,44.11,No,Yes,Cable,15,Yes,Yes,No,No,No,No,No,No,Month-to-Month,No,Bank Withdrawal,56.05,1522.65,0.0,110,1235.08,3,2,54.38035714285714,4468
Male,34,No,Yes,1,2,25,No Offer,Yes,47.1,Yes,Yes,DSL,25,No,No,No,Yes,No,No,No,Yes,One Year,Yes,Credit Card,55.1,1466.1,0.0,0,1177.5,4,2,58.644,2499
Female,70,Yes,Yes,0,8,62,Offer B,Yes,22.74,Yes,Yes,Fiber Optic,18,Yes,No,Yes,No,Yes,Yes,Yes,Yes,One Year,Yes,Bank Withdrawal,104.85,6312.9,0.0,0,1409.88,3,6,101.82096774193548,5061
Female,30,No,Yes,0,1,21,No Offer,No,0.0,No,Yes,Cable,69,Yes,No,Yes,No,Yes,Yes,Yes,No,One Year,Yes,Bank Withdrawal,55.95,1157.05,0.0,10,0.0,1,5,55.09761904761905,5531
Female,61,No,Yes,0,8,64,Offer B,Yes,49.26,Yes,Yes,Fiber Optic,18,No,Yes,No,Yes,Yes,Yes,Yes,Yes,Two Year,Yes,Bank Withdrawal,105.4,6794.75,32.24,0,3152.64,3,6,106.16796875,4512
Male,47,No,No,0,0,14,Offer D,No,0.0,No,Yes,DSL,4,No,No,Yes,Yes,Yes,Yes,Yes,Yes,Month-to-Month,Yes,Bank Withdrawal,55.0,771.95,0.0,0,0.0,3,6,55.13928571428572,4900
Female,49,No,Yes,3,9,72,No Offer,No,0.0,No,Yes,DSL,53,No,Yes,No,Yes,Yes,Yes,Yes,Yes,Two Year,No,Credit Card,53.65,3784.0,0.0,0,0.0,3,6,52.55555555555556,5498
Female,32,No,Yes,2,1,11,No Offer,No,0.0,No,Yes,DSL,17,Yes,No,No,No,No,No,No,Yes,Month-to-Month,Yes,Bank Withdrawal,29.6,346.45,27.24,0,0.0,4,2,31.495454545454546,2793
Female,51,No,Yes,3,2,12,No Offer,Yes,7.97,No,Yes,DSL,52,No,No,Yes,No,Yes,No,No,Yes,Month-to-Month,Yes,Credit Card,58.35,740.55,0.0,0,95.64,4,3,61.7125,5068
Female,33,No,Yes,0,9,43,No Offer,Yes,49.48,Yes,Yes,Fiber Optic,11,Yes,Yes,No,No,No,Yes,Yes,Yes,Month-to-Month,Yes,Bank Withdrawal,94.1,4107.3,0.0,0,2127.64,3,5,95.51860465116279,4392
Male,20,No,Yes,0,1,14,Offer D,Yes,7.26,Yes,Yes,Fiber Optic,42,No,No,No,No,Yes,No,No,Yes,Month-to-Month,Yes,Bank Withdrawal,86.1,1235.55,0.0,0,101.64,1,2,88.25357142857142,2177
Female,54,No,Yes,0,9,42,No Offer,Yes,1.31,No,Yes,Fiber Optic,17,No,No,Yes,Yes,Yes,Yes,Yes,Yes,Two Year,Yes,Credit Card,99.0,4135.0,0.0,0,55.02,4,6,98.45238095238095,4545
Male,73,Yes,No,0,0,20,No Offer,Yes,44.44,Yes,Yes,Fiber Optic,13,No,No,Yes,No,Yes,Yes,No,No,Month-to-Month,Yes,Bank Withdrawal,98.55,1842.8,0.0,120,888.8,3,3,92.14,5444
Male,77,Yes,Yes,0,2,61,No Offer,Yes,2.19,Yes,Yes,Fiber Optic,8,No,Yes,Yes,Yes,Yes,No,No,Yes,One Year,Yes,Credit Card,98.3,6066.55,0.0,0,133.59,3,5,99.4516393442623,5413
Female,62,No,No,0,0,7,Offer E,Yes,46.79,Yes,Yes,Fiber Optic,25,No,No,No,No,No,No,No,Yes,Month-to-Month,Yes,Bank Withdrawal,74.9,541.15,0.0,0,327.53,1,1,77.30714285714285,5159
Female,34,No,No,0,0,22,No Offer,No,0.0,No,Yes,DSL,8,No,No,Yes,No,Yes,Yes,Yes,Yes,Month-to-Month,Yes,Bank Withdrawal,50.6,1073.3,0.0,0,0.0,4,5,48.78636363636363,2854
Male,32,No,No,0,0,3,No Offer,Yes,42.68,Yes,Yes,Cable,27,No,No,No,Yes,Yes,No,No,Yes,Month-to-Month,Yes,Credit Card,65.25,209.9,0.0,0,128.04,5,3,69.96666666666667,2562
Female,35,No,Yes,0,1,34,No Offer,Yes,43.33,Yes,Yes,Fiber Optic,16,No,No,No,No,Yes,Yes,Yes,Yes,Month-to-Month,Yes,Bank Withdrawal,97.65,3207.55,0.0,0,1473.22,2,4,94.33970588235294,3979
Male,62,No,No,0,0,1,Offer E,Yes,38.66,No,Yes,Fiber Optic,18,No,No,No,No,No,No,No,Yes,Month-to-Month,Yes,Bank Withdrawal,69.1,69.1,0.0,0,38.66,1,1,69.1,5795
Male,45,No,Yes,0,2,65,Offer B,Yes,21.58,Yes,Yes,DSL,13,Yes,No,Yes,Yes,No,Yes,Yes,Yes,Two Year,No,Bank Withdrawal,76.15,4929.55,0.0,0,1402.7,4,6,75.83923076923077,6177
Female,45,No,Yes,2,1,59,Offer B,Yes,2.47,No,No,No Internet,0,No,No,No,No,No,No,No,No,Two Year,No,Credit Card,20.6,1286.0,0.0,0,145.73,5,0,21.796610169491526,6325
Male,54,No,Yes,2,8,6,Offer E,Yes,23.73,No,No,No Internet,0,No,No,No,No,No,No,No,No,Month-to-Month,No,Credit Card,19.85,138.85,0.0,0,142.38,5,0,23.141666666666666,2186
Female,22,No,No,0,0,37,No Offer,Yes,24.04,Yes,Yes,Fiber Optic,59,No,Yes,Yes,No,Yes,Yes,Yes,Yes,Month-to-Month,Yes,Bank Withdrawal,101.9,3545.35,0.0,0,889.48,3,6,95.82027027027027,4437
Male,58,No,Yes,0,10,70,Offer A,Yes,48.0,Yes,Yes,Fiber Optic,13,Yes,Yes,Yes,No,Yes,No,No,Yes,Two Year,Yes,Credit Card,99.35,6944.5,0.0,0,3360.0,3,5,99.20714285714286,4120
Female,48,No,Yes,0,10,72,Offer A,Yes,41.68,Yes,Yes,Fiber Optic,28,Yes,Yes,Yes,No,Yes,No,No,Yes,Two Year,No,Bank Withdrawal,100.65,7334.05,0.0,0,3000.96,3,5,101.86180555555556,6380
Female,28,No,Yes,1,10,72,No Offer,Yes,47.02,Yes,Yes,Fiber Optic,48,Yes,Yes,Yes,Yes,Yes,Yes,Yes,Yes,Two Year,Yes,Bank Withdrawal,117.6,8308.9,5.44,0,3385.44,3,8,115.40138888888889,6173
Male,56,No,No,0,0,6,No Offer,Yes,6.93,No,No,No Internet,0,No,No,No,No,No,No,No,No,Month-to-Month,No,Bank Withdrawal,20.15,130.5,0.0,0,41.58,5,0,21.75,5761
Male,67,Yes,No,0,0,65,No Offer,Yes,4.4,Yes,Yes,Fiber Optic,10,Yes,No,Yes,Yes,Yes,Yes,Yes,Yes,Two Year,Yes,Bank Withdrawal,109.05,7108.2,34.67,0,286.0,3,7,109.35692307692307,5692
Female,38,No,Yes,0,1,70,Offer A,Yes,5.48,Yes,Yes,Fiber Optic,14,Yes,Yes,Yes,Yes,No,No,No,Yes,Two Year,No,Bank Withdrawal,93.9,6579.05,0.0,0,383.6,1,5,93.98642857142858,6173
Male,29,No,No,0,0,25,Offer C,Yes,3.58,No,No,No Internet,0,No,No,No,No,No,No,No,No,One Year,Yes,Bank Withdrawal,19.5,516.3,0.0,0,89.5,4,0,20.651999999999997,4761
Female,44,No,No,0,0,5,No Offer,Yes,24.61,No,No,No Internet,0,No,No,No,No,No,No,No,No,Month-to-Month,Yes,Credit Card,20.5,104.3,0.0,0,123.05,3,0,20.86,5263
Female,40,No,No,0,0,9,No Offer,Yes,45.41,No,Yes,Fiber Optic,23,No,No,No,No,No,Yes,Yes,Yes,Month-to-Month,Yes,Bank Withdrawal,79.55,723.4,0.0,0,408.69,1,3,80.37777777777778,3246
Female,30,No,No,0,0,39,Offer C,Yes,1.57,No,No,No Internet,0,No,No,No,No,No,No,No,No,Two Year,No,Mailed Check,20.15,826.0,25.92,0,61.23,3,0,21.17948717948718,2007
Female,22,No,Yes,0,1,62,Offer B,Yes,6.41,No,Yes,Cable,59,Yes,Yes,Yes,No,Yes,No,No,Yes,Two Year,Yes,Credit Card,72.0,4284.2,0.0,0,397.42,4,5,69.1,6489
Female,54,No,No,0,0,35,No Offer,No,0.0,No,Yes,DSL,21,No,No,No,No,No,No,No,No,Month-to-Month,No,Bank Withdrawal,24.15,812.5,0.0,40,0.0,4,0,23.214285714285715,5097
Male,72,Yes,No,0,0,54,No Offer,No,0.0,No,Yes,DSL,26,No,Yes,Yes,No,Yes,Yes,Yes,Yes,One Year,Yes,Bank Withdrawal,55.45,2966.95,0.0,0,0.0,3,6,54.943518518518516,4521
Female,57,No,No,0,0,41,No Offer,Yes,38.21,No,Yes,DSL,5,Yes,No,Yes,Yes,Yes,Yes,Yes,Yes,One Year,Yes,Bank Withdrawal,79.85,3320.75,0.0,0,1566.61,4,7,80.9939024390244,5556
Female,53,No,No,0,0,1,No Offer,Yes,22.86,No,Yes,Fiber Optic,24,No,No,No,No,No,Yes,Yes,Yes,Month-to-Month,Yes,Bank Withdrawal,81.1,81.1,0.0,0,22.86,3,3,81.1,2075
Male,51,No,No,0,0,38,No Offer,Yes,28.0,Yes,Yes,DSL,22,Yes,Yes,Yes,Yes,No,No,No,No,Month-to-Month,No,Bank Withdrawal,69.95,2657.55,0.0,90,1064.0,3,4,69.93552631578947,5858
Male,22,No,No,0,0,51,No Offer,Yes,34.75,Yes,Yes,Cable,59,Yes,Yes,Yes,Yes,Yes,No,No,Yes,One Year,Yes,Credit Card,81.15,4126.2,0.0,0,1772.25,4,6,80.90588235294118,4549
Female,55,No,Yes,0,3,71,No Offer,Yes,32.13,Yes,No,No Internet,0,No,No,No,No,No,No,No,No,Two Year,No,Bank Withdrawal,24.75,1836.9,0.0,0,2281.23,3,0,25.871830985915494,4642
Female,66,Yes,Yes,0,5,58,Offer B,Yes,45.37,Yes,Yes,Fiber Optic,28,No,Yes,No,No,Yes,Yes,No,Yes,One Year,Yes,Bank Withdrawal,97.8,5458.8,0.0,0,2631.46,3,4,94.11724137931034,6019
Female,65,Yes,Yes,0,1,26,Offer C,Yes,18.26,No,Yes,Fiber Optic,3,No,Yes,No,No,No,Yes,Yes,Yes,Month-to-Month,No,Bank Withdrawal,84.95,2169.75,0.0,0,474.76,3,4,83.45192307692308,4316
Male,30,No,Yes,0,7,44,No Offer,Yes,23.75,No,Yes,Fiber Optic,53,No,No,No,No,Yes,Yes,Yes,Yes,One Year,Yes,Bank Withdrawal,90.65,3974.15,0.0,0,1045.0,5,4,90.32159090909092,3786
Male,75,Yes,Yes,0,1,29,No Offer,Yes,25.78,Yes,Yes,Fiber Optic,28,No,No,Yes,No,Yes,Yes,Yes,No,Month-to-Month,Yes,Bank Withdrawal,98.5,3004.15,37.55,40,747.62,3,4,103.59137931034483,5137
Female,80,Yes,Yes,0,5,72,Offer A,Yes,15.23,Yes,Yes,Fiber Optic,2,Yes,Yes,Yes,No,Yes,Yes,No,Yes,Two Year,Yes,Bank Withdrawal,112.4,8046.85,0.0,0,1096.56,3,6,111.76180555555555,6144
Female,27,No,Yes,2,7,55,No Offer,Yes,33.5,Yes,Yes,DSL,51,Yes,Yes,No,Yes,Yes,No,No,Yes,One Year,Yes,Credit Card,75.0,4213.9,0.0,0,1842.5,3,5,76.61636363636363,5011
Female,62,No,No,0,0,28,No Offer,Yes,33.84,No,Yes,Fiber Optic,5,No,No,No,No,No,Yes,Yes,Yes,Month-to-Month,Yes,Bank Withdrawal,80.6,2244.95,0.0,0,947.52,5,3,80.17678571428571,2951
Female,49,No,Yes,2,9,55,Offer B,Yes,36.41,No,Yes,DSL,14,Yes,Yes,No,No,No,No,No,Yes,Month-to-Month,No,Bank Withdrawal,55.7,3131.8,34.16,0,2002.55,3,3,56.941818181818185,4149
Male,63,No,No,0,0,62,Offer B,Yes,8.08,Yes,Yes,Fiber Optic,21,Yes,Yes,No,Yes,No,Yes,Yes,No,One Year,No,Bank Withdrawal,102.0,6529.25,0.0,110,500.96,1,5,105.31048387096774,5090
Female,26,No,Yes,1,1,32,No Offer,Yes,19.76,No,Yes,DSL,59,Yes,Yes,Yes,Yes,No,Yes,Yes,Yes,Two Year,No,Credit Card,73.6,2316.85,12.66,0,632.32,4,7,72.4015625,4343
Male,69,Yes,Yes,0,7,69,No Offer,No,0.0,No,Yes,DSL,13,No,No,Yes,No,No,No,No,Yes,One Year,Yes,Credit Card,29.8,2134.3,0.0,0,0.0,3,2,30.93188405797102,5681
Male,31,No,No,0,0,67,No Offer,Yes,4.72,No,No,No Internet,0,No,No,No,No,No,No,No,No,Two Year,Yes,Credit Card,19.8,1311.3,0.0,0,316.24,3,0,19.571641791044776,4260
Male,24,No,Yes,1,3,61,No Offer,No,0.0,No,Yes,DSL,76,Yes,No,Yes,No,No,No,No,No,Month-to-Month,No,Bank Withdrawal,33.6,2117.2,0.0,110,0.0,3,2,34.708196721311474,6495
Male,35,No,Yes,0,5,33,No Offer,Yes,31.76,Yes,Yes,Fiber Optic,7,No,Yes,Yes,No,No,Yes,Yes,Yes,Month-to-Month,Yes,Bank Withdrawal,93.35,3092.0,0.0,0,1048.08,4,5,93.6969696969697,3348
Female,68,Yes,Yes,0,5,13,No Offer,No,0.0,No,Yes,DSL,9,No,No,No,No,Yes,Yes,No,Yes,Month-to-Month,No,Bank Withdrawal,45.3,528.45,0.0,0,0.0,4,3,40.650000000000006,4118
Male,42,No,Yes,0,1,18,No Offer,Yes,34.17,Yes,Yes,Fiber Optic,16,No,No,No,No,Yes,Yes,Yes,Yes,Month-to-Month,Yes,Bank Withdrawal,94.75,1691.9,0.0,0,615.06,4,4,93.99444444444445,4477
Male,38,No,No,0,0,56,Offer B,Yes,48.63,No,No,No Internet,0,No,No,No,No,No,No,No,No,One Year,Yes,Mailed Check,21.2,1238.65,0.0,0,2723.28,4,0,22.118750000000002,6473
Male,28,No,No,0,0,24,No Offer,Yes,30.07,No,Yes,DSL,69,Yes,No,No,Yes,No,No,No,Yes,Month-to-Month,No,Bank Withdrawal,54.95,1348.5,0.0,0,721.68,3,3,56.1875,3407
Male,44,No,Yes,4,10,72,No Offer,Yes,33.01,Yes,Yes,Fiber Optic,51,Yes,Yes,Yes,No,Yes,Yes,Yes,Yes,Two Year,Yes,Bank Withdrawal,110.3,7966.9,0.0,0,2376.72,3,7,110.65138888888889,5780
Female,34,No,Yes,1,6,55,Offer B,Yes,41.18,Yes,Yes,Fiber Optic,18,Yes,No,No,No,Yes,Yes,Yes,Yes,One Year,No,Credit Card,100.9,5448.6,0.0,0,2264.9,4,5,99.06545454545456,6153
Female,23,No,No,0,0,54,No Offer,Yes,48.97,No,Yes,Fiber Optic,42,No,No,Yes,No,Yes,Yes,Yes,No,One Year,Yes,Credit Card,94.1,5060.9,0.0,140,2644.38,3,4,93.72037037037036,4084
Female,30,No,Yes,2,1,23,Offer D,Yes,34.91,Yes,Yes,Fiber Optic,30,No,No,No,No,Yes,No,No,Yes,Month-to-Month,Yes,Bank Withdrawal,83.75,1849.95,0.0,0,802.93,4,2,80.43260869565218,3585
Female,41,No,No,0,0,45,Offer B,Yes,14.12,Yes,Yes,Fiber Optic,24,No,Yes,No,No,Yes,No,No,Yes,Month-to-Month,Yes,Credit Card,89.3,4016.85,44.63,0,635.4,2,3,89.26333333333334,4880
Male,22,No,No,0,0,1,No Offer,Yes,19.85,No,No,No Internet,0,No,No,No,No,No,No,No,No,Month-to-Month,No,Credit Card,20.5,20.5,0.0,0,19.85,2,0,20.5,3731
Male,21,No,No,2,0,3,Offer E,Yes,14.6,Yes,Yes,Fiber Optic,71,No,No,No,No,No,No,Yes,Yes,Month-to-Month,Yes,Bank Withdrawal,74.4,229.55,8.74,0,43.8,1,2,76.51666666666667,4415
Male,42,No,No,0,0,64,No Offer,Yes,38.96,No,No,No Internet,0,No,No,No,No,No,No,No,No,Two Year,No,Credit Card,19.55,1240.15,0.0,0,2493.44,3,0,19.37734375,6036
Female,52,No,No,0,0,41,Offer B,Yes,15.48,No,No,No Internet,0,No,No,No,No,No,No,No,No,Month-to-Month,No,Bank Withdrawal,20.45,775.6,0.0,0,634.68,5,0,18.917073170731708,2839
Male,74,Yes,No,0,0,47,No Offer,Yes,14.78,Yes,Yes,DSL,10,No,Yes,No,Yes,No,No,No,Yes,Two Year,No,Bank Withdrawal,59.6,2754.0,0.0,0,694.66,3,3,58.59574468085106,3155
Male,33,No,Yes,0,0,5,Offer E,Yes,25.11,Yes,Yes,Fiber Optic,26,No,Yes,No,No,No,No,No,Yes,Month-to-Month,Yes,Bank Withdrawal,81.3,416.3,0.0,0,125.55,2,2,83.26,3819
Female,45,No,Yes,0,9,56,No Offer,Yes,20.53,Yes,Yes,Fiber Optic,19,No,Yes,Yes,Yes,No,Yes,Yes,Yes,One Year,Yes,Credit Card,99.75,5608.4,0.0,0,1149.68,4,6,100.14999999999999,5926
Female,59,No,Yes,0,7,35,Offer C,No,0.0,No,Yes,DSL,24,Yes,No,No,Yes,Yes,No,No,No,Two Year,Yes,Credit Card,46.35,1662.05,0.0,140,0.0,4,3,47.48714285714286,4577
Female,21,No,Yes,0,0,51,Offer B,No,0.0,No,Yes,DSL,42,No,Yes,No,No,Yes,Yes,Yes,Yes,Month-to-Month,Yes,Bank Withdrawal,49.65,2553.35,0.0,0,0.0,3,5,50.0656862745098,5528
Male,53,No,Yes,0,1,56,No Offer,Yes,14.43,Yes,Yes,Fiber Optic,25,No,Yes,No,Yes,Yes,Yes,Yes,Yes,One Year,Yes,Bank Withdrawal,107.25,6033.3,0.0,0,808.08,3,6,107.7375,5800
Male,68,Yes,No,0,0,63,No Offer,Yes,26.11,Yes,Yes,Fiber Optic,20,Yes,Yes,Yes,No,Yes,Yes,Yes,Yes,Month-to-Month,Yes,Bank Withdrawal,109.4,7031.45,0.0,0,1644.93,3,7,111.61031746031746,5961
Male,42,No,No,0,0,7,Offer E,Yes,33.18,No,No,No Internet,0,No,No,No,No,No,No,No,No,Month-to-Month,Yes,Credit Card,18.95,130.55,0.0,0,232.26,5,0,18.650000000000002,4097
Male,32,No,No,3,0,26,No Offer,No,0.0,No,Yes,Cable,58,No,Yes,No,No,Yes,No,No,Yes,One Year,Yes,Bank Withdrawal,39.95,1023.75,0.0,0,0.0,4,3,39.375,2715
Female,57,No,No,0,0,12,Offer D,Yes,36.65,No,No,No Internet,0,No,No,No,No,No,No,No,No,One Year,No,Credit Card,19.7,260.9,0.0,0,439.8,4,0,21.741666666666664,3423
Male,62,No,No,3,0,40,No Offer,No,0.0,No,Yes,Cable,57,Yes,Yes,No,Yes,No,No,No,Yes,One Year,No,Credit Card,40.25,1564.05,0.0,0,0.0,4,4,39.10125,4288
Female,22,No,Yes,0,3,61,No Offer,Yes,46.27,No,No,No Internet,0,No,No,No,No,No,No,No,No,Month-to-Month,Yes,Credit Card,19.4,1182.55,0.0,0,2822.47,3,0,19.38606557377049,4221
Female,21,No,Yes,3,10,71,Offer A,Yes,48.76,No,Yes,Cable,71,Yes,No,Yes,No,Yes,Yes,Yes,Yes,Two Year,No,Credit Card,77.55,5574.35,0.0,0,3461.96,3,6,78.51197183098591,5097
Female,52,No,No,0,0,8,No Offer,Yes,20.9,No,Yes,DSL,6,No,No,No,Yes,No,No,No,Yes,Month-to-Month,No,Bank Withdrawal,49.4,408.25,0.0,0,167.2,4,2,51.03125,2907
Male,66,Yes,Yes,0,0,1,No Offer,Yes,38.78,Yes,Yes,Fiber Optic,23,No,No,No,No,Yes,No,No,Yes,Month-to-Month,Yes,Bank Withdrawal,86.05,86.05,0.0,0,38.78,1,2,86.05,4843
Female,53,No,Yes,1,1,72,Offer A,Yes,36.82,Yes,Yes,Fiber Optic,10,Yes,Yes,Yes,Yes,Yes,Yes,Yes,Yes,Two Year,Yes,Bank Withdrawal,115.5,8425.15,42.29,0,2651.04,4,8,117.01597222222222,4017
Male,21,No,No,0,0,33,No Offer,Yes,14.48,No,No,No Internet,0,No,No,No,No,No,No,No,No,Two Year,No,Credit Card,20.35,689.75,0.0,0,477.84,3,0,20.901515151515152,2507
Female,39,No,Yes,1,4,36,No Offer,Yes,43.7,Yes,Yes,Fiber Optic,26,Yes,No,Yes,No,Yes,Yes,Yes,Yes,Month-to-Month,Yes,Credit Card,104.5,3684.95,0.0,0,1573.2,3,6,102.35972222222222,4102
Female,33,No,No,0,0,1,Offer E,Yes,18.0,Yes,Yes,Fiber Optic,23,No,Yes,No,No,No,No,No,No,Month-to-Month,Yes,Credit Card,79.15,79.15,0.0,60,18.0,4,1,79.15,2742
Male,19,No,No,0,0,7,Offer E,Yes,31.84,No,Yes,Cable,58,No,No,Yes,Yes,Yes,No,No,Yes,Month-to-Month,No,Bank Withdrawal,64.3,445.95,0.0,0,222.88,4,4,63.707142857142856,4010
Male,38,No,No,0,0,51,No Offer,Yes,5.62,Yes,Yes,Fiber Optic,16,No,No,Yes,No,No,No,No,Yes,Month-to-Month,No,Credit Card,80.0,4242.35,0.0,0,286.62,3,2,83.18333333333334,4769
Male,74,Yes,Yes,0,4,49,No Offer,Yes,1.67,No,Yes,DSL,15,No,Yes,No,No,No,No,No,Yes,Two Year,No,Credit Card,49.8,2398.4,0.0,0,81.83,3,2,48.946938775510205,4306
Female,78,Yes,No,0,0,22,Offer D,Yes,49.98,No,Yes,DSL,28,Yes,No,Yes,Yes,No,Yes,Yes,Yes,One Year,Yes,Mailed Check,69.75,1545.4,0.0,0,1099.56,3,6,70.24545454545455,3509
Female,46,No,Yes,0,2,71,No Offer,Yes,37.83,No,No,No Internet,0,No,No,No,No,No,No,No,No,Two Year,No,Credit Card,19.6,1416.5,0.0,0,2685.93,4,0,19.950704225352112,4890
Female,46,No,Yes,0,1,60,Offer B,No,0.0,No,Yes,DSL,19,Yes,No,Yes,Yes,Yes,Yes,Yes,Yes,Two Year,No,Credit Card,59.85,3590.2,0.0,0,0.0,5,7,59.836666666666666,5790
Female,66,Yes,Yes,0,1,40,No Offer,No,0.0,No,Yes,Cable,3,No,Yes,No,No,Yes,No,No,Yes,Month-to-Month,Yes,Bank Withdrawal,39.3,1637.4,0.0,0,0.0,3,3,40.935,2296
Female,41,No,Yes,0,3,53,Offer B,Yes,37.14,Yes,Yes,Cable,4,Yes,Yes,Yes,No,No,Yes,Yes,Yes,One Year,No,Bank Withdrawal,74.1,3833.95,0.0,0,1968.42,4,6,72.33867924528302,5136
Female,39,No,No,3,0,44,Offer B,Yes,5.07,Yes,Yes,DSL,26,No,Yes,No,No,Yes,Yes,Yes,Yes,One Year,Yes,Credit Card,77.55,3471.1,0.0,0,223.08,3,5,78.88863636363637,5044
Female,51,No,No,0,0,24,No Offer,Yes,10.64,No,No,No Internet,0,No,No,No,No,No,No,No,No,Two Year,Yes,Bank Withdrawal,19.55,470.2,0.0,0,255.36,5,0,19.591666666666665,2511
Female,62,No,No,0,0,39,No Offer,Yes,6.77,No,Yes,DSL,17,No,No,No,Yes,No,Yes,Yes,Yes,One Year,No,Bank Withdrawal,59.3,2209.15,0.0,0,264.03,4,4,56.6448717948718,5843
Female,21,No,No,0,0,1,No Offer,Yes,6.19,No,Yes,Fiber Optic,52,Yes,No,No,No,No,No,Yes,Yes,Month-to-Month,Yes,Credit Card,73.6,73.6,0.0,0,6.19,1,3,73.6,2565
Female,55,No,Yes,0,1,67,No Offer,Yes,35.34,Yes,No,No Internet,0,No,No,No,No,No,No,No,No,Two Year,Yes,Credit Card,25.25,1733.15,0.0,0,2367.78,5,0,25.867910447761194,5887
Female,64,No,No,0,0,37,Offer C,Yes,17.46,Yes,Yes,Fiber Optic,22,No,No,Yes,No,Yes,Yes,Yes,Yes,Month-to-Month,Yes,Bank Withdrawal,100.05,3810.55,0.0,0,646.02,5,5,102.98783783783784,2904
Male,58,No,Yes,3,6,30,No Offer,Yes,40.0,No,No,No Internet,0,No,No,No,No,No,No,No,No,Two Year,No,Credit Card,21.25,711.9,0.0,0,1200.0,3,0,23.73,3047
Female,20,No,No,0,0,54,No Offer,Yes,43.47,Yes,Yes,Fiber Optic,82,Yes,No,Yes,No,Yes,Yes,Yes,Yes,One Year,Yes,Bank Withdrawal,103.95,5639.05,0.0,0,2347.38,3,6,104.42685185185185,6117
Male,76,Yes,Yes,0,1,32,Offer C,Yes,43.51,Yes,Yes,Fiber Optic,22,No,No,Yes,Yes,Yes,Yes,No,Yes,Month-to-Month,Yes,Bank Withdrawal,104.9,3351.55,33.73,0,1392.32,1,5,104.7359375,3966
Male,37,No,No,0,0,19,Offer D,No,0.0,No,Yes,DSL,6,No,No,No,No,No,No,No,Yes,Month-to-Month,Yes,Bank Withdrawal,25.15,468.35,0.0,0,0.0,4,1,24.650000000000002,3784
Male,62,No,Yes,3,9,39,Offer C,Yes,17.29,Yes,Yes,Fiber Optic,75,No,No,Yes,No,Yes,Yes,Yes,Yes,One Year,No,Bank Withdrawal,100.0,3835.55,0.0,0,674.31,3,5,98.3474358974359,5434
Male,42,No,No,0,0,9,No Offer,Yes,48.25,No,Yes,Fiber Optic,24,No,No,No,No,No,No,No,Yes,Month-to-Month,No,Credit Card,70.05,657.5,0.0,0,434.25,3,1,73.05555555555556,3522
Female,76,Yes,Yes,3,2,28,No Offer,No,0.0,No,Yes,DSL,21,No,Yes,No,No,No,Yes,Yes,Yes,One Year,Yes,Bank Withdrawal,39.1,1096.6,0.0,0,0.0,3,4,39.16428571428571,2305
Female,20,No,Yes,2,9,58,No Offer,Yes,39.05,No,Yes,Fiber Optic,76,Yes,Yes,No,No,Yes,Yes,Yes,Yes,One Year,No,Credit Card,99.25,5846.65,0.0,0,2264.9,3,6,100.80431034482758,4098
Male,75,Yes,No,0,0,10,Offer D,Yes,7.51,No,Yes,Fiber Optic,18,No,No,No,No,No,Yes,No,Yes,Month-to-Month,Yes,Bank Withdrawal,79.25,793.55,0.0,0,75.1,1,2,79.35499999999999,3856
Male,22,No,No,0,0,7,No Offer,Yes,26.76,No,Yes,DSL,46,No,No,No,No,No,No,No,Yes,Month-to-Month,Yes,Bank Withdrawal,44.65,322.5,0.0,0,187.32,4,1,46.07142857142857,4300
Male,60,No,Yes,2,4,43,No Offer,Yes,2.81,Yes,No,No Internet,0,No,No,No,No,No,No,No,No,Two Year,No,Credit Card,24.25,1077.95,0.0,0,120.83,4,0,25.06860465116279,4432
Female,41,No,No,0,0,40,No Offer,Yes,33.83,Yes,Yes,DSL,19,No,No,Yes,Yes,Yes,Yes,Yes,Yes,One Year,Yes,Credit Card,80.75,3208.65,0.0,0,1353.2,4,6,80.21625,2047
Male,47,No,Yes,0,0,62,No Offer,Yes,14.05,No,Yes,DSL,25,Yes,No,Yes,Yes,No,Yes,Yes,Yes,One Year,No,Credit Card,71.4,4487.3,0.0,0,871.1,3,6,72.3758064516129,5327
Male,45,No,No,0,0,66,No Offer,No,0.0,No,Yes,Cable,15,No,No,No,Yes,No,No,No,Yes,One Year,No,Credit Card,29.45,1983.15,0.0,0,0.0,3,2,30.047727272727276,5112
Female,20,No,Yes,2,1,23,Offer D,Yes,27.97,Yes,Yes,Cable,51,Yes,Yes,Yes,Yes,Yes,Yes,Yes,Yes,Two Year,Yes,Credit Card,91.1,2198.3,0.0,0,643.31,4,8,95.57826086956523,5991
Female,61,No,Yes,1,8,4,No Offer,Yes,44.64,No,Yes,Cable,21,Yes,No,No,No,No,No,No,Yes,Month-to-Month,No,Bank Withdrawal,50.3,217.1,0.0,0,178.56,3,2,54.275,3147
Male,48,No,No,2,0,66,Offer A,Yes,12.48,No,Yes,DSL,23,No,Yes,Yes,Yes,Yes,Yes,Yes,Yes,Two Year,Yes,Credit Card,79.5,5196.1,0.0,0,823.68,4,7,78.72878787878788,4285
Female,58,No,No,0,0,6,Offer E,Yes,47.92,No,Yes,Fiber Optic,25,No,No,No,No,Yes,Yes,Yes,Yes,Month-to-Month,Yes,Bank Withdrawal,89.5,573.3,0.0,0,287.52,1,4,95.55,2898
Male,20,No,No,1,0,1,No Offer,Yes,41.39,No,Yes,Cable,48,No,No,No,Yes,No,Yes,Yes,Yes,Month-to-Month,Yes,Credit Card,59.55,59.55,0.0,0,41.39,3,4,59.55,5824
Male,28,No,Yes,0,1,23,No Offer,Yes,37.95,No,Yes,Fiber Optic,27,Yes,No,No,Yes,Yes,Yes,Yes,Yes,Month-to-Month,Yes,Bank Withdrawal,99.85,2331.3,0.0,0,872.85,1,6,101.3608695652174,3425
Male,22,No,Yes,1,1,71,Offer A,Yes,28.34,Yes,Yes,Fiber Optic,59,No,Yes,No,No,Yes,Yes,Yes,Yes,One Year,No,Bank Withdrawal,100.55,7113.75,16.99,0,2012.14,5,5,100.19366197183099,5876
Male,23,No,Yes,0,7,69,No Offer,No,0.0,No,Yes,DSL,42,No,Yes,Yes,Yes,Yes,Yes,Yes,Yes,One Year,Yes,Credit Card,60.8,4263.4,0.0,0,0.0,4,7,61.78840579710145,5683
Female,71,Yes,Yes,1,7,22,Offer D,Yes,40.19,Yes,Yes,Fiber Optic,27,No,No,No,No,Yes,No,No,Yes,Two Year,No,Bank Withdrawal,85.35,1961.6,0.0,0,884.18,5,2,89.16363636363636,2656
Male,44,No,No,1,0,3,Offer E,Yes,25.04,No,Yes,Cable,17,No,No,No,Yes,Yes,Yes,Yes,Yes,Month-to-Month,No,Credit Card,70.7,225.65,0.0,0,75.12,3,5,75.21666666666667,2584
Male,64,No,No,0,0,39,Offer C,Yes,36.17,Yes,Yes,Fiber Optic,5,No,No,No,No,No,No,No,Yes,Month-to-Month,No,Bank Withdrawal,75.25,3017.65,0.0,0,1410.63,3,1,77.37564102564103,4696
Female,23,No,No,0,0,20,Offer D,Yes,10.97,No,No,No Internet,0,No,No,No,No,No,No,No,No,Month-to-Month,Yes,Bank Withdrawal,19.5,413.0,0.0,0,219.4,3,0,20.65,5409
Male,46,No,No,0,0,3,Offer E,No,0.0,No,Yes,Cable,3,No,Yes,No,No,No,No,No,Yes,Month-to-Month,Yes,Bank Withdrawal,29.6,79.45,0.0,0,0.0,1,2,26.483333333333334,2734
Male,65,Yes,No,0,0,22,Offer D,Yes,40.18,Yes,Yes,Fiber Optic,8,No,No,No,No,Yes,Yes,Yes,No,Month-to-Month,Yes,Bank Withdrawal,96.7,2082.95,0.0,100,883.96,1,3,94.67954545454545,4458
Male,26,No,Yes,0,1,47,Offer B,Yes,17.54,Yes,Yes,Fiber Optic,59,No,Yes,Yes,No,No,No,Yes,No,Month-to-Month,Yes,Bank Withdrawal,83.35,4065.0,0.0,140,824.38,1,3,86.48936170212765,2516
Male,77,Yes,Yes,0,1,62,No Offer,Yes,7.11,Yes,Yes,Fiber Optic,16,No,Yes,Yes,No,Yes,Yes,Yes,Yes,One Year,Yes,Bank Withdrawal,103.75,6383.35,0.0,0,440.82,1,6,102.95725806451614,5052
Male,39,No,No,0,0,5,Offer E,Yes,17.16,No,Yes,DSL,7,No,Yes,No,No,No,No,No,Yes,Month-to-Month,Yes,Bank Withdrawal,51.35,262.3,0.0,0,85.8,5,2,52.46,2893
Male,63,No,Yes,0,7,51,Offer B,Yes,35.0,Yes,Yes,Fiber Optic,8,Yes,Yes,No,No,No,Yes,Yes,Yes,One Year,Yes,Credit Card,96.4,4911.05,0.0,0,1785.0,3,5,96.29509803921569,4745
Male,28,No,No,0,0,21,Offer D,Yes,28.54,Yes,Yes,Fiber Optic,42,No,No,No,No,No,No,Yes,Yes,Month-to-Month,Yes,Bank Withdrawal,73.7,1558.7,0.0,0,599.34,5,2,74.22380952380952,2071
Male,68,Yes,No,0,0,16,Offer D,Yes,39.52,No,Yes,Fiber Optic,17,No,No,No,No,No,Yes,Yes,Yes,Month-to-Month,Yes,Bank Withdrawal,78.75,1218.25,0.0,0,632.32,4,3,76.140625,4351
Male,77,Yes,No,0,0,57,No Offer,Yes,2.21,Yes,Yes,Fiber Optic,11,Yes,No,No,Yes,No,Yes,Yes,Yes,Two Year,No,Bank Withdrawal,93.75,5625.55,0.0,0,125.97,3,5,98.69385964912281,4276
Male,23,No,No,0,0,11,Offer D,Yes,28.76,No,Yes,DSL,27,No,Yes,Yes,Yes,No,No,No,Yes,Month-to-Month,Yes,Bank Withdrawal,60.9,688.5,49.24,0,316.36,3,4,62.59090909090909,2726
Female,44,No,No,0,0,1,Offer E,Yes,26.37,No,No,No Internet,0,No,No,No,No,No,No,No,No,Month-to-Month,Yes,Mailed Check,20.3,20.3,0.0,0,26.37,3,0,20.3,3830
Male,66,Yes,No,0,0,9,Offer E,Yes,39.77,Yes,Yes,Fiber Optic,25,No,No,No,No,No,No,No,Yes,Two Year,Yes,Bank Withdrawal,74.05,678.45,0.0,0,357.93,5,1,75.38333333333334,2003
Female,63,No,Yes,1,9,45,No Offer,Yes,47.48,Yes,Yes,Fiber Optic,20,Yes,Yes,No,No,Yes,Yes,Yes,Yes,Month-to-Month,Yes,Bank Withdrawal,105.15,4730.9,0.0,0,2136.6,4,6,105.1311111111111,5915
Female,52,No,No,0,0,54,No Offer,No,0.0,No,Yes,DSL,21,Yes,No,No,Yes,No,Yes,Yes,Yes,One Year,No,Bank Withdrawal,44.1,2369.7,0.0,0,0.0,3,5,43.88333333333333,6205
Male,30,No,No,0,0,1,Offer E,Yes,28.7,No,Yes,Fiber Optic,69,No,No,No,No,No,No,No,Yes,Month-to-Month,Yes,Bank Withdrawal,69.65,69.65,0.0,0,28.7,1,1,69.65,5258
Female,63,No,No,0,0,50,Offer B,Yes,37.95,No,No,No Internet,0,No,No,No,No,No,No,No,No,One Year,No,Bank Withdrawal,19.75,989.05,0.0,0,1897.5,4,0,19.781,4934
Male,52,No,Yes,2,9,46,Offer B,Yes,38.45,No,Yes,DSL,15,Yes,No,Yes,Yes,No,No,No,Yes,One Year,No,Credit Card,56.9,2560.1,0.0,0,1768.7,4,4,55.654347826086955,4258
Male,74,Yes,Yes,0,9,71,Offer A,No,0.0,No,Yes,DSL,19,Yes,Yes,Yes,Yes,No,No,No,Yes,Two Year,No,Credit Card,46.35,3353.4,18.64,0,0.0,4,5,47.23098591549296,5421
Female,51,No,No,0,0,3,Offer E,Yes,22.56,Yes,Yes,Cable,3,No,No,No,No,No,No,No,Yes,Month-to-Month,Yes,Mailed Check,50.65,151.3,0.0,0,67.68,1,1,50.43333333333334,2876
Male,48,No,Yes,0,1,53,Offer B,Yes,15.77,No,Yes,Fiber Optic,9,No,Yes,No,No,Yes,Yes,Yes,Yes,One Year,Yes,Bank Withdrawal,94.25,4867.95,0.0,0,835.81,3,5,91.84811320754717,5414
Male,55,No,Yes,0,6,50,Offer B,Yes,42.21,Yes,Yes,Fiber Optic,14,No,Yes,Yes,No,Yes,Yes,Yes,Yes,Month-to-Month,Yes,Bank Withdrawal,103.85,5017.9,0.0,0,2110.5,2,6,100.35799999999999,5812
Male,45,No,No,0,0,41,Offer B,Yes,1.08,No,Yes,Fiber Optic,6,No,No,No,Yes,No,No,No,Yes,Month-to-Month,Yes,Bank Withdrawal,74.25,3089.1,0.0,0,44.28,3,2,75.34390243902439,3277
Male,65,Yes,Yes,0,7,62,Offer B,Yes,27.49,Yes,Yes,Fiber Optic,3,No,Yes,No,No,No,Yes,Yes,Yes,Month-to-Month,Yes,Bank Withdrawal,89.8,5629.55,0.0,0,1704.38,3,4,90.7991935483871,4981
Female,19,No,Yes,0,8,7,No Offer,Yes,41.22,No,Yes,Fiber Optic,73,No,No,No,No,No,No,No,Yes,Month-to-Month,Yes,Bank Withdrawal,69.2,477.55,0.0,0,288.54,3,1,68.22142857142858,2551
Female,26,No,Yes,0,5,60,No Offer,Yes,14.0,No,Yes,Cable,42,No,Yes,Yes,Yes,Yes,Yes,Yes,Yes,Two Year,Yes,Bank Withdrawal,80.6,4946.7,0.0,0,840.0,5,7,82.445,5667
Male,52,No,Yes,0,1,53,Offer B,Yes,47.55,Yes,Yes,DSL,13,Yes,No,Yes,Yes,Yes,No,No,Yes,One Year,No,Bank Withdrawal,77.4,4155.95,0.0,0,2520.15,4,5,78.41415094339622,5313
Female,64,No,Yes,0,3,72,No Offer,Yes,24.42,Yes,No,No Internet,0,No,No,No,No,No,No,No,No,Two Year,No,Bank Withdrawal,24.65,1830.05,0.0,0,1758.24,5,0,25.41736111111111,5065
Male,49,No,No,0,0,26,Offer C,Yes,6.24,No,Yes,Fiber Optic,25,No,Yes,Yes,No,Yes,No,No,Yes,Month-to-Month,No,Bank Withdrawal,89.8,2335.3,0.0,0,162.24,1,4,89.81923076923077,3452
Female,56,No,Yes,0,5,65,No Offer,Yes,13.2,Yes,Yes,Fiber Optic,13,Yes,Yes,No,Yes,Yes,No,No,Yes,Two Year,Yes,Credit Card,99.05,6416.7,0.0,0,858.0,3,5,98.71846153846154,5878
Female,67,Yes,No,0,0,19,No Offer,Yes,7.95,No,Yes,Fiber Optic,12,Yes,Yes,No,Yes,Yes,Yes,No,No,One Year,Yes,Mailed Check,105.0,2007.25,0.0,20,151.05,3,5,105.64473684210526,3524
Male,26,No,Yes,0,0,47,Offer B,Yes,43.2,No,No,No Internet,0,No,No,No,No,No,No,No,No,One Year,No,Bank Withdrawal,19.9,942.95,0.0,0,2030.4,5,0,20.06276595744681,5394
Female,44,No,Yes,1,6,71,Offer A,No,0.0,No,Yes,Cable,19,Yes,Yes,No,Yes,Yes,Yes,Yes,Yes,Two Year,No,Bank Withdrawal,59.7,4122.65,0.0,0,0.0,4,7,58.06549295774647,6420
Male,65,Yes,Yes,0,8,41,Offer B,No,0.0,No,Yes,Cable,9,No,Yes,Yes,No,Yes,Yes,Yes,Yes,Two Year,Yes,Bank Withdrawal,53.95,2215.4,0.0,0,0.0,3,6,54.03414634146342,3920
Female,73,Yes,Yes,0,1,58,No Offer,Yes,16.94,No,Yes,Fiber Optic,19,Yes,Yes,No,Yes,Yes,Yes,Yes,Yes,One Year,Yes,Credit Card,105.5,6205.5,0.0,0,982.52,1,7,106.99137931034483,5067
Male,47,No,Yes,0,5,38,No Offer,No,0.0,No,Yes,Cable,25,Yes,Yes,No,Yes,Yes,Yes,Yes,Yes,Two Year,Yes,Bank Withdrawal,60.0,2193.2,0.0,0,0.0,3,7,57.715789473684204,2187
Female,44,No,Yes,0,5,64,Offer B,Yes,6.81,Yes,No,No Internet,0,No,No,No,No,No,No,No,No,Two Year,No,Credit Card,25.0,1584.8,0.0,0,435.84,5,0,24.7625,5538
Female,75,Yes,No,0,0,2,No Offer,Yes,9.55,No,Yes,Fiber Optic,28,No,No,No,No,No,No,No,Yes,Month-to-Month,Yes,Bank Withdrawal,70.2,115.95,0.0,0,19.1,1,1,57.975,2767
Male,66,Yes,Yes,0,4,61,Offer B,Yes,26.55,Yes,Yes,Fiber Optic,2,No,Yes,No,No,No,No,No,Yes,One Year,Yes,Bank Withdrawal,82.15,4904.85,0.0,0,1619.55,3,2,80.40737704918034,4250
Male,51,No,Yes,0,1,51,No Offer,No,0.0,No,Yes,DSL,2,Yes,Yes,Yes,No,Yes,Yes,Yes,Yes,One Year,No,Bank Withdrawal,59.3,3014.65,0.0,0,0.0,1,7,59.11078431372549,5633
Female,65,Yes,Yes,0,7,67,No Offer,Yes,49.94,No,No,No Internet,0,No,No,No,No,No,No,No,No,Two Year,Yes,Bank Withdrawal,20.05,1263.05,43.66,0,3345.98,5,0,18.851492537313433,4934
Female,62,No,No,0,0,2,Offer E,Yes,24.05,No,Yes,Fiber Optic,27,No,No,Yes,No,No,Yes,Yes,Yes,Month-to-Month,Yes,Mailed Check,86.2,178.7,0.0,0,48.1,3,4,89.35,2969
Male,50,No,Yes,0,1,42,Offer B,Yes,34.65,Yes,Yes,Fiber Optic,9,No,Yes,Yes,Yes,No,Yes,Yes,No,Month-to-Month,Yes,Bank Withdrawal,99.45,4138.05,30.46,140,1455.3,2,5,98.525,4624
Female,22,No,No,0,0,39,No Offer,Yes,25.33,No,Yes,DSL,82,Yes,No,No,No,No,No,No,No,One Year,Yes,Bank Withdrawal,47.85,1886.4,0.0,70,987.87,3,1,48.369230769230775,5531
Female,72,Yes,No,0,0,72,Offer A,Yes,44.81,Yes,Yes,Fiber Optic,14,No,Yes,Yes,Yes,Yes,Yes,No,Yes,Two Year,No,Bank Withdrawal,111.65,7943.45,0.0,0,3226.32,5,6,110.32569444444444,5388
Male,57,No,No,0,0,19,No Offer,Yes,29.55,No,Yes,Fiber Optic,13,No,No,No,No,Yes,No,No,Yes,Month-to-Month,Yes,Bank Withdrawal,78.7,1495.1,26.84,0,561.45,3,2,78.68947368421053,2464
Female,63,No,No,0,0,70,No Offer,Yes,23.15,Yes,Yes,Fiber Optic,17,Yes,Yes,Yes,No,Yes,Yes,Yes,Yes,Two Year,Yes,Credit Card,111.15,7737.55,46.26,0,1620.5,4,7,110.53642857142857,4240
Female,35,No,Yes,0,10,51,Offer B,Yes,25.45,Yes,Yes,DSL,4,No,Yes,No,Yes,Yes,Yes,Yes,Yes,One Year,Yes,Credit Card,78.65,3950.85,0.0,0,1297.95,5,6,77.46764705882353,5408
Male,71,Yes,Yes,1,10,60,No Offer,Yes,18.23,Yes,Yes,Fiber Optic,11,Yes,No,No,No,No,No,No,Yes,Two Year,Yes,Bank Withdrawal,80.95,4859.1,49.53,0,1093.8,4,2,80.985,6214
Male,78,Yes,No,0,0,7,No Offer,Yes,32.4,Yes,Yes,Fiber Optic,7,No,No,No,No,No,No,No,Yes,Month-to-Month,No,Credit Card,73.75,545.15,0.0,0,226.8,2,1,77.87857142857142,5638
Male,26,No,No,0,0,26,No Offer,Yes,37.0,No,Yes,Fiber Optic,76,No,No,Yes,Yes,Yes,Yes,Yes,Yes,Month-to-Month,Yes,Bank Withdrawal,98.65,2537.0,0.0,0,962.0,3,6,97.57692307692308,4191
Male,68,Yes,Yes,0,3,24,No Offer,No,0.0,No,Yes,Cable,28,No,No,Yes,Yes,No,No,No,Yes,Two Year,No,Credit Card,34.25,828.2,0.0,0,0.0,4,3,34.50833333333333,2525
Male,40,No,Yes,0,3,64,Offer B,Yes,37.46,Yes,Yes,DSL,2,Yes,No,No,No,Yes,No,No,Yes,One Year,Yes,Credit Card,66.15,4392.5,0.0,0,2397.44,3,3,68.6328125,4703
Female,35,No,Yes,0,5,61,No Offer,Yes,36.13,Yes,Yes,Fiber Optic,23,No,No,No,Yes,Yes,Yes,Yes,Yes,One Year,No,Bank Withdrawal,101.15,6383.9,0.0,0,2203.93,3,5,104.65409836065574,5177
Male,25,No,No,0,0,72,Offer A,Yes,29.29,Yes,No,No Internet,0,No,No,No,No,No,No,No,No,Two Year,No,Bank Withdrawal,24.75,1777.6,0.0,0,2108.88,5,0,24.688888888888886,5398
Male,39,No,Yes,0,0,2,No Offer,Yes,49.41,Yes,Yes,Fiber Optic,20,No,No,Yes,No,Yes,No,No,No,Month-to-Month,Yes,Bank Withdrawal,91.45,171.45,0.0,10,98.82,5,2,85.725,4889
Female,37,No,Yes,0,10,27,No Offer,Yes,20.96,No,No,No Internet,0,No,No,No,No,No,No,No,No,One Year,Yes,Credit Card,20.55,583.3,0.0,0,565.92,4,0,21.6037037037037,2269
Female,30,No,No,0,0,70,No Offer,Yes,10.0,No,No,No Internet,0,No,No,No,No,No,No,No,No,One Year,No,Bank Withdrawal,19.7,1341.5,0.0,0,700.0,4,0,19.164285714285715,6072
Female,56,No,Yes,0,9,18,Offer D,Yes,29.6,No,Yes,Fiber Optic,7,No,No,Yes,No,Yes,Yes,Yes,Yes,Month-to-Month,Yes,Credit Card,95.95,1745.5,6.72,0,532.8,3,5,96.97222222222223,5009
Male,45,No,No,0,0,1,Offer E,Yes,20.3,No,Yes,DSL,16,No,Yes,No,No,No,No,No,Yes,Month-to-Month,Yes,Credit Card,50.15,50.15,0.0,0,20.3,3,2,50.15,4014
Male,42,No,Yes,3,0,71,Offer A,Yes,37.03,Yes,Yes,DSL,26,Yes,No,No,No,Yes,No,No,Yes,One Year,Yes,Bank Withdrawal,66.2,4692.55,0.0,0,2629.13,3,3,66.09225352112676,4756
Male,21,No,Yes,3,9,22,Offer D,Yes,42.58,No,Yes,DSL,82,Yes,Yes,No,Yes,No,No,Yes,Yes,Month-to-Month,Yes,Credit Card,57.95,1271.8,0.0,0,936.76,3,5,57.809090909090905,5036
Male,28,No,No,0,0,3,No Offer,Yes,29.74,Yes,Yes,DSL,59,No,No,No,No,No,No,No,Yes,Month-to-Month,No,Bank Withdrawal,50.4,137.25,0.0,0,89.22,5,1,45.75,4639
Male,61,No,Yes,0,2,63,No Offer,Yes,48.95,Yes,Yes,Fiber Optic,13,No,Yes,Yes,No,Yes,Yes,Yes,Yes,Month-to-Month,Yes,Bank Withdrawal,103.4,6603.0,0.0,0,3083.85,2,6,104.80952380952381,4352
Male,69,Yes,Yes,0,1,70,No Offer,Yes,17.45,Yes,Yes,Fiber Optic,20,No,Yes,Yes,No,Yes,Yes,No,Yes,Month-to-Month,Yes,Bank Withdrawal,102.95,7101.5,15.24,0,1221.5,1,5,101.45,5005
Female,28,No,Yes,0,5,55,No Offer,Yes,2.36,No,Yes,DSL,69,Yes,Yes,No,Yes,No,No,No,Yes,Two Year,No,Credit Card,56.8,3112.05,0.0,0,129.8,4,4,56.582727272727276,4702
Female,80,Yes,No,0,0,1,No Offer,Yes,28.64,No,Yes,Fiber Optic,5,No,No,No,No,No,No,No,Yes,Month-to-Month,Yes,Bank Withdrawal,71.0,71.0,0.0,0,28.64,3,1,71.0,5345
Female,58,No,Yes,0,9,31,Offer C,Yes,28.52,Yes,Yes,DSL,2,No,Yes,No,Yes,Yes,Yes,Yes,Yes,Two Year,No,Bank Withdrawal,80.55,2471.6,0.0,0,884.12,4,6,79.7290322580645,3491
Male,56,No,No,0,0,15,No Offer,No,0.0,No,Yes,DSL,29,No,No,No,Yes,No,No,No,No,Month-to-Month,Yes,Bank Withdrawal,29.7,438.25,0.0,90,0.0,1,1,29.216666666666665,5518
Female,31,No,No,0,0,1,Offer E,Yes,39.66,No,Yes,Fiber Optic,8,No,Yes,No,No,No,No,No,Yes,Month-to-Month,Yes,Credit Card,74.3,74.3,0.0,0,39.66,1,2,74.3,5996
Female,37,No,No,0,0,1,Offer E,Yes,13.01,No,Yes,Cable,4,No,No,No,No,No,Yes,Yes,Yes,Month-to-Month,Yes,Bank Withdrawal,55.4,55.4,0.0,0,13.01,1,3,55.4,2294
Female,31,No,Yes,0,1,19,Offer D,Yes,25.75,No,Yes,Fiber Optic,22,Yes,No,No,No,No,No,No,Yes,Month-to-Month,Yes,Bank Withdrawal,73.2,1441.1,0.0,0,489.25,2,2,75.84736842105262,4718
Female,47,No,No,0,0,29,No Offer,No,0.0,No,Yes,Cable,28,Yes,Yes,No,Yes,No,No,No,Yes,One Year,No,Credit Card,39.5,1082.75,0.0,0,0.0,3,4,37.33620689655172,5103
Male,48,No,Yes,0,10,42,Offer B,No,0.0,No,Yes,Cable,8,Yes,No,Yes,Yes,Yes,No,No,Yes,Two Year,No,Credit Card,48.15,2032.3,0.0,0,0.0,4,5,48.38809523809524,2673
Male,19,No,Yes,0,1,44,No Offer,Yes,29.61,No,Yes,DSL,48,No,Yes,Yes,Yes,Yes,No,No,Yes,One Year,Yes,Bank Withdrawal,70.95,3250.45,24.92,0,1302.84,5,5,73.87386363636364,3678
Male,27,No,No,0,0,47,No Offer,Yes,6.61,No,No,No Internet,0,No,No,No,No,No,No,No,No,Two Year,No,Bank Withdrawal,20.45,943.0,0.0,0,310.67,4,0,20.06382978723404,4342
Female,26,No,No,0,0,1,No Offer,Yes,35.25,No,Yes,Fiber Optic,30,No,No,Yes,No,No,No,No,Yes,Month-to-Month,Yes,Bank Withdrawal,74.9,74.9,0.0,0,35.25,1,2,74.9,5919
Male,35,No,No,0,0,37,No Offer,Yes,38.43,No,Yes,Cable,30,Yes,Yes,Yes,Yes,No,No,No,Yes,Two Year,No,Bank Withdrawal,65.6,2313.8,0.0,0,1421.91,4,5,62.53513513513514,3183
Female,74,Yes,No,0,0,40,No Offer,Yes,28.54,Yes,Yes,Fiber Optic,24,No,No,Yes,Yes,Yes,Yes,No,Yes,One Year,Yes,Credit Card,103.75,4188.4,0.0,0,1141.6,3,5,104.71,3568
Female,78,Yes,No,0,0,47,No Offer,Yes,14.22,Yes,Yes,Fiber Optic,11,No,Yes,No,Yes,Yes,No,No,Yes,Month-to-Month,Yes,Bank Withdrawal,95.05,4504.55,0.0,0,668.34,2,4,95.84148936170213,5214
Female,32,No,No,3,0,1,No Offer,Yes,13.13,No,Yes,Fiber Optic,57,No,No,No,No,Yes,No,No,Yes,Month-to-Month,Yes,Bank Withdrawal,79.35,79.35,0.0,0,13.13,1,2,79.35,2483
Female,42,No,Yes,3,7,24,No Offer,Yes,20.74,Yes,No,No Internet,0,No,No,No,No,No,No,No,No,Two Year,No,Mailed Check,24.7,571.75,0.0,0,497.76,3,0,23.822916666666668,5302
Male,28,No,No,0,0,3,No Offer,Yes,37.01,No,No,No Internet,0,No,No,No,No,No,No,No,No,Month-to-Month,Yes,Bank Withdrawal,20.5,76.95,0.0,0,111.03,5,0,25.650000000000002,5296
Female,45,No,No,0,0,65,No Offer,No,0.0,No,Yes,Cable,22,Yes,No,Yes,Yes,Yes,Yes,Yes,Yes,Two Year,No,Credit Card,59.95,3921.1,0.0,0,0.0,3,7,60.324615384615385,6251
Female,26,No,Yes,0,9,66,No Offer,Yes,24.27,No,Yes,Cable,59,Yes,Yes,No,Yes,No,No,No,Yes,Two Year,Yes,Credit Card,58.2,3810.8,0.0,0,1601.82,3,4,57.73939393939394,5313
Male,48,No,Yes,3,5,69,No Offer,Yes,40.36,No,Yes,Cable,53,Yes,Yes,No,Yes,Yes,Yes,Yes,Yes,Two Year,No,Bank Withdrawal,80.65,5542.55,0.0,0,2784.84,3,7,80.3268115942029,4618
Female,49,No,Yes,1,7,64,Offer B,Yes,21.16,Yes,Yes,Fiber Optic,23,Yes,Yes,No,Yes,Yes,Yes,Yes,Yes,Two Year,No,Bank Withdrawal,110.3,6997.3,0.0,0,1354.24,3,7,109.3328125,5574
Female,29,No,Yes,2,7,69,Offer A,Yes,8.39,No,No,No Internet,0,No,No,No,No,No,No,No,No,Two Year,No,Credit Card,19.8,1436.95,0.0,0,578.91,5,0,20.82536231884058,5423
Male,64,No,No,1,0,23,No Offer,Yes,8.4,No,Yes,Cable,27,No,Yes,No,Yes,No,No,No,No,Month-to-Month,No,Bank Withdrawal,54.15,1312.45,0.0,40,193.2,4,2,57.06304347826087,2496
Male,53,No,No,0,0,3,No Offer,Yes,43.72,Yes,Yes,Fiber Optic,21,No,No,Yes,No,No,Yes,Yes,Yes,Month-to-Month,No,Bank Withdrawal,91.85,257.05,0.0,0,131.16,1,4,85.68333333333334,2704
Female,37,No,Yes,3,1,57,No Offer,Yes,32.37,Yes,Yes,Fiber Optic,28,No,Yes,No,No,Yes,Yes,Yes,Yes,Month-to-Month,Yes,Bank Withdrawal,100.6,5611.7,0.0,0,1845.09,3,5,98.45087719298245,6351
Male,56,No,No,1,0,10,No Offer,Yes,29.95,Yes,Yes,DSL,19,Yes,Yes,No,Yes,No,No,No,Yes,Two Year,Yes,Bank Withdrawal,61.9,619.0,0.0,0,299.5,4,4,61.9,5188
Male,41,No,No,0,0,44,Offer B,Yes,1.7,No,Yes,Fiber Optic,28,No,No,No,No,No,No,No,Yes,Month-to-Month,No,Credit Card,68.85,2958.95,0.0,0,74.8,3,1,67.24886363636364,2053
Male,35,No,No,0,0,27,No Offer,Yes,24.72,Yes,Yes,Fiber Optic,29,No,No,No,Yes,No,No,No,Yes,Month-to-Month,Yes,Bank Withdrawal,79.5,2180.55,0.0,0,667.44,1,2,80.76111111111112,2518
Male,30,No,No,0,0,8,No Offer,Yes,13.04,No,Yes,Fiber Optic,85,No,No,No,No,No,No,No,No,Month-to-Month,Yes,Credit Card,70.1,551.35,0.0,10,104.32,1,0,68.91875,2899
Male,45,No,No,0,0,23,No Offer,Yes,35.32,No,No,No Internet,0,No,No,No,No,No,No,No,No,Month-to-Month,No,Bank Withdrawal,20.85,473.9,0.0,0,812.36,5,0,20.604347826086954,4263
Female,32,No,Yes,1,3,11,Offer D,Yes,2.52,No,No,No Internet,0,No,No,No,No,No,No,No,No,Two Year,No,Credit Card,20.9,202.3,0.0,0,27.72,5,0,18.39090909090909,5359
Female,54,No,No,0,0,15,Offer D,Yes,39.84,No,No,No Internet,0,No,No,No,No,No,No,No,No,Month-to-Month,No,Bank Withdrawal,19.75,297.3,0.0,0,597.6,2,0,19.82,2428
Male,39,No,Yes,0,1,11,Offer D,Yes,21.58,Yes,Yes,Fiber Optic,30,No,No,No,No,No,No,No,Yes,Month-to-Month,Yes,Bank Withdrawal,74.95,825.7,0.0,0,237.38,1,1,75.06363636363636,2044
Male,62,No,Yes,3,0,46,No Offer,Yes,7.67,No,No,No Internet,0,No,No,No,No,No,No,No,No,Two Year,No,Credit Card,19.75,856.5,0.0,0,352.82,4,0,18.619565217391305,2610
Male,25,No,Yes,0,10,28,No Offer,Yes,33.57,Yes,Yes,Fiber Optic,52,No,Yes,Yes,No,Yes,No,No,Yes,Month-to-Month,No,Credit Card,96.6,2684.35,0.0,0,939.96,5,4,95.86964285714285,5530
Female,44,No,No,0,0,70,No Offer,Yes,16.93,Yes,Yes,DSL,10,Yes,Yes,Yes,No,Yes,Yes,Yes,Yes,Two Year,No,Credit Card,84.7,5991.05,0.0,0,1185.1,4,7,85.58642857142857,4180
Male,21,No,No,0,0,52,No Offer,Yes,49.29,No,Yes,Fiber Optic,51,No,Yes,Yes,Yes,Yes,Yes,Yes,Yes,One Year,Yes,Bank Withdrawal,105.0,5426.85,0.0,0,2563.08,2,7,104.36250000000001,4630
Female,67,Yes,No,0,0,20,No Offer,Yes,27.11,Yes,Yes,DSL,27,No,No,No,No,No,Yes,No,Yes,Month-to-Month,Yes,Credit Card,61.6,1174.35,0.0,0,542.2,1,2,58.717499999999994,3866
Male,56,No,No,0,0,1,No Offer,Yes,13.51,No,No,No Internet,0,No,No,No,No,No,No,No,No,Month-to-Month,No,Credit Card,20.05,20.05,0.0,0,13.51,5,0,20.05,2067
Male,53,No,Yes,1,5,69,Offer A,Yes,21.56,Yes,Yes,Fiber Optic,17,No,No,Yes,No,No,No,No,Yes,Two Year,Yes,Credit Card,79.2,5420.65,0.0,0,1487.64,4,2,78.56014492753623,4072
Female,61,No,Yes,0,10,34,No Offer,Yes,25.21,Yes,No,No Internet,0,No,No,No,No,No,No,No,No,Two Year,No,Credit Card,24.95,894.3,0.0,0,857.14,3,0,26.302941176470586,5408
Female,41,No,Yes,0,1,33,No Offer,Yes,10.34,Yes,Yes,Fiber Optic,22,No,No,Yes,Yes,No,Yes,Yes,No,Month-to-Month,Yes,Credit Card,95.0,3008.15,0.0,60,341.22,3,4,91.1560606060606,4639
Female,43,No,Yes,5,10,72,No Offer,Yes,26.32,Yes,Yes,Fiber Optic,53,Yes,Yes,Yes,Yes,Yes,Yes,Yes,Yes,Two Year,Yes,Bank Withdrawal,113.1,8248.5,0.0,0,1895.04,3,8,114.5625,5308
Male,80,Yes,No,0,0,2,No Offer,Yes,7.03,No,No,No Internet,0,No,No,No,No,No,No,No,No,Two Year,No,Bank Withdrawal,19.2,37.2,0.0,0,14.06,5,0,18.6,4577
Male,58,No,No,0,0,62,Offer B,Yes,22.64,Yes,Yes,Fiber Optic,9,No,No,Yes,No,Yes,Yes,Yes,Yes,One Year,Yes,Bank Withdrawal,96.75,6125.4,0.0,0,1403.68,2,5,98.79677419354839,5016
Female,43,No,No,0,0,18,Offer D,Yes,11.36,Yes,Yes,Fiber Optic,13,No,No,No,No,No,No,No,Yes,Month-to-Month,Yes,Bank Withdrawal,74.15,1345.75,0.0,0,204.48,4,1,74.76388888888889,5033
Female,23,No,Yes,0,6,29,Offer C,Yes,27.72,No,No,No Internet,0,No,No,No,No,No,No,No,No,One Year,No,Bank Withdrawal,20.0,540.05,0.0,0,803.88,5,0,18.622413793103448,3800
Male,36,No,No,0,0,1,No Offer,Yes,24.24,No,Yes,DSL,28,No,No,No,No,No,No,No,Yes,Month-to-Month,No,Bank Withdrawal,45.75,45.75,0.0,0,24.24,1,1,45.75,3531
Male,75,Yes,No,0,0,5,No Offer,Yes,36.36,Yes,Yes,Fiber Optic,12,No,Yes,No,No,No,Yes,No,Yes,Month-to-Month,Yes,Bank Withdrawal,89.8,502.6,0.0,0,181.8,1,3,100.52000000000001,2960
Male,51,No,No,1,0,34,Offer C,Yes,21.69,Yes,Yes,Fiber Optic,28,No,Yes,Yes,No,Yes,Yes,Yes,Yes,Month-to-Month,Yes,Bank Withdrawal,106.35,3549.25,0.0,0,737.46,2,6,104.38970588235294,2941
Female,25,No,Yes,3,8,58,Offer B,No,0.0,No,Yes,DSL,59,Yes,No,Yes,Yes,Yes,Yes,Yes,Yes,Two Year,No,Credit Card,59.75,3624.35,0.0,0,0.0,3,7,62.48879310344827,4678
Male,51,No,No,0,0,4,No Offer,Yes,7.26,No,Yes,Fiber Optic,29,No,No,Yes,No,No,No,No,Yes,Month-to-Month,Yes,Bank Withdrawal,74.8,321.9,0.0,0,29.04,1,2,80.475,5882
Male,38,No,No,0,0,38,No Offer,Yes,22.23,No,No,No Internet,0,No,No,No,No,No,No,No,No,One Year,No,Credit Card,20.1,730.1,0.0,0,844.74,3,0,19.21315789473684,2907
Male,46,No,No,0,0,3,Offer E,Yes,14.28,Yes,Yes,Fiber Optic,21,No,No,No,No,No,Yes,Yes,Yes,Month-to-Month,Yes,Bank Withdrawal,85.3,264.8,0.0,0,42.84,1,3,88.26666666666667,4934
Female,78,Yes,Yes,0,1,6,No Offer,Yes,28.71,Yes,Yes,Fiber Optic,17,No,No,No,No,No,Yes,No,Yes,Month-to-Month,Yes,Bank Withdrawal,84.35,474.9,0.0,0,172.26,3,2,79.14999999999999,5721
Female,48,No,No,0,0,9,No Offer,Yes,40.73,No,Yes,DSL,29,No,No,No,No,No,No,No,Yes,Month-to-Month,Yes,Bank Withdrawal,43.75,405.7,5.9,0,366.57,3,1,45.077777777777776,5644
Female,32,No,Yes,3,2,60,No Offer,Yes,23.68,No,No,No Internet,0,No,No,No,No,No,No,No,No,Two Year,Yes,Credit Card,19.25,1103.25,0.0,0,1420.8,4,0,18.3875,6134
Female,75,Yes,Yes,0,1,8,No Offer,Yes,46.05,Yes,Yes,Fiber Optic,22,No,No,No,No,No,Yes,No,Yes,Month-to-Month,Yes,Bank Withdrawal,84.0,613.4,0.0,0,368.4,3,2,76.675,4819
Male,35,No,Yes,2,9,69,No Offer,Yes,42.45,Yes,Yes,Fiber Optic,27,No,Yes,Yes,No,Yes,No,No,Yes,One Year,No,Credit Card,95.75,6511.25,0.0,0,2929.05,4,4,94.3659420289855,5561
Female,72,Yes,No,0,0,66,No Offer,Yes,45.59,Yes,Yes,Fiber Optic,24,No,Yes,No,No,No,No,No,No,Month-to-Month,Yes,Credit Card,80.45,5224.35,0.0,140,3008.94,2,1,79.15681818181818,5011
Female,71,Yes,No,0,0,63,Offer B,Yes,15.62,Yes,Yes,DSL,18,Yes,Yes,Yes,Yes,Yes,No,No,Yes,One Year,No,Bank Withdrawal,83.0,5243.05,0.0,0,984.06,3,6,83.22301587301588,5428
Female,42,No,No,0,0,13,Offer D,Yes,46.3,No,No,No Internet,0,No,No,No,No,No,No,No,No,Month-to-Month,No,Credit Card,19.45,232.1,0.0,0,601.9,5,0,17.853846153846153,2783
Male,31,No,Yes,3,4,67,Offer A,Yes,13.26,No,Yes,Fiber Optic,76,No,Yes,Yes,Yes,Yes,Yes,Yes,Yes,Two Year,No,Bank Withdrawal,103.15,6895.5,0.0,0,888.42,3,7,102.91791044776119,4376
Male,49,No,Yes,3,2,19,Offer D,Yes,32.47,No,No,No Internet,0,No,No,No,No,No,No,No,No,One Year,No,Credit Card,19.9,357.7,0.0,0,616.93,5,0,18.826315789473682,5964
Female,55,No,No,0,0,32,No Offer,Yes,4.61,Yes,Yes,Fiber Optic,12,Yes,No,Yes,Yes,Yes,Yes,Yes,Yes,One Year,Yes,Bank Withdrawal,109.55,3608.0,0.0,0,147.52,3,7,112.75,5076
Male,56,No,No,0,0,1,Offer E,Yes,38.05,No,Yes,Cable,14,Yes,No,No,No,No,No,No,Yes,Month-to-Month,Yes,Credit Card,50.7,50.7,0.0,0,38.05,3,2,50.7,3007
Female,60,No,Yes,2,1,38,No Offer,Yes,36.72,No,No,No Internet,0,No,No,No,No,No,No,No,No,One Year,No,Credit Card,19.6,763.1,0.0,0,1395.36,3,0,20.08157894736842,4623
Male,63,No,No,0,0,7,No Offer,Yes,38.07,Yes,Yes,Fiber Optic,28,No,No,No,No,No,No,No,Yes,Month-to-Month,No,Bank Withdrawal,73.6,520.0,0.0,0,266.49,1,1,74.28571428571429,2679
Male,50,No,No,0,0,69,No Offer,Yes,2.52,No,Yes,Fiber Optic,24,No,Yes,Yes,Yes,Yes,Yes,Yes,Yes,One Year,Yes,Bank Withdrawal,104.05,7262.0,0.0,0,173.88,3,7,105.2463768115942,4254
Female,42,No,No,0,0,4,Offer E,Yes,29.11,Yes,Yes,Fiber Optic,9,No,No,No,No,No,No,No,Yes,Month-to-Month,No,Bank Withdrawal,75.35,338.1,0.0,0,116.44,1,1,84.525,2220
Male,57,No,Yes,3,1,55,Offer B,Yes,40.94,No,No,No Internet,0,No,No,No,No,No,No,No,No,Two Year,No,Credit Card,20.5,1177.95,5.83,0,2251.7,5,0,21.417272727272728,5011
Female,28,No,No,0,0,9,No Offer,Yes,13.05,No,Yes,Fiber Optic,73,Yes,No,No,No,No,No,No,Yes,Month-to-Month,Yes,Bank Withdrawal,74.85,708.2,0.0,0,117.45,3,2,78.6888888888889,5770
Female,40,No,Yes,2,4,44,Offer B,Yes,24.71,Yes,Yes,Fiber Optic,27,No,Yes,Yes,No,No,Yes,Yes,No,One Year,No,Bank Withdrawal,94.4,4295.35,0.0,40,1087.24,5,4,97.62159090909091,5019
Male,37,No,Yes,0,0,29,No Offer,Yes,28.37,Yes,Yes,Fiber Optic,12,Yes,Yes,No,No,No,No,No,Yes,Month-to-Month,Yes,Bank Withdrawal,84.45,2467.1,0.0,0,822.73,1,3,85.07241379310345,2651
Male,39,No,Yes,0,1,7,Offer E,Yes,14.75,No,Yes,Fiber Optic,28,No,No,No,No,No,No,No,No,Month-to-Month,Yes,Bank Withdrawal,69.35,451.1,0.0,10,103.25,1,0,64.44285714285715,4292
Male,40,No,No,0,0,9,Offer E,Yes,48.61,No,No,No Internet,0,No,No,No,No,No,No,No,No,One Year,Yes,Mailed Check,20.15,163.7,0.0,0,437.49,4,0,18.188888888888886,4004
Female,34,No,Yes,0,1,16,No Offer,Yes,6.82,Yes,Yes,Fiber Optic,7,No,No,No,No,Yes,No,No,Yes,Month-to-Month,Yes,Bank Withdrawal,84.95,1378.25,0.0,0,109.12,3,2,86.140625,3075
Female,80,Yes,No,0,0,30,No Offer,Yes,41.93,Yes,Yes,Fiber Optic,21,No,Yes,Yes,No,Yes,Yes,No,Yes,Two Year,Yes,Bank Withdrawal,104.1,3121.1,0.0,0,1257.9,4,5,104.03666666666666,5655
Female,53,No,No,0,0,6,No Offer,Yes,11.81,No,Yes,Fiber Optic,24,No,No,No,No,Yes,Yes,Yes,Yes,Month-to-Month,Yes,Bank Withdrawal,91.1,455.3,0.0,0,70.86,2,4,75.88333333333334,2266
Male,42,No,Yes,1,7,7,Offer E,Yes,28.7,No,Yes,DSL,17,No,No,No,No,No,No,No,Yes,Month-to-Month,No,Bank Withdrawal,44.75,333.65,0.0,0,200.9,5,1,47.66428571428571,4699
Female,70,Yes,No,0,0,10,No Offer,Yes,16.85,No,Yes,Fiber Optic,30,No,No,Yes,No,No,Yes,Yes,Yes,Month-to-Month,Yes,Credit Card,84.6,865.55,0.0,0,168.5,3,4,86.55499999999999,3320
Male,62,No,No,0,0,22,No Offer,Yes,37.11,No,Yes,DSL,15,Yes,No,No,Yes,No,No,No,Yes,Month-to-Month,No,Mailed Check,55.1,1253.15,0.0,0,816.42,3,3,56.96136363636364,2729
Male,47,No,No,0,0,23,Offer D,Yes,18.7,Yes,Yes,Fiber Optic,24,No,No,Yes,No,No,No,No,Yes,Month-to-Month,Yes,Bank Withdrawal,81.0,1917.1,0.0,0,430.1,2,2,83.35217391304347,5701
Male,47,No,Yes,0,7,32,No Offer,Yes,44.45,No,Yes,DSL,6,Yes,Yes,No,Yes,No,Yes,Yes,Yes,One Year,No,Credit Card,70.5,2201.75,0.0,0,1422.4,4,6,68.8046875,5870
Female,48,No,No,0,0,25,No Offer,Yes,1.37,No,Yes,DSL,21,Yes,Yes,Yes,Yes,Yes,No,No,Yes,One Year,No,Credit Card,74.3,1863.8,0.0,0,34.25,1,6,74.55199999999999,5175
Male,67,Yes,No,0,0,9,No Offer,Yes,30.8,Yes,Yes,Fiber Optic,18,No,No,No,No,No,Yes,No,Yes,Month-to-Month,Yes,Credit Card,84.4,732.5,0.0,0,277.2,2,2,81.38888888888889,5745
Female,26,No,No,0,0,38,No Offer,Yes,36.18,No,Yes,Fiber Optic,48,Yes,Yes,Yes,No,No,No,Yes,Yes,Month-to-Month,Yes,Credit Card,83.9,3233.6,0.0,0,1374.84,1,5,85.09473684210526,2157
Female,42,No,No,0,0,69,Offer A,Yes,18.47,Yes,Yes,DSL,28,Yes,No,Yes,Yes,Yes,Yes,Yes,Yes,Two Year,Yes,Credit Card,85.35,5897.4,0.0,0,1274.43,3,7,85.4695652173913,6499
Male,22,No,No,0,0,56,Offer B,Yes,48.32,Yes,Yes,DSL,59,Yes,Yes,No,Yes,No,No,No,Yes,One Year,Yes,Bank Withdrawal,64.65,3665.55,0.0,0,2705.92,3,4,65.45625,4656
Female,51,No,No,0,0,17,No Offer,Yes,7.66,No,Yes,Fiber Optic,17,No,No,No,No,No,No,No,No,Month-to-Month,Yes,Bank Withdrawal,70.0,1144.5,0.0,80,130.22,1,0,67.32352941176471,4390
Female,34,No,No,0,0,21,Offer D,No,0.0,No,Yes,DSL,4,Yes,No,No,Yes,No,No,No,Yes,Two Year,No,Credit Card,35.1,770.4,0.0,0,0.0,4,3,36.68571428571428,2991
Female,23,No,No,0,0,1,Offer E,Yes,32.86,Yes,Yes,Fiber Optic,58,No,No,No,No,No,No,No,Yes,Month-to-Month,Yes,Mailed Check,75.05,75.05,0.0,0,32.86,2,1,75.05,4838
Female,69,Yes,No,0,0,2,Offer E,Yes,43.96,Yes,Yes,Fiber Optic,14,No,No,Yes,No,No,No,No,Yes,Month-to-Month,Yes,Bank Withdrawal,78.55,149.55,0.0,0,87.92,2,2,74.775,5203
Male,27,No,Yes,0,6,14,No Offer,Yes,4.05,No,Yes,DSL,59,No,No,Yes,No,No,No,No,Yes,Month-to-Month,No,Credit Card,50.2,668.85,0.0,0,56.7,3,2,47.775,4253
Male,71,Yes,Yes,0,9,64,Offer B,Yes,16.33,Yes,Yes,Fiber Optic,10,Yes,No,Yes,Yes,Yes,Yes,No,Yes,Two Year,Yes,Bank Withdrawal,111.6,7099.0,0.0,0,1045.12,4,6,110.921875,4881
Male,48,No,Yes,3,1,71,Offer A,Yes,15.71,Yes,Yes,DSL,57,Yes,Yes,Yes,Yes,Yes,Yes,Yes,No,Two Year,No,Credit Card,90.3,6287.3,0.0,100,1115.41,3,7,88.55352112676057,6291
Female,45,No,Yes,2,6,9,Offer E,Yes,16.13,No,No,No Internet,0,No,No,No,No,No,No,No,No,Two Year,No,Credit Card,19.75,210.65,0.0,0,145.17,4,0,23.405555555555555,2427
Female,24,No,No,0,0,60,No Offer,Yes,15.29,Yes,Yes,Fiber Optic,48,No,No,Yes,No,No,No,No,Yes,One Year,Yes,Bank Withdrawal,79.2,4765.0,0.0,0,917.4,3,2,79.41666666666667,5687
Male,54,No,No,3,0,29,Offer C,Yes,2.0,No,No,No Internet,0,No,No,No,No,No,No,No,No,One Year,No,Mailed Check,19.85,535.05,0.0,0,58.0,4,0,18.45,2941
Female,21,No,Yes,0,1,70,Offer A,Yes,41.88,Yes,Yes,Fiber Optic,59,No,Yes,Yes,Yes,Yes,Yes,Yes,No,One Year,Yes,Bank Withdrawal,109.5,7674.55,0.0,150,2931.6,2,6,109.63642857142857,4191
Male,57,No,Yes,0,6,37,No Offer,Yes,4.5,Yes,Yes,DSL,9,Yes,No,Yes,Yes,No,No,No,Yes,Two Year,Yes,Credit Card,62.8,2278.75,16.97,0,166.5,3,4,61.58783783783784,5229
Male,40,No,No,0,0,3,No Offer,Yes,12.05,No,No,No Internet,0,No,No,No,No,No,No,No,No,One Year,No,Credit Card,21.2,52.05,0.0,0,36.15,5,0,17.349999999999998,2088
Male,75,Yes,No,0,0,11,No Offer,Yes,48.33,Yes,Yes,DSL,17,Yes,Yes,No,No,No,No,No,No,Two Year,No,Bank Withdrawal,60.25,662.95,0.0,120,531.63,3,2,60.26818181818182,5296
Male,50,No,No,0,0,66,Offer A,Yes,45.54,No,No,No Internet,0,No,No,No,No,No,No,No,No,Two Year,No,Bank Withdrawal,19.7,1253.8,0.0,0,3005.64,3,0,18.996969696969696,4601
Female,65,Yes,Yes,0,5,62,No Offer,Yes,11.41,Yes,Yes,Fiber Optic,25,No,Yes,Yes,No,Yes,No,No,Yes,One Year,Yes,Credit Card,97.95,5936.55,0.0,0,707.42,5,4,95.7508064516129,5428
Male,62,No,No,0,0,53,Offer B,No,0.0,No,Yes,Cable,17,No,No,Yes,Yes,Yes,Yes,Yes,Yes,One Year,No,Credit Card,54.9,3045.75,0.0,0,0.0,4,6,57.466981132075475,5677
Female,75,Yes,Yes,0,3,3,No Offer,Yes,7.38,No,Yes,Fiber Optic,11,No,No,No,Yes,Yes,No,No,Yes,Month-to-Month,Yes,Credit Card,83.9,267.4,0.0,0,22.14,1,3,89.13333333333333,3464
Male,61,No,Yes,2,4,41,Offer B,Yes,28.55,Yes,Yes,Cable,20,Yes,Yes,Yes,No,Yes,No,No,Yes,Month-to-Month,Yes,Credit Card,74.55,3023.55,0.0,0,1170.55,3,5,73.74512195121952,2748
Male,49,No,No,0,0,2,Offer E,Yes,22.56,No,Yes,Fiber Optic,15,Yes,Yes,No,No,Yes,Yes,Yes,No,Month-to-Month,No,Bank Withdrawal,100.2,198.5,0.0,10,45.12,3,5,99.25,4855
Female,68,Yes,No,0,0,60,No Offer,Yes,34.39,Yes,Yes,Fiber Optic,17,No,No,Yes,Yes,Yes,Yes,No,No,One Year,Yes,Bank Withdrawal,106.0,6441.4,0.0,110,2063.4,3,4,107.35666666666665,5507
Female,56,No,Yes,0,7,28,No Offer,Yes,33.09,No,Yes,Fiber Optic,19,No,Yes,Yes,No,No,Yes,Yes,Yes,Month-to-Month,No,Credit Card,89.9,2433.5,0.0,0,926.52,4,5,86.91071428571429,3676
Male,73,Yes,Yes,0,10,54,No Offer,Yes,35.16,Yes,Yes,Fiber Optic,5,No,No,No,No,No,No,No,Yes,Month-to-Month,No,Bank Withdrawal,74.0,3919.15,0.0,0,1898.64,5,1,72.57685185185186,4991
Male,26,No,No,0,0,37,Offer C,Yes,38.72,Yes,Yes,Fiber Optic,59,No,Yes,No,Yes,Yes,Yes,Yes,Yes,One Year,Yes,Credit Card,104.5,3778.0,0.0,0,1432.64,3,6,102.10810810810811,4812
Male,33,No,Yes,1,2,2,No Offer,Yes,30.87,No,Yes,DSL,19,No,No,No,No,No,No,No,Yes,Month-to-Month,Yes,Bank Withdrawal,44.5,90.05,0.0,0,61.74,5,1,45.025,5456
Male,63,No,Yes,0,1,25,No Offer,Yes,35.27,No,Yes,Fiber Optic,4,No,No,No,No,Yes,Yes,Yes,No,One Year,Yes,Bank Withdrawal,90.4,2178.6,0.0,140,881.75,3,3,87.14399999999999,5801
Female,67,Yes,Yes,0,1,50,Offer B,Yes,31.56,Yes,Yes,Fiber Optic,4,No,Yes,Yes,No,Yes,No,No,No,Month-to-Month,Yes,Bank Withdrawal,95.05,4888.7,0.0,50,1578.0,3,3,97.774,5863
Male,73,Yes,Yes,1,8,68,No Offer,Yes,35.14,No,No,No Internet,0,No,No,No,No,No,No,No,No,One Year,No,Bank Withdrawal,19.5,1193.55,0.0,0,2389.52,3,0,17.55220588235294,5443
Male,73,Yes,Yes,0,9,61,No Offer,Yes,34.24,Yes,Yes,DSL,20,No,Yes,No,No,No,Yes,Yes,Yes,One Year,No,Bank Withdrawal,64.05,3902.6,0.0,0,2088.64,4,4,63.97704918032787,4001
Male,58,No,Yes,3,8,28,No Offer,No,0.0,No,Yes,DSL,52,No,Yes,Yes,Yes,Yes,Yes,Yes,Yes,One Year,Yes,Credit Card,60.0,1682.05,0.0,0,0.0,5,7,60.073214285714286,2797
Female,35,No,Yes,2,3,57,Offer B,Yes,42.18,No,Yes,Fiber Optic,22,No,Yes,No,No,Yes,Yes,Yes,Yes,One Year,Yes,Bank Withdrawal,95.0,5535.8,0.0,0,2404.26,5,5,97.11929824561403,6245
Female,58,No,No,0,0,71,Offer A,Yes,17.9,Yes,Yes,Fiber Optic,21,Yes,Yes,Yes,Yes,Yes,Yes,Yes,Yes,Two Year,Yes,Bank Withdrawal,118.65,8477.6,0.0,0,1270.9,3,8,119.40281690140846,4296
Male,39,No,Yes,0,1,40,Offer B,No,0.0,No,Yes,DSL,21,Yes,Yes,Yes,No,No,No,No,Yes,One Year,Yes,Bank Withdrawal,42.35,1716.45,0.0,0,0.0,1,4,42.91125,5422
Female,20,No,Yes,2,1,41,No Offer,Yes,32.29,No,Yes,DSL,69,Yes,Yes,No,Yes,Yes,Yes,Yes,Yes,Two Year,No,Bank Withdrawal,78.45,3126.45,0.0,0,1323.89,3,7,76.25487804878048,5468
Male,31,No,No,0,0,52,No Offer,Yes,21.98,No,No,No Internet,0,No,No,No,No,No,No,No,No,Two Year,No,Credit Card,19.65,1025.05,0.0,0,1142.96,4,0,19.7125,5157
Male,50,No,No,0,0,47,No Offer,Yes,47.73,Yes,Yes,Fiber Optic,25,Yes,Yes,No,Yes,Yes,No,No,Yes,Month-to-Month,No,Credit Card,100.75,4669.2,0.0,0,2243.31,3,5,99.34468085106383,2508
Male,46,No,Yes,0,4,50,Offer B,Yes,10.33,Yes,Yes,DSL,6,No,No,Yes,No,No,No,No,Yes,One Year,No,Bank Withdrawal,54.9,2614.1,0.0,0,516.5,4,2,52.282,4322
Female,42,No,No,0,0,44,Offer B,Yes,13.45,No,No,No Internet,0,No,No,No,No,No,No,No,No,Two Year,No,Mailed Check,19.9,868.1,0.0,0,591.8,5,0,19.729545454545455,2809
Male,26,No,No,0,0,12,No Offer,Yes,41.11,No,No,No Internet,0,No,No,No,No,No,No,No,No,Month-to-Month,No,Mailed Check,20.45,255.35,0.0,0,493.32,5,0,21.279166666666665,4883
Male,25,No,No,0,0,1,No Offer,Yes,36.07,No,Yes,Fiber Optic,41,No,No,Yes,No,Yes,No,Yes,Yes,Month-to-Month,Yes,Bank Withdrawal,84.85,84.85,0.0,0,36.07,1,4,84.85,3086
Male,73,Yes,No,0,0,4,Offer E,No,0.0,No,Yes,DSL,19,No,No,No,No,No,No,No,Yes,Month-to-Month,Yes,Bank Withdrawal,25.2,102.5,0.0,0,0.0,3,1,25.625,4694
Male,68,Yes,No,0,0,31,Offer C,Yes,15.35,Yes,Yes,Fiber Optic,10,No,No,Yes,Yes,Yes,No,No,Yes,Two Year,Yes,Bank Withdrawal,96.6,2877.95,0.0,0,475.85,5,4,92.83709677419354,3364
Female,58,No,No,0,0,1,No Offer,Yes,32.13,No,Yes,Fiber Optic,15,No,No,No,No,Yes,No,No,No,Month-to-Month,No,Bank Withdrawal,79.55,79.55,0.0,10,32.13,2,1,79.55,5082
Male,48,No,No,0,0,16,No Offer,Yes,24.79,No,No,No Internet,0,No,No,No,No,No,No,No,No,Month-to-Month,No,Credit Card,19.75,294.9,0.0,0,396.64,5,0,18.43125,5433
Male,34,No,Yes,0,1,19,Offer D,Yes,28.04,Yes,Yes,Fiber Optic,22,No,No,Yes,Yes,Yes,Yes,Yes,Yes,Month-to-Month,No,Bank Withdrawal,103.3,2012.7,0.0,0,532.76,3,6,105.93157894736842,2349
Female,54,No,No,0,0,19,Offer D,Yes,36.88,Yes,Yes,DSL,27,No,No,Yes,No,No,No,No,Yes,Month-to-Month,Yes,Credit Card,56.1,1033.9,0.0,0,700.72,3,2,54.415789473684214,3367
Male,31,No,No,1,0,15,Offer D,Yes,30.22,Yes,Yes,Fiber Optic,12,No,Yes,No,No,Yes,No,No,Yes,Month-to-Month,Yes,Bank Withdrawal,91.0,1430.05,0.0,0,453.3,4,3,95.33666666666666,4602
Male,48,No,Yes,0,10,43,Offer B,Yes,7.63,No,Yes,Fiber Optic,20,Yes,Yes,Yes,No,No,No,No,Yes,Month-to-Month,Yes,Credit Card,86.1,3551.65,0.0,0,328.09,3,4,82.59651162790698,2358
Female,41,No,No,0,0,33,No Offer,Yes,10.28,Yes,Yes,Cable,7,Yes,No,No,Yes,No,No,No,Yes,One Year,No,Bank Withdrawal,59.4,1952.8,0.0,0,339.24,3,3,59.17575757575757,2853
Female,20,No,No,0,0,25,Offer C,Yes,32.33,Yes,Yes,Fiber Optic,51,No,Yes,Yes,Yes,Yes,Yes,Yes,Yes,Two Year,No,Bank Withdrawal,108.9,2809.05,0.0,0,808.25,4,7,112.36200000000001,4398
Female,28,No,No,0,0,13,Offer D,No,0.0,No,Yes,Cable,53,No,No,No,No,No,Yes,Yes,Yes,Month-to-Month,Yes,Bank Withdrawal,35.1,446.1,0.0,0,0.0,3,3,34.315384615384616,3104
Male,58,No,No,2,0,18,Offer D,Yes,34.07,No,Yes,DSL,28,No,No,No,No,No,No,No,No,Month-to-Month,Yes,Credit Card,45.65,747.2,0.0,40,613.26,5,0,41.51111111111111,4403
Male,33,No,Yes,1,1,37,Offer C,Yes,38.89,Yes,Yes,Fiber Optic,29,No,Yes,Yes,No,Yes,No,No,Yes,Month-to-Month,Yes,Bank Withdrawal,92.95,3415.25,0.0,0,1438.93,4,4,92.30405405405405,3462
Male,79,Yes,Yes,0,10,2,Offer E,Yes,33.1,No,Yes,Fiber Optic,11,No,No,Yes,No,Yes,Yes,No,No,One Year,Yes,Credit Card,95.5,181.65,0.0,10,66.2,5,3,90.825,4449
Male,36,No,No,3,0,71,No Offer,Yes,4.89,Yes,No,No Internet,0,No,No,No,No,No,No,No,No,Two Year,No,Credit Card,24.35,1654.6,0.0,0,347.19,4,0,23.304225352112674,4155
Female,50,No,No,0,0,3,No Offer,Yes,14.35,Yes,Yes,Fiber Optic,17,No,No,No,No,No,No,No,Yes,Month-to-Month,No,Bank Withdrawal,76.1,257.6,0.0,0,43.05,4,1,85.86666666666667,2650
Female,35,No,No,0,0,32,Offer C,Yes,15.53,No,No,No Internet,0,No,No,No,No,No,No,No,No,Month-to-Month,No,Bank Withdrawal,19.9,601.55,0.0,0,496.96,3,0,18.7984375,4374
Female,71,Yes,No,0,0,14,No Offer,No,0.0,No,Yes,Cable,5,No,No,No,No,Yes,Yes,Yes,Yes,Two Year,Yes,Bank Withdrawal,46.35,672.7,0.0,0,0.0,4,4,48.050000000000004,2056
Female,56,No,No,0,0,28,Offer C,Yes,30.28,Yes,Yes,Fiber Optic,30,No,Yes,No,No,No,Yes,Yes,Yes,Month-to-Month,Yes,Bank Withdrawal,89.95,2625.55,0.0,0,847.84,1,4,93.76964285714287,2468
Female,80,Yes,No,0,0,1,Offer E,Yes,35.09,No,Yes,Fiber Optic,17,No,No,Yes,No,No,No,No,No,Month-to-Month,Yes,Bank Withdrawal,75.3,75.3,0.0,20,35.09,2,1,75.3,4902
Male,60,No,No,0,0,54,No Offer,Yes,18.54,Yes,Yes,DSL,26,Yes,No,Yes,Yes,Yes,Yes,Yes,No,Two Year,No,Bank Withdrawal,87.1,4735.2,0.0,80,1001.16,3,6,87.68888888888888,5418
Male,62,No,Yes,3,6,29,No Offer,No,0.0,No,Yes,DSL,57,Yes,Yes,Yes,Yes,No,Yes,Yes,Yes,One Year,Yes,Credit Card,55.35,1636.95,0.0,0,0.0,3,7,56.44655172413793,5138
Female,46,No,No,0,0,54,No Offer,Yes,36.68,No,Yes,DSL,28,Yes,No,Yes,Yes,Yes,Yes,Yes,No,Two Year,No,Bank Withdrawal,80.6,4299.95,0.0,140,1980.72,4,6,79.6287037037037,4231
Male,25,No,Yes,3,0,13,No Offer,Yes,6.18,No,Yes,Cable,59,No,No,No,No,No,No,No,No,Month-to-Month,No,Bank Withdrawal,44.8,559.2,37.49,90,80.34,3,0,43.01538461538462,4680
Female,42,No,No,0,0,4,No Offer,Yes,9.81,No,Yes,DSL,30,No,Yes,No,No,No,No,No,Yes,Month-to-Month,No,Credit Card,50.7,151.3,0.0,0,39.24,3,2,37.825,4930
Female,25,No,No,0,0,48,No Offer,Yes,13.67,Yes,No,No Internet,0,No,No,No,No,No,No,No,No,One Year,No,Bank Withdrawal,24.35,1133.7,0.0,0,656.16,5,0,23.618750000000002,4200
Female,32,No,Yes,3,6,68,No Offer,Yes,16.09,Yes,Yes,Fiber Optic,53,No,Yes,No,Yes,Yes,Yes,Yes,Yes,Two Year,Yes,Credit Card,103.75,7039.45,0.0,0,1094.12,3,6,103.52132352941176,4121
Female,74,Yes,No,0,0,3,No Offer,Yes,46.65,No,Yes,Fiber Optic,25,No,No,Yes,No,No,No,No,Yes,Two Year,No,Bank Withdrawal,73.85,196.4,0.0,0,139.95,4,2,65.46666666666667,2868
Male,34,No,No,0,0,13,Offer D,Yes,7.33,No,No,No Internet,0,No,No,No,No,No,No,No,No,One Year,Yes,Bank Withdrawal,19.95,253.8,0.0,0,95.29,3,0,19.523076923076925,2252
Male,71,Yes,No,0,0,2,Offer E,Yes,37.97,No,Yes,DSL,9,No,No,Yes,No,No,No,No,Yes,Two Year,No,Mailed Check,49.95,107.1,0.0,0,75.94,5,2,53.55,5251
Female,44,No,No,0,0,1,Offer E,Yes,44.94,No,Yes,Fiber Optic,16,No,No,No,No,No,Yes,Yes,Yes,Month-to-Month,Yes,Bank Withdrawal,81.95,81.95,0.0,0,44.94,1,3,81.95,5622
Female,20,No,Yes,0,1,8,Offer E,Yes,28.37,No,No,No Internet,0,No,No,No,No,No,No,No,No,One Year,No,Bank Withdrawal,19.8,160.05,0.0,0,226.96,4,0,20.00625,5698
Female,22,No,No,0,0,53,Offer B,Yes,8.33,No,Yes,Fiber Optic,73,No,Yes,Yes,No,Yes,Yes,Yes,Yes,One Year,Yes,Mailed Check,100.3,5200.8,0.0,0,441.49,4,6,98.12830188679246,5377
Male,56,No,Yes,3,2,38,No Offer,Yes,13.67,Yes,Yes,Cable,30,No,Yes,Yes,No,Yes,Yes,Yes,Yes,One Year,No,Credit Card,78.95,2862.55,0.0,0,519.46,5,6,75.33026315789475,2125
Male,72,Yes,Yes,0,2,57,No Offer,Yes,48.16,Yes,Yes,DSL,10,No,Yes,Yes,No,Yes,No,No,Yes,One Year,Yes,Credit Card,71.1,4140.1,0.0,0,2745.12,5,4,72.63333333333334,5462
Male,61,No,Yes,0,1,7,No Offer,Yes,5.13,No,Yes,DSL,4,No,No,Yes,No,No,No,No,Yes,Month-to-Month,No,Bank Withdrawal,48.7,340.25,0.0,0,35.91,2,2,48.607142857142854,2984
Male,23,No,No,2,0,52,No Offer,Yes,22.65,No,No,No Internet,0,No,No,No,No,No,No,No,No,One Year,No,Credit Card,19.65,928.4,0.0,0,1177.8,4,0,17.853846153846153,4279
Female,42,No,Yes,0,1,32,No Offer,Yes,45.26,No,No,No Internet,0,No,No,No,No,No,No,No,No,One Year,No,Credit Card,19.3,593.2,0.0,0,1448.32,5,0,18.5375,5817
Female,50,No,No,0,0,1,No Offer,Yes,3.84,No,Yes,Fiber Optic,2,No,No,Yes,No,No,No,No,Yes,Month-to-Month,No,Bank Withdrawal,73.5,73.5,0.0,0,3.84,2,2,73.5,4378
Female,74,Yes,Yes,0,1,24,Offer C,No,0.0,No,Yes,Cable,29,No,No,Yes,No,No,Yes,No,Yes,Month-to-Month,Yes,Credit Card,40.65,933.3,0.0,0,0.0,1,3,38.887499999999996,3843
Female,37,No,No,0,0,3,No Offer,Yes,34.89,No,Yes,Cable,13,No,No,No,No,No,No,No,No,Month-to-Month,No,Credit Card,44.75,148.05,0.0,10,104.67,5,0,49.35,3422
Male,52,No,No,0,0,30,Offer C,Yes,24.73,No,Yes,Fiber Optic,20,Yes,Yes,Yes,No,No,No,No,No,Month-to-Month,Yes,Credit Card,84.3,2438.6,0.0,130,741.9,4,3,81.28666666666666,5393
Female,39,No,Yes,2,4,12,No Offer,Yes,39.59,Yes,No,No Internet,0,No,No,No,No,No,No,No,No,Two Year,No,Credit Card,25.25,274.7,0.0,0,475.08,3,0,22.891666666666666,2646
Female,19,No,Yes,2,0,69,Offer A,Yes,25.18,No,No,No Internet,0,No,No,No,No,No,No,No,No,Two Year,No,Credit Card,19.4,1346.2,0.0,0,1737.42,5,0,19.51014492753623,6408
Female,46,No,Yes,0,5,27,No Offer,Yes,40.21,No,Yes,DSL,13,Yes,Yes,Yes,Yes,No,No,No,Yes,One Year,No,Credit Card,66.15,1874.45,0.0,0,1085.67,3,5,69.42407407407407,3213
Male,50,No,Yes,2,8,12,Offer D,Yes,33.9,No,No,No Internet,0,No,No,No,No,No,No,No,No,Month-to-Month,Yes,Bank Withdrawal,21.15,306.05,0.0,0,406.8,4,0,25.504166666666666,5209
Female,39,No,No,0,0,57,No Offer,Yes,17.55,No,Yes,Fiber Optic,15,No,No,Yes,No,Yes,Yes,Yes,Yes,Two Year,Yes,Bank Withdrawal,95.25,5464.65,0.0,0,1000.35,1,5,95.87105263157895,5789
Female,39,No,Yes,3,8,50,Offer B,Yes,10.21,No,Yes,Fiber Optic,23,No,No,No,No,No,No,No,Yes,Month-to-Month,Yes,Bank Withdrawal,69.75,3557.7,0.0,0,510.5,5,1,71.154,4539
Female,70,Yes,Yes,2,1,66,No Offer,Yes,44.38,Yes,Yes,Fiber Optic,28,Yes,Yes,No,Yes,Yes,Yes,No,Yes,One Year,Yes,Credit Card,110.6,7210.85,0.0,0,2929.08,4,6,109.25530303030304,5418
